Ad_ID,Campaign_Name,Clicks,Impressions,Cost,Leads,Conversions,Conversion Rate,Sale_Amount,Ad_Date,Location,Device,Keyword,CTR,CPC,ROAS
A1000,data analytics course,104,4498,231.88,14,7,0.058,1892,20241116,hyderabad,desktop,learn data analytics,0.023121387283236993,2.2296153846153848,8.159392789373815
A1001,data analytics course,173,5107,216.84,10,8,0.046,1679,20112024,hyderabad,mobile,data analytics course,0.033875073428627375,1.2534104046242776,7.743036340158643
A1002,data analytics course,90,4544,203.66,26,9,0.046,1624,20241116,hyderabad,desktop,data analytics online,0.019806338028169015,2.262888888888889,7.974074437788471
A1003,data analytics course,142,3185,237.66,17,6,0.046,1225,20241126,hyderabad,tablet,data analytics training,0.0445839874411303,1.673661971830986,5.154422283935033
A1004,data analytics course,156,3361,195.9,30,8,0.046,1091,20241122,hyderabad,desktop,online data analytics,0.046414757512645045,1.2557692307692307,5.569167942827973
A1005,data analytics course,195,3776,243.57,10,8,0.046,1315,16112024,hyderabad,mobile,data analytics training,0.051641949152542374,1.249076923076923,5.398858644332225
A1006,data analytics course,116,4480,237.79,17,5,0.043,1640,6112024,hyderabad,tablet,data analytics course,0.025892857142857145,2.0499137931034483,6.896841751124942
A1007,data analytics course,184,5060,229.61,23,3,0.016,1509,20241124,hyderabad,tablet,analytics for data,0.03636363636363636,1.2478804347826087,6.57201341404991
A1008,data analytics course,113,5434,215.57,27,4,0.058,1362,20241124,hyderabad,tablet,data analytics training,0.020794994479205006,1.9076991150442477,6.318133320963028
A1009,data analytics course,166,3355,186.78,24,9,0.054,1029,20241112,hyderabad,mobile,online data analytics,0.04947839046199702,1.1251807228915662,5.509155155798266
A1010,data analytics course,101,5399,236.79,20,6,0.059,1900,14112024,hyderabad,desktop,learn data analytics,0.018707167994072977,2.3444554455445545,8.023987499472106
A1011,data analytics course,101,3613,208.12,24,5,0.05,1130,20241122,hyderabad,desktop,online data analytics,0.027954608358704676,2.0605940594059406,5.4295598693061695
A1012,data analytics course,125,3259,191.3,18,3,0.024,1959,20241127,hyderabad,desktop,data analytics online,0.03835532371893219,1.5304,10.240460010454782
A1013,data analytics course,196,3742,207.46,10,7,0.038,1623,12112024,hyderabad,mobile,data analytics training,0.052378407268840195,1.0584693877551021,7.8231948327388405
A1014,data analytics course,181,4311,185.09,11,9,0.05,1538,20241104,hyderabad,desktop,data analytics training,0.041985618186035724,1.022596685082873,8.309471068129017
A1015,data analytics course,102,5461,201.69,22,8,0.078,1755,20241129,hyderabad,desktop,data analytics course,0.01867789782091192,1.9773529411764705,8.701472556894243
A1016,data analytics course,193,5159,215.57,15,9,0.047,1614,20241110,hyderabad,mobile,learn data analytics,0.03741035084318666,1.1169430051813471,7.487127151273368
A1017,data analytics course,149,4431,207.4,19,9,0.06,1693,12112024,hyderabad,mobile,learn data analytics,0.0336267208305123,1.3919463087248323,8.162970106075218
A1018,data analytics course,150,3113,217.41,20,5,0.046,1785,20241107,hyderabad,mobile,analytics for data,0.04818503051718599,1.4494,8.210293914723334
A1019,data analytics course,145,5278,215.57,25,6,0.041,1516,20241105,hyderabad,desktop,data analytics course,0.027472527472527472,1.4866896551724138,7.032518439486014
A1020,data analytics course,184,4143,223.3,10,10,0.044,1735,20241121,hyderabad,tablet,learn data analytics,0.044412261646150135,1.2135869565217392,7.769816390506045
A1021,data analytics course,171,4154,184.23,30,7,0.041,1803,20241108,hyderabad,tablet,data analytics online,0.041165142031776604,1.0773684210526315,9.786679693860934
A1022,data analytics course,122,5187,211.24,27,6,0.049,1322,20241120,hyderabad,desktop,online data analytics,0.023520339309812992,1.7314754098360656,6.258284415830335
A1023,data analytics course,188,5798,230.17,28,5,0.047,1452,30112024,hyderabad,tablet,data analytics course,0.032424974129010006,1.2243085106382978,6.308380762045445
A1024,data analytics course,87,3718,215.57,12,3,0.034,1652,20112024,hyderabad,tablet,learn data analytics,0.023399677245831092,2.477816091954023,7.663403998701118
A1025,data analytics course,88,3349,181.92,22,8,0.091,1456,20241120,hyderabad,tablet,learn data analytics,0.026276500447894893,2.067272727272727,8.003518029903255
A1026,data analytics course,119,5323,205.92,17,10,0.06,1656,20241102,hyderabad,desktop,online data analytics,0.022355814390381364,1.7304201680672269,8.041958041958042
A1027,data analytics course,0,5286,234.89,22,10,0.046,1688,20241121,hyderabad,desktop,data analytics training,0.0,inf,7.186342543318149
A1028,data analytics course,128,5469,188.49,16,3,0.046,1783,20241123,hyderabad,mobile,learn data analytics,0.02340464435911501,1.472578125,9.459387765929227
A1029,data analytics course,86,3351,237.75,21,9,0.105,1975,20241113,hyderabad,mobile,analytics for data,0.025663980901223515,2.76453488372093,8.307045215562566
A1030,data analytics course,188,4834,213.58,15,4,0.021,1590,20241108,hyderabad,tablet,online data analytics,0.03889118742242449,1.136063829787234,7.444517276898585
A1031,data analytics course,113,5065,212.37,11,5,0.046,1111,22112024,hyderabad,desktop,online data analytics,0.022309970384995065,1.8793805309734513,5.231435701841126
A1032,data analytics course,0,3872,244.38,20,4,0.046,1041,12112024,hyderabad,tablet,data analytics online,0.0,inf,4.259759391112202
A1033,data analytics course,176,5509,234.59,19,7,0.054,1710,20241103,hyderabad,tablet,data analytics course,0.03194772190960247,1.3328977272727274,7.289313269960356
A1034,data analytics course,121,5610,214.96,23,8,0.046,1505,20241125,hyderabad,mobile,data analytics course,0.021568627450980392,1.7765289256198349,7.001302567919613
A1035,data analytics course,104,5275,236.48,16,9,0.031,1824,1112024,hyderabad,desktop,data analytics training,0.019715639810426542,2.273846153846154,7.713125845737483
A1036,data analytics course,146,5939,242.9,11,8,0.035,1833,20241107,hyderabad,desktop,data analytics training,0.02458326317561879,1.6636986301369863,7.5463153561136265
A1037,data analytics course,123,5131,215.57,19,5,0.041,1307,9112024,hyderabad,mobile,learn data analytics,0.02397193529526408,1.75260162601626,6.062995778633391
A1038,data analytics course,90,5786,197.55,11,6,0.043,1704,16112024,hyderabad,mobile,online data analytics,0.015554787417905289,2.1950000000000003,8.625664388762338
A1039,data analytics course,171,4304,192.61,17,10,0.058,1427,20241126,hyderabad,mobile,learn data analytics,0.03973048327137547,1.126374269005848,7.408753439592959
A1040,data analytics course,94,5549,231.23,25,9,0.096,1849,20241112,hyderabad,mobile,data analytics training,0.016939989187240944,2.4598936170212764,7.996367253384077
A1041,data analytics course,112,4271,196.07,27,6,0.046,1209,20241114,hyderabad,desktop,data analytics online,0.026223366892999297,1.7506249999999999,6.16616514510124
A1042,data analytics course,113,4418,191.55,27,10,0.046,1634,20241109,hyderabad,mobile,data analytics course,0.02557718424626528,1.695132743362832,8.530409814669799
A1043,data analytics course,145,3721,180.95,21,7,0.048,1960,29112024,hyderabad,desktop,data analytics online,0.038968019349637194,1.2479310344827585,10.831721470019342
A1044,data analytics course,197,5783,204.46,23,6,0.046,1729,1112024,hyderabad,tablet,data analytics training,0.03406536399792495,1.0378680203045685,8.456421793993934
A1045,data analytics course,109,4866,236.78,27,5,0.046,1585,15112024,hyderabad,mobile,online data analytics,0.02240032881216605,2.1722935779816512,6.693977531886139
A1046,data analytics course,188,5857,222.98,20,4,0.048,1303,11112024,hyderabad,desktop,data analytics training,0.032098343862045416,1.186063829787234,5.843573414656023
A1047,data analytics course,142,5103,234.1,24,3,0.021,1835,20241108,hyderabad,mobile,analytics for data,0.02782676856750931,1.6485915492957746,7.838530542503204
A1048,data analytics course,168,4653,240.84,27,9,0.054,1367,20241124,hyderabad,mobile,online data analytics,0.036105738233397806,1.4335714285714285,5.675967447267896
A1049,data analytics course,110,3524,248.86,19,10,0.091,1524,21112024,hyderabad,mobile,learn data analytics,0.031214528944381384,2.2623636363636366,6.123925098448927
A1050,data analytics course,192,5938,182.84,26,5,0.039,1080,20241112,hyderabad,mobile,analytics for data,0.03233411923206467,0.9522916666666666,5.906803762852768
A1051,data analytics course,101,3942,206.62,16,5,0.05,1746,20241124,hyderabad,tablet,analytics for data,0.025621511922881784,2.045742574257426,8.4502952279547
A1052,data analytics course,157,3315,189.56,15,10,0.064,1026,20241125,hyderabad,mobile,online data analytics,0.0473604826546003,1.2073885350318472,5.412534289934586
A1053,data analytics course,113,4945,187.66,15,10,0.046,1564,20241126,hyderabad,tablet,learn data analytics,0.022851365015166835,1.66070796460177,8.33422146435042
A1054,data analytics course,96,3166,196.15,29,7,0.073,1902,26112024,hyderabad,desktop,learn data analytics,0.030322173089071383,2.043229166666667,9.696660718837624
A1055,data analytics course,125,4223,183.68,15,6,0.046,1267,20241105,hyderabad,desktop,data analytics online,0.029599810561212407,1.46944,6.897865853658536
A1056,data analytics course,104,4798,210.1,18,3,0.046,1340,21112024,hyderabad,desktop,analytics for data,0.021675698207586493,2.020192307692308,6.377915278438839
A1057,data analytics course,194,5655,208.58,13,6,0.031,1692,20241116,hyderabad,mobile,data analytics training,0.03430592396109638,1.0751546391752578,8.11199539744942
A1058,data analytics course,144,5140,219.48,19,8,0.047,1054,18112024,hyderabad,desktop,data analytics online,0.02801556420233463,1.5241666666666667,4.80225988700565
A1059,data analytics course,179,3025,238.81,17,3,0.017,1505,20241111,hyderabad,mobile,data analytics online,0.059173553719008266,1.3341340782122906,6.302081152380554
A1060,data analytics course,166,5223,189.76,18,7,0.042,1219,16112024,hyderabad,tablet,data analytics course,0.031782500478652116,1.1431325301204818,6.423903878583475
A1061,data analytics course,166,5089,215.57,26,7,0.042,1946,11112024,hyderabad,tablet,analytics for data,0.03261937512281391,1.2986144578313252,9.027230134063181
A1062,data analytics course,118,5016,204.31,19,9,0.045,1833,20241108,hyderabad,desktop,analytics for data,0.023524720893141945,1.7314406779661018,8.971660711663649
A1063,data analytics course,185,3617,222.32,24,7,0.038,1963,23112024,hyderabad,mobile,data analytics course,0.05114735969035112,1.2017297297297298,8.82961496941346
A1064,data analytics course,116,3764,232.03,28,10,0.086,1348,20241120,hyderabad,tablet,data analytics course,0.030818278427205102,2.0002586206896553,5.809593587036159
A1065,data analytics course,99,4489,183.73,15,6,0.061,1264,20241105,hyderabad,desktop,online data analytics,0.022053909556694142,1.8558585858585857,6.879660371196866
A1066,data analytics course,172,4441,221.18,14,8,0.047,1771,27112024,hyderabad,mobile,analytics for data,0.038730015762215714,1.2859302325581397,8.00705307894023
A1067,data analytics course,138,5751,199.11,26,9,0.052,1337,20241110,hyderabad,desktop,data analytics online,0.023995826812728223,1.442826086956522,6.714881221435387
A1068,data analytics course,84,4036,234.22,23,10,0.119,1287,4112024,hyderabad,desktop,learn data analytics,0.02081268582755203,2.788333333333333,5.494833916830331
A1069,data analytics course,124,4942,240.59,18,3,0.024,1922,20241116,hyderabad,desktop,learn data analytics,0.02509105625252934,1.940241935483871,7.988694459453843
A1070,data analytics course,122,4989,215.48,12,5,0.041,1975,20241106,hyderabad,mobile,data analytics online,0.024453798356384046,1.7662295081967212,9.165583812882867
A1071,data analytics course,180,3006,228.14,22,7,0.039,1556,20241104,hyderabad,tablet,learn data analytics,0.059880239520958084,1.2674444444444444,6.820373454896117
A1072,data analytics course,133,3728,199.13,11,10,0.046,1505,20241109,hyderabad,desktop,data analytics online,0.03567596566523605,1.497218045112782,7.5578767639230655
A1073,data analytics course,164,3734,225.39,27,8,0.04,1728,12112024,hyderabad,tablet,learn data analytics,0.04392072844134976,1.3743292682926829,7.666711034207374
A1074,data analytics course,150,4621,246.3,15,6,0.049,1554,20241109,hyderabad,desktop,data analytics online,0.032460506383899586,1.6420000000000001,6.309378806333739
A1075,data analytics course,97,3212,212.55,27,10,0.103,1994,23112024,hyderabad,desktop,analytics for data,0.030199252801992527,2.191237113402062,9.381322041872501
A1076,data analytics course,128,4225,228.24,30,4,0.031,1618,20241108,hyderabad,mobile,learn data analytics,0.03029585798816568,1.783125,7.089029092183666
A1077,data analytics course,99,4779,233.78,26,10,0.101,1086,20241105,hyderabad,desktop,online data analytics,0.02071563088512241,2.3614141414141416,4.645393104628283
A1078,data analytics course,86,5352,234.05,11,5,0.058,1364,20241109,hyderabad,tablet,online data analytics,0.016068759342301942,2.721511627906977,5.827814569536423
A1079,data analytics course,118,5405,187.28,25,7,0.058,1836,20241105,hyderabad,tablet,analytics for data,0.02183163737280296,1.5871186440677967,9.8035027765912
A1080,data analytics course,127,5430,199.13,14,6,0.047,1932,20241125,hyderabad,mobile,analytics for data,0.023388581952117862,1.5679527559055118,9.702204589966353
A1081,data analytics course,83,4808,241.35,20,7,0.084,1038,30112024,hyderabad,mobile,learn data analytics,0.017262895174708817,2.907831325301205,4.30080795525171
A1082,data analytics course,149,3587,217.53,23,8,0.046,1505,17112024,hyderabad,mobile,data analytics online,0.04153889043769166,1.4599328859060403,6.918585942168896
A1083,data analytics course,168,4683,215.28,30,8,0.048,1327,20241128,hyderabad,mobile,data analytics online,0.03587443946188341,1.2814285714285714,6.1640654031958375
A1084,data analytics course,112,5814,227.38,11,8,0.071,1467,20241103,hyderabad,tablet,analytics for data,0.019263845889232887,2.0301785714285714,6.451754771747735
A1085,data analytics course,123,3292,233.2,28,6,0.049,1174,20241119,hyderabad,desktop,data analytics training,0.037363304981773995,1.8959349593495933,5.034305317324185
A1086,data analytics course,174,4305,206.02,20,3,0.034,1057,20241123,hyderabad,desktop,learn data analytics,0.04041811846689895,1.1840229885057472,5.130569847587613
A1087,data analytics course,143,4368,215.57,27,7,0.049,1199,3112024,hyderabad,tablet,analytics for data,0.03273809523809524,1.5074825174825175,5.561998422786102
A1088,data analytics course,195,5935,209.68,23,9,0.046,1966,20241107,hyderabad,tablet,online data analytics,0.03285593934288121,1.0752820512820513,9.376192293017931
A1089,data analytics course,176,5847,241.04,13,6,0.034,1194,20241102,hyderabad,desktop,online data analytics,0.030100906447750982,1.3695454545454544,4.95353468304016
A1090,data analytics course,141,4851,227.39,28,5,0.046,1821,20241115,hyderabad,desktop,analytics for data,0.02906617192331478,1.6126950354609928,8.008267733849335
A1091,data analytics course,108,4710,204.16,19,10,0.093,1731,20241120,hyderabad,tablet,data analytics online,0.022929936305732482,1.8903703703703703,8.47864420062696
A1092,data analytics course,112,3345,215.57,11,6,0.047,1859,20241123,hyderabad,tablet,analytics for data,0.03348281016442452,1.924732142857143,8.623648930741755
A1093,data analytics course,0,5903,184.41,23,9,0.046,1188,20112024,hyderabad,tablet,online data analytics,0.0,inf,6.44216691068814
A1094,data analytics course,145,5004,216.45,22,5,0.034,1496,20241101,hyderabad,tablet,data analytics online,0.02897681854516387,1.492758620689655,6.911526911526912
A1095,data analytics course,183,3947,197.3,15,8,0.044,1645,20241114,hyderabad,desktop,data analytics training,0.04636432733721814,1.0781420765027323,8.337557019766852
A1096,data analytics course,113,3690,229.42,20,5,0.044,1915,20241128,hyderabad,tablet,learn data analytics,0.03062330623306233,2.0302654867256638,8.347136256647198
A1097,data analytics course,101,5943,187.32,27,6,0.059,1614,20241115,hyderabad,tablet,data analytics online,0.016994783779236074,1.8546534653465345,8.616271620755926
A1098,data analytics course,189,5357,222.5,24,3,0.05,1839,20241125,hyderabad,tablet,data analytics course,0.03528094082508867,1.1772486772486772,8.265168539325842
A1099,data analytics course,154,3596,236.14,30,9,0.058,1036,20241106,hyderabad,tablet,online data analytics,0.04282536151279199,1.5333766233766233,4.387227915643263
A1100,data analytics course,179,5162,246.76,16,5,0.05,1052,20241129,hyderabad,desktop,online data analytics,0.03467648198372724,1.3785474860335194,4.263251742583887
A1101,data analytics course,148,3747,244.41,18,8,0.054,1092,20241117,hyderabad,tablet,learn data analytics,0.03949826527888978,1.6514189189189188,4.467902295323432
A1102,data analytics course,177,4822,197.03,26,9,0.051,1909,20241104,hyderabad,mobile,online data analytics,0.03670676068021568,1.1131638418079095,9.688879866010252
A1103,data analytics course,119,5800,221.36,11,8,0.046,1505,29112024,hyderabad,desktop,analytics for data,0.020517241379310346,1.8601680672268908,6.798879653053849
A1104,data analytics course,89,3594,215.57,14,6,0.067,1026,20241115,hyderabad,tablet,data analytics course,0.02476349471341124,2.422134831460674,4.7594748805492415
A1105,data analytics course,146,4765,230.22,23,5,0.034,1944,20241128,hyderabad,tablet,analytics for data,0.030640083945435468,1.5768493150684932,8.444096950742768
A1106,data analytics course,109,4128,183.65,12,5,0.046,1505,20241130,hyderabad,desktop,data analytics online,0.02640503875968992,1.6848623853211009,8.194936019602505
A1107,data analytics course,159,5127,197.16,21,4,0.025,1867,20241103,hyderabad,tablet,learn data analytics,0.0310122878876536,1.24,9.469466423209576
A1108,data analytics course,144,5674,235.36,12,3,0.021,1505,20241122,hyderabad,desktop,analytics for data,0.02537892139584068,1.6344444444444446,6.394459551325628
A1109,data analytics course,122,3793,237.22,19,8,0.066,1842,20241120,hyderabad,tablet,online data analytics,0.03216451357764303,1.9444262295081967,7.76494393390102
A1110,data analytics course,112,4315,235.33,28,9,0.08,1116,20241108,hyderabad,mobile,data analytics course,0.025955967555040555,2.1011607142857143,4.742276802787575
A1111,data analytics course,174,4704,192.32,21,10,0.049,1501,20241124,hyderabad,mobile,learn data analytics,0.036989795918367346,1.105287356321839,7.804700499168053
A1112,data analytics course,168,3349,235.6,23,9,0.054,1894,20241109,hyderabad,mobile,online data analytics,0.050164228127799346,1.4023809523809523,8.03904923599321
A1113,data analytics course,173,3501,223.9,28,10,0.044,1179,20241125,hyderabad,mobile,data analytics course,0.04941445301342474,1.2942196531791907,5.265743635551585
A1114,data analytics course,91,0,203.52,0,9,0.099,1838,20112024,hyderabad,desktop,data analytics course,,2.2364835164835166,9.031053459119496
A1115,data analytics course,140,5405,195.69,21,8,0.046,1094,21112024,hyderabad,desktop,data analytics training,0.025901942645698426,1.3977857142857142,5.590474730441004
A1116,data analytics course,93,3425,229.76,26,4,0.043,1344,24112024,hyderabad,mobile,online data analytics,0.027153284671532846,2.470537634408602,5.84958217270195
A1117,data analytics course,114,5263,189.13,23,5,0.044,1434,5112024,hyderabad,mobile,data analytics course,0.021660649819494584,1.6590350877192983,7.58208639560091
A1118,data analytics course,172,3889,215.57,21,10,0.046,1766,20241116,hyderabad,tablet,online data analytics,0.04422730779120596,1.2533139534883722,8.192234540984368
A1119,data analytics course,188,3327,193.76,24,6,0.047,1220,3112024,hyderabad,tablet,online data analytics,0.05650736399158401,1.0306382978723403,6.29644921552436
A1120,data analytics course,117,0,214.18,29,4,0.034,1348,20241123,hyderabad,mobile,learn data analytics,,1.8305982905982907,6.293771593986366
A1121,data analytics course,113,5471,215.57,27,9,0.038,1123,20241123,hyderabad,mobile,analytics for data,0.02065435934929629,1.9076991150442477,5.209444727930602
A1122,data analytics course,109,3550,240.33,14,8,0.073,1982,20241124,hyderabad,tablet,learn data analytics,0.030704225352112677,2.204862385321101,8.246993716972495
A1123,data analytics course,174,3178,225.67,18,10,0.057,1140,20112024,hyderabad,desktop,data analytics online,0.05475141598489616,1.2969540229885057,5.0516240528204905
A1124,data analytics course,96,4673,192.88,24,5,0.052,1962,20241110,hyderabad,mobile,learn data analytics,0.020543548041943076,2.0091666666666668,10.172127747822481
A1125,data analytics course,110,4254,187.87,11,4,0.046,1172,20241104,hyderabad,mobile,data analytics training,0.025858015984955338,1.707909090909091,6.23835631021451
A1126,data analytics course,163,3658,237.63,23,7,0.043,1699,20241123,hyderabad,tablet,online data analytics,0.04455986878075451,1.4578527607361962,7.149770651853722
A1127,data analytics course,161,5319,235.98,13,4,0.025,1423,20241118,hyderabad,mobile,learn data analytics,0.030268847527730777,1.4657142857142857,6.0301720484786845
A1128,data analytics course,195,5278,193.49,30,7,0.047,1456,20241104,hyderabad,mobile,data analytics course,0.03694581280788178,0.9922564102564103,7.524936689234585
A1129,data analytics course,84,3755,218.88,14,9,0.047,1299,20241105,hyderabad,tablet,analytics for data,0.02237017310252996,2.605714285714286,5.9347587719298245
A1130,data analytics course,113,4580,194.82,11,6,0.059,1248,20241128,hyderabad,tablet,data analytics course,0.024672489082969432,1.724070796460177,6.405913150600554
A1131,data analytics course,117,3809,225.14,12,5,0.032,1495,20241109,hyderabad,desktop,data analytics training,0.030716723549488054,1.9242735042735042,6.640312694323533
A1132,data analytics course,135,5118,219.99,27,6,0.044,1089,20241120,hyderabad,mobile,online data analytics,0.02637749120750293,1.6295555555555556,4.950225010227737
A1133,data analytics course,92,5766,186.14,28,7,0.076,1013,27112024,hyderabad,tablet,data analytics training,0.015955601803676726,2.0232608695652172,5.442140324486946
A1134,data analytics course,188,3934,206.21,16,9,0.048,1505,4112024,hyderabad,desktop,data analytics course,0.04778851042196238,1.0968617021276597,7.298385141360749
A1135,data analytics course,101,4724,228.38,13,7,0.034,1243,20241120,hyderabad,desktop,learn data analytics,0.021380186282811176,2.261188118811881,5.442683247219547
A1136,data analytics course,111,5895,205.25,29,4,0.036,1693,20241104,hyderabad,mobile,data analytics course,0.018829516539440202,1.8490990990990992,8.248477466504264
A1137,data analytics course,122,4048,202.23,28,10,0.082,1505,26112024,hyderabad,mobile,online data analytics,0.030138339920948616,1.657622950819672,7.4420214607130495
A1138,data analytics course,99,3169,237.68,21,6,0.046,1509,20241122,hyderabad,mobile,online data analytics,0.031240138845061535,2.4008080808080807,6.348872433524066
A1139,data analytics course,154,4535,229.29,11,3,0.019,1434,20241101,hyderabad,tablet,data analytics training,0.033958103638368244,1.488896103896104,6.254088708622269
A1140,data analytics course,129,3849,249.29,22,10,0.078,1767,20241111,hyderabad,desktop,analytics for data,0.03351519875292284,1.9324806201550386,7.088130290023668
A1141,data analytics course,0,4259,182.98,10,10,0.031,1048,16112024,hyderabad,mobile,analytics for data,0.0,inf,5.727401901847196
A1142,data analytics course,143,3628,215.57,18,9,0.063,1566,17112024,hyderabad,tablet,data analytics course,0.039415656008820285,1.5074825174825175,7.264461659785685
A1143,data analytics course,80,3269,215.57,12,4,0.05,1753,23112024,hyderabad,desktop,data analytics online,0.024472315692872438,2.694625,8.131929303706453
A1144,data analytics course,134,3724,188.02,26,9,0.047,1891,20241107,hyderabad,desktop,online data analytics,0.0359828141783029,1.403134328358209,10.057440697798105
A1145,data analytics course,174,4838,242.35,21,3,0.017,1599,20241122,hyderabad,desktop,data analytics online,0.03596527490698636,1.392816091954023,6.597895605529193
A1146,data analytics course,196,4524,192.01,15,8,0.041,1048,20241113,hyderabad,desktop,data analytics course,0.04332449160035367,0.9796428571428571,5.458049059944795
A1147,data analytics course,194,4694,228.15,17,7,0.036,1874,20241114,hyderabad,tablet,learn data analytics,0.04132935662547933,1.1760309278350516,8.21389436774052
A1148,data analytics course,180,4326,221.67,13,0,0.046,1427,6112024,hyderabad,tablet,online data analytics,0.04160887656033287,1.2315,6.437497180493526
A1149,data analytics course,100,4235,222.61,10,8,0.051,1814,1112024,hyderabad,desktop,data analytics training,0.023612750885478158,2.2261,8.148780378239971
A1150,data analytics course,153,4367,184.51,29,9,0.059,1507,20241113,hyderabad,mobile,analytics for data,0.03503549347378063,1.2059477124183007,8.16757899300851
A1151,data analytics course,110,3748,198.68,24,9,0.082,1041,5112024,hyderabad,tablet,data analytics training,0.02934898612593383,1.8061818181818183,5.239581236158647
A1152,data analytics course,116,3901,215.57,21,4,0.034,1483,20241113,hyderabad,tablet,online data analytics,0.029735965137144323,1.8583620689655171,6.879435914088232
A1153,data analytics course,156,3335,236.98,29,7,0.045,1143,20241114,hyderabad,desktop,data analytics course,0.046776611694152925,1.519102564102564,4.823191830534222
A1154,data analytics course,177,5671,210.74,19,6,0.058,1172,25112024,hyderabad,tablet,data analytics course,0.031211426556162936,1.1906214689265537,5.561355224447186
A1155,data analytics course,89,3408,214.78,25,9,0.101,1898,20241115,hyderabad,mobile,data analytics course,0.026115023474178403,2.413258426966292,8.836949436632834
A1156,data analytics course,155,4422,183.96,14,8,0.037,1143,20241115,hyderabad,mobile,analytics for data,0.03505201266395296,1.1868387096774193,6.213307240704501
A1157,data analytics course,123,3097,190.55,20,8,0.065,1640,20241122,hyderabad,tablet,data analytics course,0.03971585405230869,1.5491869918699188,8.606664917344528
A1158,data analytics course,102,3621,244.82,10,5,0.049,1375,20241112,hyderabad,mobile,learn data analytics,0.028169014084507043,2.4001960784313723,5.6163712115023285
A1159,data analytics course,150,4806,244.53,15,9,0.046,1602,7112024,hyderabad,mobile,data analytics online,0.031210986267166042,1.6302,6.551343393448657
A1160,data analytics course,160,0,245.87,11,6,0.037,1505,20241105,hyderabad,desktop,analytics for data,,1.5366875,6.121120917558059
A1161,data analytics course,143,3901,191.38,29,4,0.053,1786,20241124,hyderabad,mobile,learn data analytics,0.036657267367341706,1.3383216783216783,9.332218622635594
A1162,data analytics course,178,4673,222.46,29,6,0.051,1219,20241104,hyderabad,tablet,online data analytics,0.03809116199443612,1.2497752808988765,5.479636788636159
A1163,data analytics course,152,3542,208.96,13,9,0.046,1735,20241113,hyderabad,desktop,data analytics course,0.04291360813099943,1.3747368421052633,8.30302450229709
A1164,data analytics course,139,4347,238.19,26,5,0.046,1384,13112024,hyderabad,tablet,analytics for data,0.031976075454336325,1.7135971223021582,5.810487426004451
A1165,data analytics course,175,5014,247.24,25,7,0.04,1499,15112024,hyderabad,mobile,learn data analytics,0.03490227363382529,1.4128,6.062934800194143
A1166,data analytics course,92,4185,218.46,21,9,0.035,1567,20241103,hyderabad,mobile,data analytics online,0.02198327359617682,2.3745652173913046,7.172937837590405
A1167,data analytics course,123,5964,215.57,17,6,0.046,1363,20241103,hyderabad,desktop,data analytics training,0.02062374245472837,1.75260162601626,6.322772185369022
A1168,data analytics course,86,5124,183.71,13,10,0.116,1137,20112024,hyderabad,mobile,data analytics training,0.01678376268540203,2.1361627906976746,6.189102389635839
A1169,data analytics course,117,4162,238.08,28,10,0.085,1186,20241122,hyderabad,mobile,online data analytics,0.028111484863046612,2.034871794871795,4.981518817204301
A1170,data analytics course,146,4330,191.9,20,3,0.021,1748,20241109,hyderabad,mobile,online data analytics,0.033718244803695153,1.3143835616438357,9.108910891089108
A1171,data analytics course,89,3268,215.57,17,4,0.045,1233,20241113,hyderabad,desktop,online data analytics,0.02723378212974296,2.422134831460674,5.7197198125898785
A1172,data analytics course,195,3483,213.99,27,7,0.036,1796,23112024,hyderabad,desktop,learn data analytics,0.05598621877691645,1.0973846153846154,8.39291555680172
A1173,data analytics course,170,4519,240.63,22,7,0.041,1012,27112024,hyderabad,mobile,analytics for data,0.03761894224385926,1.415470588235294,4.205626896064498
A1174,data analytics course,97,3605,240.29,21,7,0.045,1682,20241110,hyderabad,desktop,data analytics online,0.026907073509015257,2.4772164948453606,6.999875150859379
A1175,data analytics course,159,5076,204.97,15,10,0.063,1638,17112024,hyderabad,tablet,data analytics course,0.031323877068557916,1.2891194968553459,7.991413377567449
A1176,data analytics course,131,5352,225.86,24,10,0.046,1961,20241120,hyderabad,mobile,online data analytics,0.024476831091180866,1.7241221374045803,8.682369609492605
A1177,data analytics course,108,5503,185.26,11,7,0.065,1921,6112024,hyderabad,mobile,data analytics online,0.019625658731600944,1.7153703703703702,10.369210838821116
A1178,data analytics course,93,4308,209.83,19,9,0.097,1694,20241120,hyderabad,mobile,data analytics course,0.02158774373259053,2.256236559139785,8.073202115998665
A1179,data analytics course,137,3555,213.5,29,3,0.046,1505,20241106,hyderabad,desktop,data analytics course,0.038537271448663854,1.5583941605839415,7.049180327868853
A1180,data analytics course,81,5615,193.14,30,6,0.074,1255,20241128,hyderabad,mobile,analytics for data,0.014425645592163847,2.384444444444444,6.49787718753236
A1181,data analytics course,160,4743,206.22,23,10,0.062,1825,20241120,hyderabad,mobile,learn data analytics,0.03373392367699768,1.288875,8.849772088061293
A1182,data analytics course,186,3337,183.58,16,8,0.043,1045,20241130,hyderabad,desktop,online data analytics,0.05573868744381181,0.986989247311828,5.692341213639829
A1183,data analytics course,105,3234,238.8,27,10,0.095,1248,20241106,hyderabad,desktop,online data analytics,0.032467532467532464,2.2742857142857145,5.226130653266331
A1184,data analytics course,131,3913,203.69,14,10,0.046,1079,20241125,hyderabad,desktop,data analytics training,0.03347814975721952,1.5548854961832062,5.2972654524031615
A1185,data analytics course,129,3208,204.2,18,8,0.032,1456,20241129,hyderabad,desktop,learn data analytics,0.04021197007481297,1.5829457364341084,7.13026444662096
A1186,data analytics course,187,5972,220.64,30,7,0.037,1980,20241114,hyderabad,desktop,data analytics course,0.03131279303415941,1.1798930481283423,8.97389412617839
A1187,data analytics course,167,3662,235.43,10,7,0.042,1684,20241125,hyderabad,mobile,data analytics training,0.045603495357728015,1.4097604790419163,7.15286921802659
A1188,data analytics course,140,3359,182.13,29,7,0.045,1973,20241128,hyderabad,desktop,data analytics online,0.041679071152128606,1.3009285714285714,10.832921539559656
A1189,data analytics course,198,3700,220.67,14,5,0.046,1531,20241110,hyderabad,mobile,analytics for data,0.053513513513513515,1.1144949494949494,6.937961662210541
A1190,data analytics course,196,3835,218.07,10,9,0.041,1871,4112024,hyderabad,tablet,online data analytics,0.05110821382007823,1.1126020408163264,8.579813821250058
A1191,data analytics course,140,5638,208.02,22,5,0.046,1652,20241118,hyderabad,desktop,data analytics training,0.024831500532103583,1.485857142857143,7.941544082299778
A1192,data analytics course,157,5825,230.6,16,3,0.019,1041,20241116,hyderabad,desktop,data analytics training,0.026952789699570816,1.4687898089171973,4.514310494362532
A1193,data analytics course,91,5428,248.38,11,3,0.033,1835,22112024,hyderabad,tablet,learn data analytics,0.016764922623434046,2.7294505494505494,7.387873419760045
A1194,data analytics course,140,3571,238.12,21,9,0.064,1762,20241116,hyderabad,desktop,learn data analytics,0.03920470456454775,1.7008571428571428,7.399630438434403
A1195,data analytics course,154,3638,182.17,11,8,0.056,1413,20241104,hyderabad,mobile,online data analytics,0.04233095107201759,1.182922077922078,7.756491189548225
A1196,data analytics course,133,4505,200.52,23,3,0.039,1562,26112024,hyderabad,tablet,analytics for data,0.029522752497225305,1.5076691729323308,7.789746658687412
A1197,data analytics course,0,5016,238.59,26,9,0.046,1620,20241120,hyderabad,mobile,data analytics online,0.0,inf,6.789890607317993
A1198,data analytics course,141,3071,208.2,10,6,0.043,1647,18112024,hyderabad,tablet,data analytics online,0.045913383262780855,1.476595744680851,7.910662824207494
A1199,data analytics course,135,5682,215.57,30,3,0.046,1445,20241115,hyderabad,tablet,data analytics training,0.02375923970432946,1.5968148148148147,6.703159066660482
A1200,data analytics course,199,5067,247.38,24,8,0.059,1365,20241119,hyderabad,mobile,analytics for data,0.03927373199131636,1.2431155778894472,5.517826825127335
A1201,data analytics course,138,3971,184.87,28,3,0.022,1718,20241107,hyderabad,tablet,learn data analytics,0.03475195164945857,1.3396376811594204,9.29301671444799
A1202,data analytics course,175,4481,236.38,21,10,0.057,1257,20112024,hyderabad,desktop,data analytics course,0.03905378263780406,1.350742857142857,5.317708774007953
A1203,data analytics course,170,5476,186.29,25,4,0.024,1731,8112024,hyderabad,mobile,analytics for data,0.0310445580715851,1.0958235294117646,9.29196414192925
A1204,data analytics course,138,4426,203.75,24,10,0.072,1838,20241105,hyderabad,mobile,data analytics course,0.031179394487121554,1.4764492753623188,9.020858895705521
A1205,data analytics course,108,4080,247.8,18,4,0.037,1363,20241130,hyderabad,tablet,online data analytics,0.026470588235294117,2.2944444444444447,5.500403551251009
A1206,data analytics course,150,4113,219.67,12,7,0.047,1196,20241122,hyderabad,mobile,learn data analytics,0.03646973012399708,1.4644666666666666,5.444530432011654
A1207,data analytics course,90,5119,226.58,14,10,0.111,1348,20241107,hyderabad,desktop,analytics for data,0.01758155889822231,2.5175555555555555,5.94933356871745
A1208,data analytics course,98,3422,223.55,17,7,0.046,1414,20241119,hyderabad,tablet,online data analytics,0.02863822326125073,2.281122448979592,6.325206888839186
A1209,data analytics course,130,3327,224.83,13,3,0.023,1668,16112024,hyderabad,mobile,online data analytics,0.03907424105801022,1.7294615384615386,7.418938753725036
A1210,data analytics course,199,0,199.98,15,8,0.04,1467,20241108,hyderabad,tablet,data analytics training,,1.0049246231155777,7.335733573357336
A1211,data analytics course,101,3241,183.34,24,0,0.046,1483,10112024,hyderabad,tablet,data analytics training,0.031163221228016045,1.8152475247524753,8.088796771026509
A1212,data analytics course,118,3970,215.57,27,9,0.076,1036,20241119,hyderabad,desktop,data analytics course,0.029722921914357683,1.8268644067796609,4.805863524609176
A1213,data analytics course,199,5734,247.99,18,0,0.046,1455,20241111,hyderabad,desktop,data analytics online,0.03470526682943844,1.246180904522613,5.867172063389653
A1214,data analytics course,183,4001,237.85,23,4,0.022,1430,20241121,hyderabad,mobile,online data analytics,0.04573856535866033,1.299726775956284,6.0121925583350855
A1215,data analytics course,126,4206,233.76,29,10,0.041,1998,20241106,hyderabad,tablet,online data analytics,0.029957203994293864,1.8552380952380951,8.54722792607803
A1216,data analytics course,199,4745,215.57,13,9,0.046,1800,20241128,hyderabad,tablet,analytics for data,0.041938883034773444,1.0832663316582913,8.349955930788143
A1217,data analytics course,92,4042,200.75,15,7,0.076,1234,20241124,hyderabad,tablet,learn data analytics,0.022761009401286492,2.182065217391304,6.146948941469489
A1218,data analytics course,0,4883,249.61,10,3,0.046,1464,20241112,hyderabad,tablet,online data analytics,0.0,inf,5.865149633428148
A1219,data analytics course,92,3748,208.15,14,8,0.087,1297,20241102,hyderabad,desktop,analytics for data,0.02454642475987193,2.2625,6.231083353350948
A1220,data analytics course,135,3480,224.94,11,4,0.03,1398,20241123,hyderabad,tablet,data analytics online,0.03879310344827586,1.6662222222222223,6.2149906641771135
A1221,data analytics course,177,3007,223.22,30,8,0.045,1766,20241102,hyderabad,mobile,data analytics online,0.05886265380778184,1.261129943502825,7.911477466176866
A1222,data analytics course,117,3380,186.73,21,10,0.055,1958,20241119,hyderabad,desktop,data analytics training,0.03461538461538462,1.5959829059829058,10.485728056552242
A1223,data analytics course,127,4823,194.69,11,10,0.057,1496,15112024,hyderabad,desktop,data analytics course,0.026332158407630105,1.532992125984252,7.6840104781961065
A1224,data analytics course,132,4490,202.45,10,7,0.053,1441,20241110,hyderabad,mobile,data analytics online,0.029398663697104678,1.5337121212121212,7.117806865892813
A1225,data analytics course,102,5149,229.48,27,9,0.088,1137,26112024,hyderabad,desktop,learn data analytics,0.019809671780928337,2.249803921568627,4.954680146417989
A1226,data analytics course,91,4290,213.74,0,10,0.046,1797,20241116,hyderabad,mobile,online data analytics,0.021212121212121213,2.348791208791209,8.407410873023299
A1227,data analytics course,163,5643,217.4,30,6,0.046,1678,20241101,hyderabad,desktop,data analytics online,0.028885344674818358,1.3337423312883436,7.718491260349586
A1228,data analytics course,92,3916,188.1,0,6,0.065,1005,20241114,hyderabad,desktop,online data analytics,0.02349336057201226,2.0445652173913045,5.342902711323764
A1229,data analytics course,165,4551,185.35,30,0,0.046,1662,20241106,hyderabad,desktop,data analytics online,0.03625576796308504,1.1233333333333333,8.96681953061775
A1230,data analytics course,127,3344,201.7,10,8,0.046,1190,20241111,hyderabad,desktop,analytics for data,0.03797846889952153,1.5881889763779526,5.899851264253843
A1231,data analytics course,178,4441,231.97,22,4,0.022,1886,20241124,hyderabad,mobile,analytics for data,0.04008106282368836,1.3032022471910112,8.130361684700608
A1232,data analytics course,101,0,234.17,29,5,0.05,1568,20241127,hyderabad,mobile,data analytics training,,2.3185148514851486,6.695990092667721
A1233,data analytics course,161,5977,193.27,24,0,0.046,1366,13112024,hyderabad,desktop,online data analytics,0.02693659026267358,1.2004347826086956,7.067832565840534
A1234,data analytics course,95,4562,187.62,24,9,0.095,1239,20241126,hyderabad,desktop,data analytics training,0.02082419991231916,1.9749473684210528,6.60377358490566
A1235,data analytics course,85,5099,232.56,28,9,0.046,1526,2112024,hyderabad,mobile,data analytics training,0.016669935281427732,2.736,6.561747506019952
A1236,data analytics course,192,5852,181.05,16,8,0.042,1600,20241121,hyderabad,desktop,analytics for data,0.032809295967190705,0.94296875,8.83733775200221
A1237,data analytics course,80,3823,181.57,13,4,0.046,1564,20241113,hyderabad,desktop,online data analytics,0.020925974365681402,2.269625,8.61375777936884
A1238,data analytics course,191,4612,238.23,20,10,0.052,1531,1112024,hyderabad,mobile,learn data analytics,0.04141370338248049,1.2472774869109946,6.4265625655878775
A1239,data analytics course,147,5881,196.34,23,7,0.048,1614,20241118,hyderabad,desktop,data analytics training,0.024995749022275124,1.3356462585034015,8.220433941122542
A1240,data analytics course,100,5204,197.53,26,4,0.04,1675,24112024,hyderabad,tablet,data analytics course,0.01921598770176787,1.9753,8.47972459879512
A1241,data analytics course,82,5130,233.75,0,9,0.11,1505,15112024,hyderabad,mobile,data analytics online,0.015984405458089667,2.850609756097561,6.438502673796791
A1242,data analytics course,123,5231,202.93,30,10,0.081,1551,20241123,hyderabad,desktop,online data analytics,0.023513668514624355,1.6498373983739838,7.643029616123786
A1243,data analytics course,165,5980,248.41,17,3,0.018,1803,6112024,hyderabad,tablet,online data analytics,0.027591973244147156,1.5055151515151515,7.258161909745985
A1244,data analytics course,167,3202,214.87,26,6,0.036,1571,12112024,hyderabad,desktop,data analytics online,0.052154903185509055,1.2866467065868263,7.311397589240006
A1245,data analytics course,111,5847,196.71,21,9,0.081,1445,20241130,hyderabad,mobile,online data analytics,0.018984094407388404,1.7721621621621622,7.34583905241218
A1246,data analytics course,94,4359,215.57,28,5,0.045,1920,20241107,hyderabad,tablet,learn data analytics,0.021564579031888048,2.2932978723404256,8.906619659507353
A1247,data analytics course,179,3185,236.74,29,5,0.046,1156,20241111,hyderabad,desktop,data analytics course,0.05620094191522763,1.3225698324022346,4.882994001858579
A1248,data analytics course,166,5592,183.03,22,4,0.024,1636,20241122,hyderabad,tablet,online data analytics,0.029685264663805437,1.102590361445783,8.938425394744032
A1249,data analytics course,90,5062,191.4,23,6,0.046,1775,20241119,hyderabad,tablet,data analytics course,0.017779533781114184,2.126666666666667,9.273772204806686
A1250,data analytics course,106,5830,241.9,29,10,0.035,1897,20241102,hyderabad,desktop,data analytics training,0.01818181818181818,2.2820754716981133,7.842083505580819
A1251,data analytics course,0,4629,236.96,10,6,0.046,1183,6112024,hyderabad,desktop,data analytics training,0.0,inf,4.992403781228899
A1252,data analytics course,158,4780,247.2,23,9,0.046,1005,20241124,hyderabad,desktop,learn data analytics,0.03305439330543933,1.5645569620253164,4.065533980582525
A1253,data analytics course,187,3800,241.0,16,8,0.043,1842,20241109,hyderabad,mobile,analytics for data,0.049210526315789475,1.2887700534759359,7.643153526970955
A1254,data analytics course,95,4096,242.69,26,9,0.095,1550,22112024,hyderabad,tablet,online data analytics,0.023193359375,2.5546315789473684,6.386748526927356
A1255,data analytics course,118,3562,231.5,12,3,0.025,1856,20241119,hyderabad,desktop,data analytics course,0.03312745648512072,1.9618644067796611,8.017278617710582
A1256,data analytics course,166,3910,191.32,27,7,0.042,1505,20241115,hyderabad,mobile,analytics for data,0.04245524296675192,1.1525301204819276,7.866401839849467
A1257,data analytics course,146,5411,201.76,28,7,0.048,1393,14112024,hyderabad,desktop,data analytics online,0.026982073553871742,1.381917808219178,6.904242664551943
A1258,data analytics course,101,4026,219.68,22,9,0.089,1149,15112024,hyderabad,desktop,analytics for data,0.025086934923000497,2.175049504950495,5.230335032774946
A1259,data analytics course,185,3716,218.23,27,7,0.056,1015,20241103,hyderabad,desktop,online data analytics,0.04978471474703983,1.1796216216216215,4.651056225083628
A1260,data analytics course,147,5162,186.79,30,7,0.048,1733,20241125,hyderabad,desktop,analytics for data,0.028477334366524602,1.2706802721088435,9.27779859735532
A1261,data analytics course,188,3859,211.83,30,9,0.048,1719,20241128,hyderabad,mobile,online data analytics,0.048717284270536405,1.1267553191489363,8.114997875655005
A1262,data analytics course,122,3350,225.89,28,3,0.046,1509,20241124,hyderabad,desktop,data analytics online,0.036417910447761194,1.8515573770491802,6.680242595953783
A1263,data analytics course,143,5340,215.57,20,9,0.063,1223,20241105,hyderabad,tablet,online data analytics,0.026779026217228465,1.5074825174825175,5.673331168529944
A1264,data analytics course,170,3124,234.92,17,3,0.018,1232,20241111,hyderabad,desktop,data analytics training,0.05441741357234315,1.3818823529411763,5.244338498212158
A1265,data analytics course,114,5017,242.62,11,6,0.053,1303,20241117,hyderabad,mobile,data analytics online,0.022722742674905323,2.128245614035088,5.370538290330558
A1266,data analytics course,186,3424,201.81,27,3,0.016,1337,20241126,hyderabad,desktop,data analytics training,0.054322429906542055,1.085,6.625043357613597
A1267,data analytics course,120,4060,210.95,24,9,0.075,1376,20241105,hyderabad,tablet,data analytics online,0.029556650246305417,1.7579166666666666,6.522872718653709
A1268,data analytics course,130,5688,212.05,21,5,0.038,1454,17112024,hyderabad,desktop,learn data analytics,0.022855133614627286,1.6311538461538462,6.856873378920065
A1269,data analytics course,178,5029,189.79,25,8,0.045,1510,9112024,hyderabad,desktop,data analytics training,0.03539471067806721,1.0662359550561797,7.956162073871121
A1270,data analytics course,196,5476,204.63,19,4,0.02,1288,26112024,hyderabad,desktop,data analytics training,0.03579254930606282,1.044030612244898,6.294287250158823
A1271,data analytics course,110,5000,197.89,18,3,0.027,1110,20241112,hyderabad,desktop,online data analytics,0.022,1.799,5.609176815402496
A1272,data analytics course,95,4141,207.14,22,3,0.054,1929,20241111,hyderabad,tablet,learn data analytics,0.02294131852209611,2.1804210526315786,9.312542241961959
A1273,data analytics course,183,4791,232.97,27,5,0.046,1476,20241121,hyderabad,desktop,data analytics online,0.038196618659987476,1.2730601092896174,6.335579688371894
A1274,data analytics course,100,4168,193.6,30,3,0.03,1692,20241125,hyderabad,desktop,online data analytics,0.02399232245681382,1.936,8.739669421487603
A1275,data analytics course,187,3741,226.11,27,10,0.053,1342,14112024,hyderabad,tablet,learn data analytics,0.0499866345896819,1.209144385026738,5.935164300561673
A1276,data analytics course,90,3577,233.54,24,5,0.052,1175,20241114,hyderabad,tablet,analytics for data,0.02516074923119933,2.594888888888889,5.031258028603237
A1277,data analytics course,148,4469,209.76,25,8,0.054,1505,20241125,hyderabad,tablet,data analytics course,0.0331170284179906,1.4172972972972973,7.174866514111366
A1278,data analytics course,129,3611,227.82,11,7,0.054,1250,20241122,hyderabad,tablet,data analytics training,0.03572417612849626,1.766046511627907,5.4867878149416205
A1279,data analytics course,120,3947,193.49,15,6,0.05,1305,20241112,hyderabad,mobile,data analytics training,0.03040283759817583,1.6124166666666668,6.744534601271384
A1280,data analytics course,82,4239,191.75,23,8,0.046,1062,20241122,hyderabad,mobile,learn data analytics,0.01934418494928049,2.3384146341463414,5.538461538461538
A1281,data analytics course,145,5973,242.16,12,7,0.048,1508,20241114,hyderabad,tablet,online data analytics,0.024275908253808806,1.6700689655172414,6.227287743640568
A1282,data analytics course,190,4525,188.85,10,5,0.026,1875,20241101,hyderabad,tablet,data analytics training,0.041988950276243095,0.9939473684210526,9.928514694201748
A1283,data analytics course,137,4395,241.58,24,4,0.043,1512,20241106,hyderabad,desktop,online data analytics,0.031171786120591582,1.7633576642335766,6.258796257968375
A1284,data analytics course,157,3047,222.66,19,3,0.019,1964,1112024,hyderabad,mobile,data analytics online,0.05152609123728257,1.418216560509554,8.820623371957245
A1285,data analytics course,105,5348,226.1,27,5,0.048,1003,12112024,hyderabad,tablet,learn data analytics,0.01963350785340314,2.1533333333333333,4.43609022556391
A1286,data analytics course,149,3101,231.44,15,9,0.06,1126,20241106,hyderabad,tablet,data analytics training,0.048049016446307644,1.5532885906040268,4.865191842378154
A1287,data analytics course,159,3693,187.09,24,6,0.038,1256,24112024,hyderabad,desktop,learn data analytics,0.04305442729488221,1.1766666666666667,6.713346517718745
A1288,data analytics course,150,5590,215.57,20,8,0.046,1286,2112024,hyderabad,mobile,data analytics course,0.026833631484794274,1.4371333333333334,5.965579626107529
A1289,data analytics course,0,5277,227.46,10,5,0.046,1541,20241115,hyderabad,tablet,data analytics online,0.0,inf,6.774817550338521
A1290,data analytics course,98,4653,205.84,29,5,0.051,1866,2112024,hyderabad,mobile,data analytics online,0.02106168063614872,2.100408163265306,9.065293431791682
A1291,data analytics course,86,3513,211.16,22,7,0.046,1917,10112024,hyderabad,desktop,data analytics course,0.02448050099629946,2.455348837209302,9.078423943928774
A1292,data analytics course,128,5772,235.54,20,10,0.078,1215,4112024,hyderabad,desktop,data analytics training,0.022176022176022176,1.84015625,5.1583595143075485
A1293,data analytics course,105,5840,236.56,22,8,0.047,1811,24112024,hyderabad,tablet,data analytics course,0.01797945205479452,2.252952380952381,7.655563070679743
A1294,data analytics course,90,0,249.0,21,10,0.046,1245,19112024,hyderabad,mobile,data analytics course,,2.7666666666666666,5.0
A1295,data analytics course,89,5158,211.76,20,5,0.056,1119,20241121,hyderabad,desktop,online data analytics,0.017254749903063204,2.379325842696629,5.284284095202116
A1296,data analytics course,119,3489,194.36,14,3,0.055,1633,20241110,hyderabad,mobile,data analytics course,0.03410719403840642,1.63327731092437,8.40193455443507
A1297,data analytics course,173,3977,229.82,30,5,0.037,1584,20241122,hyderabad,desktop,learn data analytics,0.043500125722906714,1.3284393063583815,6.892350535201462
A1298,data analytics course,95,3397,181.89,0,7,0.074,1560,20241127,hyderabad,tablet,data analytics course,0.027965852222549308,1.9146315789473682,8.576612238165925
A1299,data analytics course,112,5194,245.97,10,5,0.045,1016,21112024,hyderabad,tablet,data analytics training,0.0215633423180593,2.1961607142857145,4.1305850306948
A1300,data analytics course,134,3007,217.53,10,5,0.037,1371,30112024,hyderabad,mobile,data analytics training,0.04456268706351846,1.6233582089552239,6.302578954626948
A1301,data analytics course,113,5721,216.7,11,6,0.053,1743,20241117,hyderabad,desktop,data analytics training,0.01975179164481734,1.9176991150442477,8.0433779418551
A1302,data analytics course,157,3546,189.11,16,5,0.032,1333,28112024,hyderabad,mobile,data analytics online,0.04427523970671179,1.2045222929936306,7.04880757231241
A1303,data analytics course,105,3670,245.85,24,9,0.046,1653,20241124,hyderabad,tablet,data analytics course,0.02861035422343324,2.341428571428571,6.723611958511287
A1304,data analytics course,162,5915,211.96,11,0,0.046,1394,20241120,hyderabad,tablet,analytics for data,0.02738799661876585,1.308395061728395,6.5767125872806185
A1305,data analytics course,0,4450,219.21,16,10,0.056,1917,20241110,hyderabad,mobile,learn data analytics,0.0,inf,8.745039003695087
A1306,data analytics course,136,5782,189.65,23,6,0.044,1951,20241111,hyderabad,tablet,data analytics training,0.02352127291594604,1.394485294117647,10.287371473767466
A1307,data analytics course,192,4339,245.57,24,8,0.047,1284,20241118,hyderabad,mobile,learn data analytics,0.0442498271491127,1.2790104166666667,5.228651708270554
A1308,data analytics course,147,5870,215.57,14,8,0.054,1748,20241102,hyderabad,mobile,data analytics training,0.02504258943781942,1.4664625850340136,8.108734981676486
A1309,data analytics course,164,5662,186.41,11,9,0.055,1020,17112024,hyderabad,tablet,data analytics course,0.028965030024726245,1.1366463414634147,5.471809452282603
A1310,data analytics course,192,5130,184.63,19,4,0.046,1087,20241107,hyderabad,desktop,data analytics course,0.03742690058479532,0.9616145833333333,5.887450576829335
A1311,data analytics course,139,4608,224.99,12,8,0.046,1095,20241112,hyderabad,desktop,data analytics training,0.030164930555555556,1.6186330935251798,4.866882972576558
A1312,data analytics course,199,5290,218.55,20,7,0.035,1234,20241130,hyderabad,tablet,learn data analytics,0.03761814744801512,1.0982412060301507,5.6463051933196065
A1313,data analytics course,82,4961,220.29,27,7,0.059,1149,2112024,hyderabad,tablet,data analytics course,0.01652892561983471,2.6864634146341464,5.215851831676427
A1314,data analytics course,175,4347,242.06,17,3,0.017,1617,20241122,hyderabad,desktop,data analytics training,0.040257648953301126,1.3832,6.680161943319838
A1315,data analytics course,181,5664,204.74,22,5,0.028,1719,22112024,hyderabad,desktop,data analytics course,0.03195621468926554,1.131160220994475,8.396014457360554
A1316,data analytics course,146,3757,192.59,25,9,0.046,1169,20241109,hyderabad,desktop,online data analytics,0.0388607931860527,1.319109589041096,6.069889402357339
A1317,data analytics course,192,4225,242.0,24,6,0.031,1032,20241101,hyderabad,mobile,data analytics online,0.04544378698224852,1.2604166666666667,4.264462809917355
A1318,data analytics course,149,3410,181.12,20,4,0.033,1806,20241117,hyderabad,desktop,learn data analytics,0.0436950146627566,1.2155704697986578,9.971289752650176
A1319,data analytics course,93,3934,226.84,20,6,0.065,1964,20241118,hyderabad,mobile,data analytics online,0.02364006100660905,2.4391397849462364,8.658084993828249
A1320,data analytics course,182,3384,187.67,18,8,0.044,1769,20241101,hyderabad,desktop,analytics for data,0.053782505910165486,1.031153846153846,9.426120317578729
A1321,data analytics course,99,3842,246.3,23,8,0.081,1452,10112024,hyderabad,tablet,online data analytics,0.025767829255596043,2.487878787878788,5.895249695493301
A1322,data analytics course,188,4022,238.61,20,8,0.043,1505,20241106,hyderabad,mobile,data analytics online,0.046742913973147684,1.2692021276595746,6.307363480155902
A1323,data analytics course,193,5786,201.51,16,10,0.052,1617,20241105,hyderabad,tablet,data analytics training,0.03335637746284134,1.0440932642487046,8.024415661753759
A1324,data analytics course,107,4423,239.47,25,9,0.084,1370,20241123,hyderabad,desktop,analytics for data,0.02419172507347954,2.23803738317757,5.720967135758133
A1325,data analytics course,131,4228,230.18,16,9,0.069,1393,20241107,hyderabad,desktop,data analytics training,0.03098391674550615,1.7570992366412215,6.051785559127639
A1326,data analytics course,139,5120,199.3,24,5,0.036,1835,20241123,hyderabad,mobile,data analytics course,0.0271484375,1.4338129496402878,9.207225288509784
A1327,data analytics course,141,3600,227.54,20,6,0.043,1367,20241107,hyderabad,desktop,learn data analytics,0.03916666666666667,1.6137588652482269,6.007734903753186
A1328,data analytics course,175,5016,215.57,16,3,0.017,1836,20241107,hyderabad,tablet,learn data analytics,0.03488835725677831,1.2318285714285715,8.516955049403906
A1329,data analytics course,96,5771,213.98,30,3,0.031,1130,30112024,hyderabad,mobile,analytics for data,0.016634898631086466,2.2289583333333334,5.280867370782317
A1330,data analytics course,0,4615,194.89,12,6,0.046,1923,20241125,hyderabad,tablet,data analytics training,0.0,inf,9.867104520498744
A1331,data analytics course,187,3115,184.61,12,3,0.016,1324,20241130,hyderabad,mobile,learn data analytics,0.06003210272873194,0.9872192513368985,7.171875846378852
A1332,data analytics course,153,5886,218.33,29,3,0.02,1424,20241120,hyderabad,mobile,analytics for data,0.02599388379204893,1.4269934640522877,6.522236980717262
A1333,data analytics course,122,4929,192.72,10,10,0.082,1505,20241112,hyderabad,desktop,data analytics training,0.02475147088658957,1.579672131147541,7.80925695309257
A1334,data analytics course,151,4357,238.69,28,9,0.06,1447,20241113,hyderabad,tablet,analytics for data,0.03465687399586872,1.580728476821192,6.062256483304705
A1335,data analytics course,116,4519,184.29,23,7,0.046,1070,20241112,hyderabad,desktop,data analytics training,0.025669395884045144,1.5887068965517241,5.806066525584677
A1336,data analytics course,145,5612,207.34,22,4,0.028,1689,12112024,hyderabad,desktop,learn data analytics,0.025837491090520314,1.4299310344827587,8.146040320246938
A1337,data analytics course,90,3251,198.69,12,7,0.078,1044,30112024,hyderabad,mobile,learn data analytics,0.027683789603199015,2.2076666666666664,5.254416427600785
A1338,data analytics course,133,3360,203.78,13,9,0.068,1654,20241114,hyderabad,mobile,online data analytics,0.03958333333333333,1.5321804511278196,8.116596329374817
A1339,data analytics course,135,5891,245.69,21,6,0.044,1947,20241105,hyderabad,mobile,learn data analytics,0.022916313019860805,1.819925925925926,7.924620456673043
A1340,data analytics course,155,5835,239.52,10,4,0.041,1505,20241113,hyderabad,mobile,analytics for data,0.026563838903170524,1.5452903225806451,6.2834001336005345
A1341,data analytics course,100,4928,186.68,22,10,0.1,1071,20241123,hyderabad,mobile,analytics for data,0.020292207792207792,1.8668,5.7370902078422965
A1342,data analytics course,138,4049,182.66,20,7,0.051,1292,20241120,hyderabad,mobile,online data analytics,0.03408248950358113,1.3236231884057972,7.073250848571116
A1343,data analytics course,109,4114,243.33,18,6,0.044,1456,20241125,hyderabad,tablet,learn data analytics,0.026494895478852698,2.2323853211009177,5.983643611556323
A1344,data analytics course,124,3947,198.11,11,4,0.032,1308,26112024,hyderabad,mobile,data analytics course,0.03141626551811502,1.5976612903225809,6.602392610166069
A1345,data analytics course,0,3705,239.26,25,0,0.046,1506,2112024,hyderabad,tablet,online data analytics,0.0,inf,6.294407757251526
A1346,data analytics course,197,5365,208.86,14,4,0.031,1106,20241101,hyderabad,tablet,data analytics training,0.03671947809878844,1.0602030456852793,5.295413195441922
A1347,data analytics course,114,5213,224.65,26,4,0.035,1218,20241129,hyderabad,tablet,online data analytics,0.021868405908306156,1.9706140350877193,5.421767193411974
A1348,data analytics course,117,3951,212.02,16,5,0.052,1949,20241110,hyderabad,desktop,data analytics training,0.029612756264236904,1.8121367521367522,9.19252900669748
A1349,data analytics course,198,3405,224.9,13,10,0.051,1631,20241114,hyderabad,tablet,online data analytics,0.05814977973568282,1.135858585858586,7.252112049799911
A1350,data analytics course,160,5367,208.47,20,8,0.046,1853,15112024,hyderabad,tablet,data analytics course,0.029811812930873857,1.3029375,8.888569098671272
A1351,data analytics course,137,3602,194.55,23,5,0.036,1580,20241102,hyderabad,tablet,data analytics course,0.038034425319267075,1.42007299270073,8.1213055769725
A1352,data analytics course,163,3917,209.01,10,3,0.046,1823,20241117,hyderabad,tablet,data analytics training,0.04161347970385499,1.2822699386503067,8.722070714319889
A1353,data analytics course,138,5671,244.12,26,3,0.046,1505,13112024,hyderabad,tablet,analytics for data,0.02433433256921178,1.768985507246377,6.165000819269212
A1354,data analytics course,194,5019,227.67,28,7,0.036,1019,22112024,hyderabad,mobile,learn data analytics,0.0386531181510261,1.1735567010309278,4.4757763429525195
A1355,data analytics course,177,3569,190.31,13,8,0.035,1403,20241125,hyderabad,mobile,online data analytics,0.04959372373213786,1.0751977401129944,7.372182228994798
A1356,data analytics course,113,3420,223.48,22,10,0.058,1138,20241123,hyderabad,mobile,online data analytics,0.03304093567251462,1.9776991150442478,5.092178270986218
A1357,data analytics course,133,3064,221.8,22,5,0.038,1538,20241111,hyderabad,mobile,learn data analytics,0.04340731070496084,1.667669172932331,6.934174932371506
A1358,data analytics course,118,3730,207.5,25,8,0.039,1011,20241112,hyderabad,mobile,data analytics training,0.03163538873994638,1.7584745762711864,4.872289156626506
A1359,data analytics course,109,5852,235.44,20,5,0.046,1946,14112024,hyderabad,desktop,analytics for data,0.01862611073137389,2.16,8.26537546721033
A1360,data analytics course,109,4011,184.51,13,6,0.053,1375,20241123,hyderabad,desktop,data analytics online,0.027175268012964347,1.6927522935779815,7.452170614058859
A1361,data analytics course,128,4636,243.83,20,10,0.059,1941,2112024,hyderabad,mobile,data analytics training,0.027610008628127698,1.904921875,7.960464257884591
A1362,data analytics course,181,3087,201.29,19,10,0.046,1505,20112024,hyderabad,mobile,data analytics online,0.05863297700032394,1.1120994475138122,7.476774802523722
A1363,data analytics course,89,5872,198.32,14,6,0.067,1553,20241120,hyderabad,mobile,online data analytics,0.015156675749318801,2.228314606741573,7.830778539733764
A1364,data analytics course,157,5762,248.1,26,4,0.025,1999,20241105,hyderabad,tablet,data analytics online,0.027247483512669212,1.5802547770700637,8.057234985892785
A1365,data analytics course,88,3396,193.79,19,5,0.057,1860,20241118,hyderabad,mobile,online data analytics,0.02591283863368669,2.202159090909091,9.59801847360545
A1366,data analytics course,130,3092,211.39,28,7,0.054,1031,20241124,hyderabad,tablet,data analytics course,0.04204398447606727,1.626076923076923,4.877241118312125
A1367,data analytics course,194,4240,213.45,18,4,0.046,1890,20241123,hyderabad,tablet,data analytics online,0.04575471698113207,1.1002577319587628,8.854532677442025
A1368,data analytics course,180,4297,200.04,24,5,0.046,1050,20241118,hyderabad,mobile,data analytics course,0.04188969048173144,1.1113333333333333,5.248950209958009
A1369,data analytics course,0,5518,243.83,15,10,0.046,1862,20241122,hyderabad,mobile,data analytics online,0.0,inf,7.636468031005208
A1370,data analytics course,0,5039,235.44,24,7,0.046,1839,20241108,hyderabad,desktop,data analytics online,0.0,inf,7.810907237512742
A1371,data analytics course,0,3596,210.31,23,9,0.046,1269,20241101,hyderabad,tablet,online data analytics,0.0,inf,6.033949883505302
A1372,data analytics course,118,4845,190.25,11,3,0.046,1446,20241118,hyderabad,desktop,analytics for data,0.02435500515995872,1.6122881355932204,7.6005256241787125
A1373,data analytics course,101,4883,237.89,11,6,0.046,1368,20241114,hyderabad,desktop,analytics for data,0.02068400573417981,2.355346534653465,5.750556980116861
A1374,data analytics course,120,4618,200.91,18,7,0.058,1775,20241102,hyderabad,tablet,data analytics online,0.0259852750108272,1.67425,8.834801652481211
A1375,data analytics course,194,3941,240.35,27,10,0.052,1373,11112024,hyderabad,desktop,data analytics course,0.04922608475006344,1.238917525773196,5.712502600374454
A1376,data analytics course,135,5096,230.32,14,4,0.03,1478,20241118,hyderabad,mobile,data analytics training,0.026491365777080063,1.706074074074074,6.417158735672109
A1377,data analytics course,190,5537,188.98,20,4,0.021,1989,20241104,hyderabad,tablet,learn data analytics,0.03431461080007224,0.9946315789473684,10.524923272303948
A1378,data analytics course,198,4208,180.06,19,8,0.04,1462,20241108,hyderabad,mobile,data analytics training,0.0470532319391635,0.9093939393939394,8.119515716983228
A1379,data analytics course,87,5358,236.57,19,5,0.057,1141,20241102,hyderabad,tablet,learn data analytics,0.016237402015677492,2.7191954022988507,4.823096757830664
A1380,data analytics course,106,5583,218.81,13,3,0.028,1049,15112024,hyderabad,desktop,data analytics course,0.018986208131828768,2.064245283018868,4.794113614551438
A1381,data analytics course,169,3069,227.7,12,5,0.03,1063,28112024,hyderabad,mobile,data analytics course,0.05506679700228087,1.3473372781065087,4.668423364075538
A1382,data analytics course,195,3738,202.08,18,7,0.046,1647,20241116,hyderabad,tablet,online data analytics,0.0521669341894061,1.0363076923076924,8.15023752969121
A1383,data analytics course,161,4852,235.1,10,8,0.05,1738,20241124,hyderabad,desktop,online data analytics,0.03318219291014015,1.4602484472049688,7.392598894087622
A1384,data analytics course,195,5120,249.6,26,3,0.015,1571,20241104,hyderabad,mobile,data analytics training,0.0380859375,1.28,6.294070512820513
A1385,data analytics course,111,3550,231.81,10,9,0.081,1462,20241126,hyderabad,mobile,data analytics training,0.03126760563380282,2.0883783783783785,6.306889262758293
A1386,data analytics course,124,5618,205.95,25,7,0.056,1374,19112024,hyderabad,mobile,data analytics course,0.022071911712353152,1.6608870967741935,6.671522214129643
A1387,data analytics course,89,4700,219.95,28,6,0.067,1493,20241119,hyderabad,mobile,data analytics course,0.018936170212765956,2.4713483146067414,6.787906342350534
A1388,data analytics course,122,5874,201.04,10,7,0.046,1352,30112024,hyderabad,desktop,data analytics course,0.02076949267960504,1.6478688524590164,6.725029844807004
A1389,data analytics course,177,5965,199.7,28,3,0.017,1090,20241113,hyderabad,mobile,data analytics online,0.02967309304274937,1.1282485875706214,5.458187280921383
A1390,data analytics course,163,5774,221.61,29,9,0.055,1396,20241108,hyderabad,desktop,learn data analytics,0.028229996536196744,1.3595705521472394,6.299354722259825
A1391,data analytics course,124,4079,189.07,18,3,0.024,1430,20241123,hyderabad,desktop,data analytics course,0.030399607746996814,1.524758064516129,7.563336330459618
A1392,data analytics course,105,3670,218.45,25,6,0.046,1650,20241122,hyderabad,desktop,online data analytics,0.02861035422343324,2.0804761904761904,7.5532158388647295
A1393,data analytics course,122,3394,215.57,20,4,0.046,1053,20241103,hyderabad,mobile,data analytics online,0.03594578668238067,1.766967213114754,4.884724219511064
A1394,data analytics course,166,5730,241.3,16,5,0.03,1505,20241117,hyderabad,mobile,data analytics online,0.028970331588132635,1.4536144578313255,6.237049316203895
A1395,data analytics course,96,3761,196.45,10,5,0.035,1518,20241130,hyderabad,tablet,online data analytics,0.02552512629619782,2.0463541666666667,7.7271570374141
A1396,data analytics course,135,4505,214.64,17,9,0.046,1500,6112024,hyderabad,mobile,online data analytics,0.029966703662597113,1.5899259259259257,6.988445769660828
A1397,data analytics course,179,3975,183.25,14,3,0.017,1505,20241106,hyderabad,tablet,data analytics course,0.0450314465408805,1.0237430167597765,8.212824010914051
A1398,data analytics course,163,0,206.46,14,3,0.046,1103,20241112,hyderabad,tablet,learn data analytics,,1.2666257668711658,5.342439213406955
A1399,data analytics course,198,5883,215.57,19,9,0.045,1182,27112024,hyderabad,mobile,data analytics online,0.033656297807241206,1.0887373737373738,5.483137727884214
A1400,data analytics course,86,3555,225.23,11,6,0.035,1193,20241111,hyderabad,desktop,data analytics training,0.02419127988748242,2.618953488372093,5.296807707676598
A1401,data analytics course,89,3760,218.69,21,9,0.101,1474,25112024,hyderabad,desktop,learn data analytics,0.023670212765957446,2.457191011235955,6.740134436874114
A1402,data analytics course,118,3596,236.66,29,9,0.076,1154,20241123,hyderabad,tablet,data analytics course,0.03281423804226919,2.0055932203389832,4.876193695597059
A1403,data analytics course,0,3217,232.15,21,8,0.046,1726,21112024,hyderabad,mobile,data analytics training,0.0,inf,7.434848158518199
A1404,data analytics course,95,5386,184.96,23,8,0.051,1045,20112024,hyderabad,desktop,online data analytics,0.017638321574452283,1.9469473684210528,5.649870242214533
A1405,data analytics course,144,5381,199.43,10,10,0.069,1085,20241109,hyderabad,desktop,data analytics training,0.026760825125441368,1.3849305555555556,5.44050544050544
A1406,data analytics course,107,5536,238.75,15,3,0.034,1822,20241117,hyderabad,mobile,analytics for data,0.019328034682080924,2.2313084112149535,7.631413612565445
A1407,data analytics course,146,3165,211.09,16,7,0.048,1706,20241108,hyderabad,mobile,learn data analytics,0.04612954186413902,1.4458219178082192,8.081860817660713
A1408,data analytics course,114,5217,247.94,11,10,0.088,1876,20241118,hyderabad,desktop,data analytics online,0.02185163887291547,2.1749122807017542,7.56634669678148
A1409,data analytics course,162,4301,223.77,21,7,0.043,1066,20112024,hyderabad,mobile,learn data analytics,0.03766565914903511,1.3812962962962965,4.763819993743576
A1410,data analytics course,95,5971,214.57,29,10,0.046,1539,20241116,hyderabad,mobile,analytics for data,0.015910232791827166,2.2586315789473685,7.172484503891504
A1411,data analytics course,163,5160,184.84,19,4,0.041,1773,20241123,hyderabad,desktop,data analytics course,0.0315891472868217,1.1339877300613497,9.592079636442328
A1412,data analytics course,148,5947,212.38,12,4,0.046,1294,20241124,hyderabad,mobile,online data analytics,0.024886497393643854,1.435,6.092852434315849
A1413,data analytics course,156,4150,223.17,20,10,0.064,1940,14112024,hyderabad,tablet,learn data analytics,0.037590361445783135,1.430576923076923,8.69292467625577
A1414,data analytics course,99,4040,215.57,13,5,0.051,1502,20241126,hyderabad,tablet,online data analytics,0.024504950495049506,2.1774747474747476,6.967574337802106
A1415,data analytics course,124,5956,201.44,12,9,0.073,1598,20241124,hyderabad,tablet,data analytics online,0.020819341840161182,1.624516129032258,7.932883240667196
A1416,data analytics course,138,4769,229.44,27,8,0.058,1505,19112024,hyderabad,mobile,data analytics training,0.028936884042776265,1.662608695652174,6.5594490934449095
A1417,data analytics course,140,3822,241.68,30,10,0.057,1138,20241119,hyderabad,tablet,data analytics course,0.03663003663003663,1.7262857142857144,4.708705726580602
A1418,data analytics course,81,3147,232.2,30,9,0.111,1066,20241129,hyderabad,mobile,data analytics course,0.025738798856053385,2.8666666666666667,4.590869939707149
A1419,data analytics course,165,4613,246.72,19,3,0.018,1055,20241111,hyderabad,tablet,data analytics training,0.03576848038153046,1.4952727272727273,4.276102464332037
A1420,data analytics course,193,4919,247.24,19,4,0.021,1933,25112024,hyderabad,desktop,data analytics online,0.039235616995324255,1.2810362694300519,7.818314188642614
A1421,data analytics course,149,5205,218.42,20,4,0.046,1070,20241128,hyderabad,mobile,online data analytics,0.02862632084534102,1.4659060402684563,4.898818789488143
A1422,data analytics course,81,3497,226.66,11,6,0.074,1047,20241119,hyderabad,mobile,data analytics online,0.023162710895052903,2.7982716049382717,4.619253507456102
A1423,data analytics course,153,4057,197.54,23,5,0.046,1926,22112024,hyderabad,tablet,data analytics online,0.03771259551392655,1.291111111111111,9.749924066011948
A1424,data analytics course,127,5018,194.25,17,8,0.046,1350,20241121,hyderabad,mobile,data analytics online,0.02530888800318852,1.529527559055118,6.94980694980695
A1425,data analytics course,99,4012,220.76,14,4,0.04,1698,20241112,hyderabad,tablet,data analytics training,0.024675972083748755,2.22989898989899,7.6916107990578
A1426,data analytics course,104,3013,204.07,12,3,0.058,1016,20241120,hyderabad,mobile,learn data analytics,0.0345170925987388,1.9622115384615384,4.978683784975744
A1427,data analytics course,118,3824,184.8,16,5,0.042,1818,20241119,hyderabad,desktop,learn data analytics,0.03085774058577406,1.5661016949152544,9.837662337662337
A1428,data analytics course,148,5000,224.41,11,3,0.046,1491,20241130,hyderabad,mobile,online data analytics,0.0296,1.5162837837837837,6.644088944342943
A1429,data analytics course,88,3804,249.2,10,8,0.038,1044,20241109,hyderabad,tablet,data analytics training,0.023133543638275498,2.8318181818181816,4.189406099518459
A1430,data analytics course,142,3791,207.86,23,4,0.028,1073,20241120,hyderabad,tablet,data analytics online,0.03745713532049591,1.4638028169014086,5.162128355623977
A1431,data analytics course,127,5198,242.56,26,6,0.047,1872,20241116,hyderabad,tablet,learn data analytics,0.02443247402847249,1.9099212598425197,7.717678100263853
A1432,data analytics course,117,5329,212.49,14,5,0.046,1888,20241103,hyderabad,mobile,data analytics course,0.02195533871270407,1.8161538461538462,8.885124005835568
A1433,data analytics course,125,5435,202.65,25,5,0.04,1767,20241123,hyderabad,desktop,online data analytics,0.022999080036798528,1.6212,8.719467061435973
A1434,data analytics course,92,4977,209.78,26,3,0.046,1834,20241112,hyderabad,tablet,learn data analytics,0.01848503114325899,2.280217391304348,8.742492134617217
A1435,data analytics course,112,3850,233.52,14,8,0.033,1760,20241122,hyderabad,desktop,data analytics course,0.02909090909090909,2.085,7.536827680712572
A1436,data analytics course,144,5976,197.65,13,9,0.062,1743,20241122,hyderabad,mobile,data analytics course,0.024096385542168676,1.3725694444444445,8.818618770554009
A1437,data analytics course,103,4693,218.67,14,10,0.046,1390,20241109,hyderabad,mobile,learn data analytics,0.021947581504368208,2.123009708737864,6.356610417524124
A1438,data analytics course,117,4367,233.27,24,3,0.046,1238,20241124,hyderabad,tablet,learn data analytics,0.026791847950538128,1.9937606837606838,5.307154799159772
A1439,data analytics course,100,5481,180.72,14,7,0.07,1185,20241102,hyderabad,desktop,analytics for data,0.01824484583105273,1.8072,6.557104913678619
A1440,data analytics course,179,4109,191.84,19,4,0.022,1961,2112024,hyderabad,tablet,online data analytics,0.04356291068386469,1.071731843575419,10.222060050041701
A1441,data analytics course,180,3887,186.26,18,6,0.033,1048,5112024,hyderabad,desktop,data analytics course,0.0463082068433239,1.0347777777777778,5.626543541286374
A1442,data analytics course,146,4633,186.07,26,3,0.021,1053,20241125,hyderabad,desktop,data analytics training,0.03151305849341679,1.2744520547945204,5.659160530982963
A1443,data analytics course,124,5353,239.69,13,4,0.032,1493,20241119,hyderabad,desktop,learn data analytics,0.023164580609004295,1.9329838709677418,6.228878968667862
A1444,data analytics course,169,5380,199.66,27,6,0.036,1059,20241103,hyderabad,desktop,data analytics training,0.03141263940520446,1.1814201183431952,5.304016828608635
A1445,data analytics course,91,5104,211.85,29,9,0.046,1309,20241116,hyderabad,tablet,data analytics course,0.017829153605015673,2.3280219780219777,6.1789001652112345
A1446,data analytics course,145,0,236.03,24,8,0.046,1220,17112024,hyderabad,desktop,online data analytics,,1.6277931034482758,5.168834470194467
A1447,data analytics course,115,4345,229.71,15,4,0.046,1467,20241126,hyderabad,mobile,data analytics course,0.026467203682393557,1.9974782608695654,6.386313177484654
A1448,data analytics course,123,3527,239.31,21,3,0.024,1536,4112024,hyderabad,tablet,analytics for data,0.03487383045080805,1.945609756097561,6.418453052526012
A1449,data analytics course,101,3330,209.8,19,10,0.099,1296,20241114,hyderabad,mobile,data analytics training,0.03033033033033033,2.0772277227722773,6.177311725452812
A1450,data analytics course,141,3913,245.32,21,3,0.056,1904,20241115,hyderabad,desktop,analytics for data,0.03603373370815231,1.7398581560283688,7.761291374531225
A1451,data analytics course,160,4597,211.88,21,4,0.025,1505,20241121,hyderabad,desktop,data analytics training,0.03480530780944094,1.32425,7.103077213517086
A1452,data analytics course,105,3008,206.91,21,4,0.038,1009,20241110,hyderabad,desktop,online data analytics,0.03490691489361702,1.9705714285714286,4.876516359769949
A1453,data analytics course,178,5318,207.05,18,4,0.031,1421,20241120,hyderabad,desktop,data analytics online,0.033471229785633695,1.1632022471910113,6.863076551557595
A1454,data analytics course,189,5244,242.18,29,3,0.016,1080,20241107,hyderabad,mobile,analytics for data,0.036041189931350116,1.2813756613756615,4.4594929391361795
A1455,data analytics course,114,4804,249.33,14,6,0.053,1879,5112024,hyderabad,mobile,data analytics course,0.02373022481265612,2.187105263157895,7.536197007981389
A1456,data analytics course,160,5920,201.3,30,7,0.047,1080,20241118,hyderabad,tablet,data analytics course,0.02702702702702703,1.2581250000000002,5.365126676602086
A1457,data analytics course,101,5280,234.72,18,9,0.046,1046,27112024,hyderabad,tablet,data analytics course,0.019128787878787877,2.323960396039604,4.4563735514655765
A1458,data analytics course,146,3887,206.59,26,9,0.062,1042,7112024,hyderabad,desktop,online data analytics,0.03756110110625161,1.415,5.043806573406264
A1459,data analytics course,128,4532,183.28,11,0,0.046,1571,25112024,hyderabad,desktop,data analytics training,0.02824360105913504,1.431875,8.57158446093409
A1460,data analytics course,163,4125,246.09,27,5,0.031,1910,20241127,hyderabad,mobile,learn data analytics,0.03951515151515152,1.5097546012269938,7.761388110041041
A1461,data analytics course,193,5571,213.5,19,8,0.059,1754,28112024,hyderabad,mobile,analytics for data,0.03464369054029797,1.1062176165803108,8.215456674473067
A1462,data analytics course,179,4309,237.62,21,7,0.039,1719,20241114,hyderabad,mobile,data analytics course,0.041540960779763283,1.327486033519553,7.234239542126083
A1463,data analytics course,86,5538,223.13,22,7,0.037,1544,20241130,hyderabad,tablet,data analytics training,0.015529071867100036,2.59453488372093,6.919732891139694
A1464,data analytics course,92,3162,202.76,25,5,0.046,1577,1112024,hyderabad,mobile,data analytics training,0.0290955091714105,2.2039130434782606,7.7776681791280335
A1465,data analytics course,125,5811,194.92,14,0,0.03,1505,20241122,hyderabad,tablet,data analytics training,0.021510927551196008,1.5593599999999999,7.721116355427869
A1466,data analytics course,147,3112,206.74,12,8,0.054,1815,18112024,hyderabad,mobile,data analytics course,0.04723650385604113,1.4063945578231294,8.779142884782818
A1467,data analytics course,143,4492,188.98,13,3,0.056,1505,20241109,hyderabad,mobile,online data analytics,0.031834372217275156,1.3215384615384616,7.963805693724204
A1468,data analytics course,181,0,208.33,22,8,0.044,1932,20241105,hyderabad,tablet,online data analytics,,1.1509944751381216,9.273748379974078
A1469,data analytics course,164,3872,210.53,12,5,0.03,1532,20241112,hyderabad,tablet,data analytics online,0.042355371900826444,1.283719512195122,7.2768726547285425
A1470,data analytics course,199,4255,212.84,14,6,0.054,1125,20241122,hyderabad,desktop,learn data analytics,0.04676850763807285,1.0695477386934673,5.28566059011464
A1471,data analytics course,83,0,229.97,12,8,0.096,2000,30112024,hyderabad,desktop,analytics for data,,2.770722891566265,8.69678653737444
A1472,data analytics course,150,5619,191.89,23,6,0.04,1735,20241119,hyderabad,desktop,data analytics training,0.026695141484249868,1.2792666666666666,9.041638438688834
A1473,data analytics course,171,5157,183.26,24,9,0.046,1430,9112024,hyderabad,desktop,data analytics online,0.03315881326352531,1.0716959064327485,7.803121248499401
A1474,data analytics course,139,4871,211.4,25,9,0.065,1247,20241129,hyderabad,mobile,data analytics training,0.028536234859371793,1.5208633093525181,5.8987701040681175
A1475,data analytics course,117,5863,224.69,24,10,0.054,1580,16112024,hyderabad,mobile,data analytics online,0.019955654101995565,1.9204273504273504,7.031910632426899
A1476,data analytics course,196,3205,188.82,24,8,0.041,1837,24112024,hyderabad,desktop,data analytics course,0.06115444617784711,0.9633673469387755,9.728842283656393
A1477,data analytics course,184,5463,224.58,30,6,0.033,1565,20241126,hyderabad,tablet,data analytics training,0.03368112758557569,1.2205434782608697,6.9685635408317745
A1478,data analytics course,103,5667,232.48,26,8,0.046,1888,20241116,hyderabad,tablet,learn data analytics,0.01817540144697371,2.257087378640777,8.121128699242947
A1479,data analytics course,120,4666,180.72,30,3,0.053,1627,20241124,hyderabad,mobile,analytics for data,0.02571795970852979,1.506,9.002877379371403
A1480,data analytics course,148,3632,214.46,28,10,0.046,1589,20241118,hyderabad,mobile,data analytics training,0.040748898678414094,1.4490540540540542,7.409307096894525
A1481,data analytics course,80,3834,181.22,15,3,0.037,1270,22112024,hyderabad,tablet,learn data analytics,0.020865936358894107,2.26525,7.008056505904426
A1482,data analytics course,168,3934,246.09,24,6,0.041,1592,24112024,hyderabad,tablet,data analytics online,0.042704626334519574,1.4648214285714285,6.469177943028973
A1483,data analytics course,136,5724,218.37,25,10,0.074,1268,20241118,hyderabad,desktop,data analytics course,0.023759608665269043,1.6056617647058824,5.80665842377616
A1484,data analytics course,86,4763,243.78,11,8,0.093,1770,13112024,hyderabad,mobile,learn data analytics,0.018055847155154313,2.834651162790698,7.260644843711543
A1485,data analytics course,175,3095,236.86,22,4,0.023,1617,20241120,hyderabad,mobile,analytics for data,0.05654281098546042,1.3534857142857144,6.826817529342227
A1486,data analytics course,173,5554,185.09,22,4,0.023,1000,20241101,hyderabad,desktop,data analytics course,0.031148721642059778,1.0698843930635837,5.402777027392079
A1487,data analytics course,192,3407,223.29,29,9,0.047,1538,20241125,hyderabad,tablet,data analytics training,0.05635456413266804,1.1629687499999999,6.887903623091048
A1488,data analytics course,190,4465,241.38,28,5,0.026,1910,20241104,hyderabad,desktop,analytics for data,0.0425531914893617,1.270421052631579,7.912834534758472
A1489,data analytics course,161,3311,221.64,16,5,0.031,1006,2112024,hyderabad,tablet,online data analytics,0.048625792811839326,1.376645962732919,4.538891896769536
A1490,data analytics course,197,3265,200.4,15,3,0.015,1882,1112024,hyderabad,mobile,learn data analytics,0.06033690658499234,1.017258883248731,9.39121756487026
A1491,data analytics course,80,4969,210.7,25,3,0.037,1146,20241105,hyderabad,tablet,analytics for data,0.016099818877037632,2.63375,5.439012814428097
A1492,data analytics course,145,5368,200.88,14,4,0.028,1125,20241127,hyderabad,tablet,learn data analytics,0.027011922503725784,1.3853793103448275,5.600358422939069
A1493,data analytics course,90,5851,232.94,22,8,0.089,1421,20241128,hyderabad,desktop,learn data analytics,0.015381985985301657,2.588222222222222,6.100283334764317
A1494,data analytics course,109,4884,228.13,11,8,0.046,1680,20241115,hyderabad,desktop,data analytics training,0.02231777231777232,2.092935779816514,7.36422215403498
A1495,data analytics course,130,5719,215.57,10,5,0.03,1208,20241123,hyderabad,desktop,analytics for data,0.0227312467214548,1.6582307692307692,5.603748202440043
A1496,data analytics course,179,5828,247.84,15,4,0.022,1127,20241114,hyderabad,mobile,analytics for data,0.03071379547014413,1.3845810055865921,4.54728857327308
A1497,data analytics course,181,4935,239.29,15,5,0.03,1497,9112024,hyderabad,desktop,data analytics training,0.03667679837892604,1.3220441988950276,6.256007355092148
A1498,data analytics course,188,4491,201.73,24,7,0.037,1906,20241121,hyderabad,mobile,online data analytics,0.04186150077933645,1.073031914893617,9.448272443364894
A1499,data analytics course,139,3659,189.09,16,4,0.029,1892,20241129,hyderabad,desktop,data analytics training,0.03798852145394917,1.3603597122302158,10.005817335660268
A1500,data analytics course,99,4809,210.6,24,8,0.081,1505,13112024,hyderabad,mobile,data analytics course,0.020586400499064253,2.1272727272727274,7.14624881291548
A1501,data analytics course,95,5844,211.95,10,9,0.095,1444,20241108,hyderabad,tablet,learn data analytics,0.01625598904859685,2.2310526315789474,6.812927577258788
A1502,data analytics course,131,5559,215.57,28,5,0.035,1604,20241129,hyderabad,desktop,analytics for data,0.02356538945853571,1.6455725190839694,7.440738507213434
A1503,data analytics course,190,4630,217.6,27,4,0.046,1900,20241123,hyderabad,tablet,data analytics training,0.04103671706263499,1.1452631578947368,8.731617647058824
A1504,data analytics course,123,3340,225.16,23,8,0.046,1563,20241126,hyderabad,mobile,online data analytics,0.03682634730538922,1.830569105691057,6.941730325102149
A1505,data analytics course,97,3330,182.98,15,3,0.031,1102,20241114,hyderabad,tablet,data analytics online,0.029129129129129128,1.8863917525773195,6.022516121980544
A1506,data analytics course,164,3117,198.53,25,5,0.046,1749,20241129,hyderabad,mobile,analytics for data,0.05261469361565608,1.2105487804878048,8.809751674809853
A1507,data analytics course,134,3562,247.59,24,10,0.075,1295,1112024,hyderabad,tablet,analytics for data,0.037619314991577765,1.8476865671641791,5.230421260955612
A1508,data analytics course,117,5144,221.76,23,3,0.038,1338,20241111,hyderabad,mobile,analytics for data,0.022744945567651633,1.8953846153846152,6.033549783549784
A1509,data analytics course,168,4375,215.57,19,8,0.048,1267,20241106,hyderabad,mobile,online data analytics,0.0384,1.2831547619047619,5.877441202393654
A1510,data analytics course,173,3328,224.17,15,10,0.043,1904,20241128,hyderabad,mobile,online data analytics,0.05198317307692308,1.2957803468208091,8.493553999197038
A1511,data analytics course,158,4336,238.29,26,9,0.052,1245,20241130,hyderabad,tablet,online data analytics,0.03643911439114391,1.5081645569620252,5.224726173989676
A1512,data analytics course,135,5063,195.58,22,6,0.044,1505,29112024,hyderabad,tablet,learn data analytics,0.02666403318190796,1.4487407407407409,7.695060844667143
A1513,data analytics course,182,5993,215.57,19,3,0.046,1254,19112024,hyderabad,desktop,data analytics training,0.03036876355748373,1.1844505494505495,5.81713596511574
A1514,data analytics course,83,3926,237.07,22,5,0.06,1667,20241107,hyderabad,mobile,analytics for data,0.021141110545084055,2.856265060240964,7.031678407221496
A1515,data analytics course,85,5570,221.73,14,7,0.046,1292,29112024,hyderabad,tablet,data analytics online,0.01526032315978456,2.6085882352941177,5.8269065981148245
A1516,data analytics course,98,5571,208.4,15,7,0.071,1890,14112024,hyderabad,desktop,analytics for data,0.01759109675103213,2.126530612244898,9.069097888675623
A1517,data analytics course,151,5700,182.27,13,3,0.054,1255,20241123,hyderabad,mobile,data analytics course,0.026491228070175437,1.2070860927152318,6.885389806331267
A1518,data analytics course,122,4441,244.38,25,6,0.049,1505,2112024,hyderabad,desktop,analytics for data,0.027471290249943707,2.0031147540983607,6.158441771012358
A1519,data analytics course,84,4646,226.32,11,7,0.051,1596,20241130,hyderabad,tablet,analytics for data,0.018080068876452863,2.6942857142857144,7.0519618239660655
A1520,data analytics course,127,5964,182.01,26,0,0.046,1490,25112024,hyderabad,desktop,data analytics course,0.02129443326626425,1.4331496062992126,8.186363386627109
A1521,data analytics course,148,4725,187.02,25,3,0.02,1586,20241115,hyderabad,mobile,learn data analytics,0.03132275132275132,1.2636486486486487,8.480376430328306
A1522,data analytics course,85,4230,233.73,18,8,0.046,1998,20241108,hyderabad,tablet,data analytics course,0.02009456264775414,2.749764705882353,8.548324990373509
A1523,data analytics course,105,3880,246.63,19,8,0.051,1598,20241113,hyderabad,mobile,data analytics training,0.027061855670103094,2.3488571428571428,6.479341523740016
A1524,data analytics course,187,3842,214.35,28,5,0.031,1596,20241113,hyderabad,mobile,online data analytics,0.048672566371681415,1.1462566844919786,7.445766270118964
A1525,data analytics course,153,3143,244.73,12,10,0.065,1365,20241115,hyderabad,mobile,online data analytics,0.04867960547247852,1.5995424836601306,5.577575287051036
A1526,data analytics course,143,5781,208.63,21,9,0.05,1443,20241126,hyderabad,mobile,data analytics online,0.024736204808856598,1.4589510489510489,6.916550831615779
A1527,data analytics course,183,3790,202.48,21,8,0.037,1215,26112024,hyderabad,desktop,data analytics training,0.04828496042216359,1.106448087431694,6.000592651126038
A1528,data analytics course,172,4250,235.2,28,7,0.046,1036,6112024,hyderabad,mobile,learn data analytics,0.04047058823529412,1.3674418604651162,4.404761904761905
A1529,data analytics course,98,3800,240.45,16,3,0.031,1700,20241101,hyderabad,desktop,data analytics course,0.025789473684210525,2.4535714285714283,7.070076939072573
A1530,data analytics course,87,4675,200.71,28,6,0.069,1428,20241120,hyderabad,mobile,analytics for data,0.018609625668449196,2.3070114942528734,7.114742663544417
A1531,data analytics course,84,5711,216.02,13,6,0.046,1654,20241117,hyderabad,desktop,data analytics training,0.014708457362983715,2.5716666666666668,7.656698453846865
A1532,data analytics course,151,3022,191.35,13,4,0.026,1133,20241118,hyderabad,mobile,learn data analytics,0.0499669093315685,1.2672185430463576,5.921087013326366
A1533,data analytics course,113,5407,203.23,15,9,0.037,1745,20241116,hyderabad,desktop,data analytics training,0.0208988348437211,1.7984955752212388,8.586330758254196
A1534,data analytics course,89,5095,202.21,22,4,0.056,1065,20241107,hyderabad,tablet,data analytics course,0.01746810598626104,2.2720224719101125,5.266801839671628
A1535,data analytics course,174,3587,217.67,10,7,0.04,1226,22112024,hyderabad,mobile,data analytics training,0.04850850292723725,1.2509770114942529,5.63237928975054
A1536,data analytics course,166,5524,205.53,25,7,0.046,1241,24112024,hyderabad,mobile,analytics for data,0.03005068790731354,1.238132530120482,6.038047973531844
A1537,data analytics course,196,3777,246.52,0,5,0.026,1159,20241115,hyderabad,desktop,data analytics course,0.051893036801694464,1.2577551020408164,4.701444101898426
A1538,data analytics course,97,3480,233.32,22,3,0.031,1008,20241128,hyderabad,desktop,data analytics online,0.027873563218390806,2.4053608247422678,4.320246871249786
A1539,data analytics course,89,4200,200.98,23,8,0.046,1476,23112024,hyderabad,mobile,data analytics course,0.02119047619047619,2.258202247191011,7.344014329784058
A1540,data analytics course,130,5384,218.6,24,8,0.062,1943,20241128,hyderabad,mobile,learn data analytics,0.024145616641901933,1.6815384615384614,8.888380603842636
A1541,data analytics course,103,4766,245.34,11,8,0.078,1488,20241108,hyderabad,desktop,analytics for data,0.02161141418380193,2.3819417475728155,6.0650525800929325
A1542,data analytics course,138,3322,196.83,17,8,0.058,1505,20241101,hyderabad,desktop,online data analytics,0.041541240216736906,1.426304347826087,7.646192145506274
A1543,data analytics course,127,4625,207.62,17,3,0.024,1811,20241117,hyderabad,desktop,learn data analytics,0.02745945945945946,1.6348031496062994,8.722666409787111
A1544,data analytics course,170,4689,195.98,26,6,0.035,1873,20241114,hyderabad,desktop,data analytics online,0.03625506504585199,1.1528235294117646,9.55709766302684
A1545,data analytics course,115,3764,197.47,20,5,0.046,1952,20241127,hyderabad,desktop,learn data analytics,0.03055260361317747,1.7171304347826086,9.885045829746291
A1546,data analytics course,132,3365,198.01,17,9,0.068,1161,20241114,hyderabad,desktop,analytics for data,0.03922734026745914,1.5000757575757575,5.863340235341649
A1547,data analytics course,168,3392,230.77,15,9,0.054,1504,20241111,hyderabad,mobile,online data analytics,0.049528301886792456,1.3736309523809525,6.517311608961303
A1548,data analytics course,145,5978,223.3,30,10,0.046,1859,20241120,hyderabad,mobile,online data analytics,0.02425560388089662,1.54,8.32512315270936
A1549,data analytics course,163,3340,217.35,26,7,0.043,1751,24112024,hyderabad,tablet,data analytics training,0.04880239520958084,1.3334355828220859,8.056130664826318
A1550,data analytics course,84,4407,192.52,19,10,0.119,1221,20241103,hyderabad,tablet,learn data analytics,0.01906058543226685,2.291904761904762,6.342198213172657
A1551,data analytics course,124,3180,180.8,17,6,0.048,1822,20241111,hyderabad,mobile,online data analytics,0.0389937106918239,1.4580645161290324,10.077433628318584
A1552,data analytics course,162,4947,233.76,23,6,0.045,1973,20241115,hyderabad,tablet,data analytics course,0.03274711946634324,1.442962962962963,8.440280629705681
A1553,data analytics course,119,4480,184.25,20,3,0.025,1985,22112024,hyderabad,mobile,online data analytics,0.0265625,1.5483193277310925,10.773405698778832
A1554,data analytics course,151,5595,246.66,24,4,0.026,1921,20241129,hyderabad,desktop,learn data analytics,0.026988382484361036,1.6335099337748344,7.788048325630423
A1555,data analytics course,190,4808,199.94,16,6,0.032,1454,20241103,hyderabad,desktop,data analytics online,0.03951747088186356,1.052315789473684,7.272181654496349
A1556,data analytics course,138,3382,204.12,27,7,0.051,1386,5112024,hyderabad,tablet,learn data analytics,0.04080425783560024,1.4791304347826086,6.790123456790123
A1557,data analytics course,100,4643,214.46,16,9,0.09,1179,20241103,hyderabad,tablet,online data analytics,0.021537798836958864,2.1446,5.497528676676303
A1558,data analytics course,187,5400,210.0,14,7,0.046,1945,20241115,hyderabad,desktop,analytics for data,0.03462962962962963,1.1229946524064172,9.261904761904763
A1559,data analytics course,176,3400,191.5,29,3,0.046,1429,28112024,hyderabad,mobile,online data analytics,0.05176470588235294,1.0880681818181819,7.462140992167102
A1560,data analytics course,117,4223,215.57,28,6,0.059,1489,20241110,hyderabad,mobile,data analytics training,0.027705422685294814,1.8424786324786324,6.907269100524192
A1561,data analytics course,196,0,206.31,24,8,0.051,1426,20241123,hyderabad,tablet,data analytics online,,1.0526020408163266,6.911928651059085
A1562,data analytics course,155,3864,222.17,12,3,0.046,1407,20241121,hyderabad,mobile,data analytics training,0.04011387163561077,1.4333548387096773,6.332988252239277
A1563,data analytics course,188,3838,240.99,15,3,0.016,1951,10112024,hyderabad,mobile,data analytics course,0.04898384575299635,1.2818617021276597,8.095771608780447
A1564,data analytics course,81,5659,222.98,25,4,0.057,1654,20241119,hyderabad,tablet,data analytics online,0.014313482947517229,2.7528395061728395,7.417705623822765
A1565,data analytics course,125,4794,215.57,28,7,0.051,1453,20241122,hyderabad,desktop,data analytics online,0.026074259491030455,1.7245599999999999,6.740269981908429
A1566,data analytics course,158,5214,222.28,21,3,0.019,1630,3112024,hyderabad,desktop,data analytics course,0.030303030303030304,1.4068354430379746,7.333093395717113
A1567,data analytics course,133,5762,196.02,10,5,0.038,1505,20241103,hyderabad,tablet,data analytics course,0.023082263103089206,1.4738345864661655,7.677787980818284
A1568,data analytics course,128,5026,239.88,15,9,0.07,1745,20241125,hyderabad,mobile,analytics for data,0.025467568643056108,1.8740625,7.274470568617642
A1569,data analytics course,148,3883,181.4,30,4,0.027,1966,20241116,hyderabad,desktop,analytics for data,0.03811485964460469,1.2256756756756757,10.83792723263506
A1570,data analytics course,92,4605,234.69,29,3,0.046,1264,20241130,hyderabad,mobile,data analytics training,0.01997828447339848,2.5509782608695653,5.385828113681878
A1571,data analytics course,147,0,205.83,25,8,0.046,1728,20241102,hyderabad,desktop,data analytics course,,1.400204081632653,8.39527765631832
A1572,data analytics course,136,5454,247.7,13,6,0.044,1687,20241106,hyderabad,mobile,data analytics online,0.024935826916024934,1.8213235294117647,6.810658054097699
A1573,data analytics course,132,4957,220.43,28,6,0.045,1218,3112024,hyderabad,mobile,online data analytics,0.026629009481541253,1.6699242424242424,5.525563671006669
A1574,data analytics course,173,0,241.61,28,3,0.017,1191,20241113,hyderabad,tablet,learn data analytics,,1.3965895953757226,4.929431728819171
A1575,data analytics course,85,4747,224.35,26,5,0.059,1087,1112024,hyderabad,tablet,data analytics course,0.01790604592374131,2.639411764705882,4.845108090037887
A1576,data analytics course,129,5874,200.17,12,5,0.039,1405,20241129,hyderabad,tablet,online data analytics,0.021961184882533197,1.551705426356589,7.019033821251936
A1577,data analytics course,181,4730,243.35,16,4,0.046,1975,20241120,hyderabad,mobile,online data analytics,0.03826638477801268,1.344475138121547,8.115882473803165
A1578,data analytics course,85,5341,249.64,21,6,0.032,1388,20241110,hyderabad,mobile,online data analytics,0.015914622729825877,2.936941176470588,5.560006409229291
A1579,data analytics course,92,4327,188.6,14,7,0.046,1140,20241122,hyderabad,tablet,data analytics training,0.021261844233880285,2.05,6.044538706256628
A1580,data analytics course,192,0,180.82,27,4,0.021,1847,9112024,hyderabad,mobile,data analytics training,,0.9417708333333333,10.214578033403384
A1581,data analytics course,146,4484,194.67,27,9,0.052,1234,20241102,hyderabad,tablet,data analytics training,0.03256021409455843,1.3333561643835616,6.338932552524786
A1582,data analytics course,178,4311,205.46,18,4,0.022,1671,20241118,hyderabad,tablet,analytics for data,0.041289723961957785,1.1542696629213482,8.132969921152535
A1583,data analytics course,197,3009,233.44,22,9,0.046,1374,18112024,hyderabad,tablet,analytics for data,0.06547025589896975,1.18497461928934,5.885880740233036
A1584,data analytics course,176,3110,205.23,23,5,0.028,1746,20241119,hyderabad,desktop,online data analytics,0.05659163987138264,1.1660795454545454,8.507528139160941
A1585,data analytics course,98,3365,224.28,27,9,0.046,1108,27112024,hyderabad,desktop,data analytics training,0.02912332838038633,2.2885714285714287,4.9402532548599964
A1586,data analytics course,105,3274,187.89,24,4,0.038,1360,20241109,hyderabad,desktop,learn data analytics,0.03207086133170434,1.7894285714285714,7.23827771568471
A1587,data analytics course,113,3231,210.13,19,10,0.041,1234,20241115,hyderabad,desktop,online data analytics,0.03497369235530796,1.8595575221238938,5.872555084947414
A1588,data analytics course,0,3440,246.53,13,10,0.046,1217,27112024,hyderabad,tablet,online data analytics,0.0,inf,4.936518882083316
A1589,data analytics course,88,5196,197.32,26,5,0.057,1438,20241103,hyderabad,desktop,online data analytics,0.016936104695919937,2.242272727272727,7.287654571254815
A1590,data analytics course,106,5321,239.76,11,7,0.066,1910,24112024,hyderabad,desktop,data analytics training,0.019921067468520955,2.26188679245283,7.9662996329663
A1591,data analytics course,148,5841,243.09,15,7,0.047,1535,29112024,hyderabad,mobile,data analytics online,0.025338127033042286,1.6425,6.3145337117939855
A1592,data analytics course,174,0,227.96,25,5,0.029,1566,20241115,hyderabad,tablet,online data analytics,,1.3101149425287357,6.869626250219336
A1593,data analytics course,196,5776,227.24,30,4,0.02,1505,4112024,hyderabad,mobile,data analytics training,0.03393351800554017,1.1593877551020408,6.622953705333567
A1594,data analytics course,128,4729,243.45,25,9,0.031,1782,20241123,hyderabad,desktop,learn data analytics,0.027067033199407908,1.901953125,7.3197781885397415
A1595,data analytics course,163,5371,215.89,29,7,0.043,1906,20241105,hyderabad,tablet,data analytics course,0.03034816607708062,1.3244785276073618,8.82857010514614
A1596,data analytics course,183,5268,203.65,17,5,0.027,1731,20241112,hyderabad,mobile,learn data analytics,0.034738041002277904,1.1128415300546448,8.499877240363368
A1597,data analytics course,196,5386,224.31,23,4,0.02,1423,20241130,hyderabad,tablet,learn data analytics,0.0363906424062384,1.1444387755102041,6.343899068253756
A1598,data analytics course,121,4432,218.71,25,10,0.046,1568,20241113,hyderabad,desktop,analytics for data,0.0273014440433213,1.807520661157025,7.169310959718349
A1599,data analytics course,174,3031,242.32,25,6,0.034,1381,20241108,hyderabad,mobile,online data analytics,0.057406796436819535,1.3926436781609195,5.699075602509079
A1600,data analytics course,142,5999,214.05,27,0,0.046,1064,20241121,hyderabad,desktop,analytics for data,0.023670611768628103,1.5073943661971831,4.97080121466947
A1601,data analytics course,118,3274,222.62,10,3,0.025,1716,9112024,hyderabad,tablet,analytics for data,0.03604153940134392,1.8866101694915254,7.708202317851047
A1602,data analytics course,118,5889,193.01,17,10,0.085,1789,20241110,hyderabad,desktop,online data analytics,0.02003735778570216,1.635677966101695,9.268949795347392
A1603,data analytics course,149,5601,222.01,15,6,0.04,1514,25112024,hyderabad,desktop,analytics for data,0.026602392429923228,1.49,6.819512634566011
A1604,data analytics course,127,4295,212.6,26,10,0.079,1713,19112024,hyderabad,tablet,data analytics course,0.029569266589057043,1.674015748031496,8.057384760112889
A1605,data analytics course,195,5135,226.37,17,3,0.046,1505,20241124,hyderabad,desktop,data analytics training,0.0379746835443038,1.1608717948717948,6.6484074744886685
A1606,data analytics course,173,5233,229.38,28,7,0.046,1322,20241116,hyderabad,mobile,learn data analytics,0.03305943053697688,1.3258959537572255,5.763362106548087
A1607,data analytics course,131,5727,218.65,28,4,0.031,1631,20241107,hyderabad,mobile,data analytics training,0.02287410511611664,1.669083969465649,7.459410016007317
A1608,data analytics course,105,4691,213.15,21,3,0.035,1276,20241122,hyderabad,desktop,analytics for data,0.022383287145597952,2.0300000000000002,5.986394557823129
A1609,data analytics course,104,3409,207.63,19,4,0.046,1195,20241116,hyderabad,mobile,analytics for data,0.030507480199471988,1.9964423076923077,5.755430332803545
A1610,data analytics course,139,4333,230.05,19,6,0.043,1407,21112024,hyderabad,desktop,analytics for data,0.03207939072236326,1.6550359712230216,6.116061725711801
A1611,data analytics course,110,4430,197.84,23,5,0.045,1505,20241115,hyderabad,mobile,learn data analytics,0.024830699774266364,1.7985454545454547,7.607157298827335
A1612,data analytics course,193,4860,181.27,14,5,0.026,1505,20241116,hyderabad,desktop,online data analytics,0.0397119341563786,0.9392227979274612,8.30253213438517
A1613,data analytics course,109,4396,188.6,11,10,0.092,1451,18112024,hyderabad,mobile,data analytics training,0.024795268425841673,1.730275229357798,7.693531283138919
A1614,data analytics course,141,5000,223.7,29,10,0.071,1909,20241112,hyderabad,tablet,data analytics online,0.0282,1.5865248226950355,8.533750558784087
A1615,data analytics course,182,3487,211.71,23,7,0.038,1027,20241124,hyderabad,mobile,data analytics online,0.05219386291941497,1.1632417582417582,4.850975390864862
A1616,data analytics course,179,4236,245.01,23,7,0.039,1822,20241107,hyderabad,mobile,learn data analytics,0.042256846081208686,1.3687709497206704,7.436431166074854
A1617,data analytics course,89,5349,215.57,0,8,0.09,1371,28112024,hyderabad,tablet,data analytics online,0.016638624041876986,2.422134831460674,6.359883100616969
A1618,data analytics course,181,5678,226.89,22,10,0.046,1992,20241102,hyderabad,tablet,data analytics training,0.03187742162733357,1.2535359116022098,8.779584820838291
A1619,data analytics course,85,5247,219.97,15,7,0.082,1612,20241120,hyderabad,desktop,analytics for data,0.016199733180865258,2.5878823529411763,7.328272037095967
A1620,data analytics course,179,3685,202.66,15,0,0.039,1634,20241118,hyderabad,desktop,data analytics course,0.0485753052917232,1.1321787709497206,8.062765222540214
A1621,data analytics course,172,5862,202.0,23,4,0.023,1469,20241128,hyderabad,desktop,online data analytics,0.029341521664960766,1.1744186046511629,7.272277227722772
A1622,data analytics course,196,5040,197.08,11,9,0.046,1774,22112024,hyderabad,desktop,data analytics course,0.03888888888888889,1.0055102040816326,9.001420742845545
A1623,data analytics course,0,3423,223.95,30,4,0.055,1480,20241103,hyderabad,desktop,analytics for data,0.0,inf,6.608617995088189
A1624,data analytics course,135,5981,228.66,26,6,0.046,1515,12112024,hyderabad,desktop,data analytics training,0.022571476341748872,1.6937777777777778,6.625557596431383
A1625,data analytics course,97,3495,230.83,16,6,0.062,1675,20241123,hyderabad,tablet,analytics for data,0.027753934191702433,2.3796907216494847,7.256422475414807
A1626,data analytics course,137,3702,215.41,25,9,0.066,1010,10112024,hyderabad,desktop,learn data analytics,0.037007023230686116,1.5723357664233577,4.688733113597326
A1627,data analytics course,164,3405,217.58,10,3,0.018,1885,20241130,hyderabad,desktop,data analytics online,0.04816446402349486,1.326707317073171,8.66348009927383
A1628,data analytics course,178,3370,180.66,25,9,0.051,1830,20241124,hyderabad,desktop,online data analytics,0.052818991097922846,1.0149438202247192,10.129525074726004
A1629,data analytics course,146,4455,227.13,16,5,0.046,1040,24112024,hyderabad,tablet,online data analytics,0.03277216610549944,1.5556849315068493,4.578875533835249
A1630,data analytics course,149,4670,218.31,10,10,0.067,1623,20241102,hyderabad,mobile,analytics for data,0.03190578158458244,1.4651677852348994,7.434382300398516
A1631,data analytics course,193,4287,204.62,15,3,0.046,1800,20241109,hyderabad,tablet,data analytics training,0.0450198273851178,1.0602072538860103,8.796794057276903
A1632,data analytics course,0,3546,183.41,27,7,0.046,1701,20241128,hyderabad,mobile,data analytics training,0.0,inf,9.27430347309307
A1633,data analytics course,106,4740,229.13,19,3,0.028,1149,20241111,hyderabad,desktop,online data analytics,0.022362869198312235,2.1616037735849054,5.014620521101558
A1634,data analytics course,131,5642,184.57,20,9,0.046,1827,16112024,hyderabad,mobile,data analytics course,0.023218716767103863,1.4089312977099235,9.89868342634231
A1635,data analytics course,111,4161,185.58,10,7,0.046,1434,20241104,hyderabad,desktop,data analytics training,0.026676279740447006,1.671891891891892,7.7271257678629155
A1636,data analytics course,144,4241,181.4,24,5,0.035,1693,20241119,hyderabad,mobile,online data analytics,0.033954256071681205,1.2597222222222222,9.332965821389195
A1637,data analytics course,151,5875,192.46,28,0,0.046,1459,20241118,hyderabad,mobile,data analytics online,0.02570212765957447,1.2745695364238412,7.580796009560427
A1638,data analytics course,146,5457,215.57,15,5,0.034,1029,20241102,hyderabad,desktop,data analytics course,0.026754627084478653,1.4765068493150684,4.773391473767222
A1639,data analytics course,133,4780,198.66,22,4,0.03,1905,9112024,hyderabad,tablet,online data analytics,0.02782426778242678,1.4936842105263157,9.589247961340984
A1640,data analytics course,0,5922,239.1,12,3,0.048,1733,20241106,hyderabad,desktop,data analytics course,0.0,inf,7.248013383521539
A1641,data analytics course,82,3454,228.02,30,7,0.049,1463,20241109,hyderabad,desktop,learn data analytics,0.02374059061957151,2.780731707317073,6.416103850539426
A1642,data analytics course,135,3449,200.06,17,5,0.037,1950,20241107,hyderabad,mobile,data analytics course,0.03914178022615251,1.4819259259259259,9.74707587723683
A1643,data analytics course,199,4287,235.58,12,10,0.05,1276,20241110,hyderabad,tablet,data analytics course,0.04641940751108001,1.183819095477387,5.416419050853213
A1644,data analytics course,123,5000,187.67,25,3,0.024,1351,20241107,hyderabad,tablet,data analytics online,0.0246,1.525772357723577,7.198806415516599
A1645,data analytics course,154,3437,211.63,28,4,0.026,1604,20241114,hyderabad,tablet,data analytics training,0.04480651731160896,1.3742207792207792,7.579265699570004
A1646,data analytics course,88,3475,191.96,12,7,0.08,1204,20241125,hyderabad,desktop,online data analytics,0.025323741007194246,2.1813636363636366,6.2721400291727445
A1647,data analytics course,165,4889,180.19,21,4,0.024,1458,20241119,hyderabad,mobile,analytics for data,0.03374923297197791,1.092060606060606,8.091459015483656
A1648,data analytics course,87,3639,220.76,22,3,0.036,1231,20241114,hyderabad,mobile,analytics for data,0.023907666941467436,2.537471264367816,5.57619133901069
A1649,data analytics course,147,3959,181.18,27,9,0.061,1627,20241126,hyderabad,mobile,analytics for data,0.03713058853245769,1.2325170068027211,8.980019869742797
A1650,data analytics course,137,5400,180.04,10,10,0.073,1375,20241129,hyderabad,tablet,analytics for data,0.02537037037037037,1.3141605839416057,7.637191735169963
A1651,data analytics course,188,5528,245.03,13,10,0.053,1202,20241129,hyderabad,desktop,analytics for data,0.03400868306801737,1.3033510638297872,4.905521772844142
A1652,data analytics course,162,5456,193.69,10,6,0.037,1992,20241129,hyderabad,tablet,online data analytics,0.02969208211143695,1.1956172839506172,10.284475192317622
A1653,data analytics course,102,4308,221.54,13,7,0.06,1096,20241108,hyderabad,mobile,data analytics online,0.023676880222841225,2.1719607843137254,4.947187866750926
A1654,data analytics course,120,3245,196.09,15,9,0.075,1056,20241122,hyderabad,desktop,data analytics training,0.03697996918335902,1.6340833333333333,5.385282268346168
A1655,data analytics course,125,3339,205.32,18,4,0.054,1985,28112024,hyderabad,desktop,data analytics course,0.03743635819107517,1.64256,9.667835573738556
A1656,data analytics course,155,5977,187.28,16,7,0.046,1607,20241110,hyderabad,desktop,online data analytics,0.025932742178350343,1.208258064516129,8.580734728748398
A1657,data analytics course,137,4231,226.49,25,5,0.036,1078,20241112,hyderabad,tablet,analytics for data,0.03238005199716379,1.653211678832117,4.759592034968431
A1658,data analytics course,91,4506,195.99,12,3,0.045,1179,20241122,hyderabad,tablet,learn data analytics,0.020195295162006213,2.153736263736264,6.015613041481708
A1659,data analytics course,87,4869,220.97,29,5,0.057,1480,20241105,hyderabad,desktop,data analytics training,0.017868145409735057,2.539885057471264,6.69774177490157
A1660,data analytics course,124,5716,217.84,28,8,0.046,1791,20241124,hyderabad,mobile,data analytics training,0.021693491952414275,1.7567741935483872,8.22163055453544
A1661,data analytics course,128,3243,208.41,14,6,0.037,1514,2112024,hyderabad,mobile,online data analytics,0.039469626888683315,1.628203125,7.264526654191258
A1662,data analytics course,111,3911,239.24,28,9,0.046,1097,20241101,hyderabad,tablet,online data analytics,0.028381488110457685,2.1553153153153155,4.58535361979602
A1663,data analytics course,89,3982,209.87,27,7,0.079,1920,4112024,hyderabad,desktop,data analytics course,0.022350577599196383,2.3580898876404497,9.148520512698337
A1664,data analytics course,107,5299,207.36,19,8,0.046,1567,20241126,hyderabad,tablet,data analytics training,0.020192489148896018,1.937943925233645,7.55690586419753
A1665,data analytics course,181,4150,236.69,15,5,0.046,1251,20241110,hyderabad,mobile,data analytics online,0.0436144578313253,1.3076795580110496,5.285394397735435
A1666,data analytics course,110,5925,188.18,29,9,0.082,1682,23112024,hyderabad,desktop,data analytics training,0.018565400843881856,1.7107272727272729,8.938250611117015
A1667,data analytics course,85,4010,195.26,17,4,0.042,1853,6112024,hyderabad,mobile,data analytics online,0.02119700748129676,2.2971764705882354,9.489910888046708
A1668,data analytics course,125,5767,215.57,12,8,0.035,1020,20241119,hyderabad,tablet,data analytics online,0.021675047685104906,1.7245599999999999,4.731641694113281
A1669,data analytics course,163,0,215.57,11,3,0.018,1819,20241120,hyderabad,tablet,data analytics training,,1.3225153374233127,8.438094354502018
A1670,data analytics course,129,3787,229.81,10,6,0.047,1221,20241113,hyderabad,desktop,online data analytics,0.0340639028254555,1.7814728682170542,5.313084722161785
A1671,data analytics course,112,4834,212.27,11,7,0.062,1524,20241127,hyderabad,mobile,data analytics online,0.023169218038891187,1.8952678571428572,7.179535497244076
A1672,data analytics course,104,3031,188.47,13,6,0.043,1998,20241105,hyderabad,desktop,data analytics training,0.03431210821511053,1.8122115384615385,10.601156682761182
A1673,data analytics course,132,3754,180.88,21,10,0.076,1601,20241124,hyderabad,mobile,online data analytics,0.03516249334043687,1.3703030303030304,8.851172047766475
A1674,data analytics course,113,3281,241.85,16,6,0.053,1505,8112024,hyderabad,tablet,data analytics online,0.034440719292898506,2.1402654867256636,6.2228654124457305
A1675,data analytics course,109,4910,236.2,0,8,0.054,1145,20241108,hyderabad,tablet,data analytics training,0.02219959266802444,2.16697247706422,4.847586790855208
A1676,data analytics course,144,5026,231.82,14,4,0.028,1645,20241110,hyderabad,desktop,data analytics course,0.02865101472343812,1.609861111111111,7.096022776291951
A1677,data analytics course,179,5091,238.62,10,6,0.034,1259,24112024,hyderabad,mobile,learn data analytics,0.03516008642702809,1.333072625698324,5.276171318414215
A1678,data analytics course,0,5622,190.87,14,8,0.046,1400,17112024,hyderabad,mobile,analytics for data,0.0,inf,7.334835228165767
A1679,data analytics course,116,4538,221.74,23,9,0.078,1639,20241124,hyderabad,desktop,data analytics training,0.025561921551344204,1.9115517241379312,7.391539641021016
A1680,data analytics course,89,3509,192.14,27,9,0.101,1564,20241112,hyderabad,mobile,online data analytics,0.02536335138216016,2.158876404494382,8.139897991048194
A1681,data analytics course,96,3346,248.48,15,7,0.073,1118,20241128,hyderabad,desktop,data analytics online,0.02869097429766886,2.5883333333333334,4.499356084996781
A1682,data analytics course,193,4706,213.41,24,8,0.046,1058,20241109,hyderabad,desktop,data analytics course,0.04101147471313217,1.1057512953367876,4.957593364884494
A1683,data analytics course,122,3896,194.3,23,3,0.025,1355,21112024,hyderabad,mobile,data analytics course,0.03131416837782341,1.5926229508196723,6.973751930005147
A1684,data analytics course,133,3332,201.59,14,7,0.046,1943,20241115,hyderabad,tablet,data analytics course,0.03991596638655462,1.5157142857142858,9.638374919390843
A1685,data analytics course,177,5738,249.21,11,7,0.04,1435,16112024,hyderabad,mobile,data analytics training,0.030846985012199374,1.4079661016949152,5.758195899040969
A1686,data analytics course,162,5346,223.12,25,5,0.031,1052,28112024,hyderabad,desktop,data analytics course,0.030303030303030304,1.377283950617284,4.714951595553962
A1687,data analytics course,182,5857,192.69,15,4,0.048,1384,20241102,hyderabad,desktop,data analytics course,0.03107392863240567,1.0587362637362636,7.18252114795786
A1688,data analytics course,154,4836,233.8,26,10,0.046,1838,20241130,hyderabad,desktop,data analytics course,0.03184449958643507,1.5181818181818183,7.86142001710864
A1689,data analytics course,104,5291,186.93,19,10,0.096,1805,20241129,hyderabad,tablet,data analytics course,0.019656019656019656,1.7974038461538462,9.656020970416733
A1690,data analytics course,101,4840,230.68,21,9,0.089,1556,20241122,hyderabad,desktop,data analytics training,0.020867768595041324,2.283960396039604,6.745274839604647
A1691,data analytics course,173,4246,202.95,27,3,0.017,1276,20241129,hyderabad,tablet,learn data analytics,0.04074422986340085,1.173121387283237,6.287262872628727
A1692,data analytics course,186,5824,224.48,29,6,0.046,1882,20241128,hyderabad,mobile,data analytics online,0.031936813186813184,1.2068817204301074,8.383820384889523
A1693,data analytics course,148,5952,186.32,14,4,0.044,1469,10112024,hyderabad,mobile,data analytics course,0.02486559139784946,1.258918918918919,7.884285100901675
A1694,data analytics course,181,3691,229.14,25,10,0.046,1375,20241106,hyderabad,mobile,analytics for data,0.04903820102953129,1.2659668508287292,6.000698263070612
A1695,data analytics course,110,4350,243.88,16,9,0.046,1157,15112024,hyderabad,tablet,online data analytics,0.02528735632183908,2.217090909090909,4.744136460554371
A1696,data analytics course,151,5656,191.95,18,7,0.046,1813,2112024,hyderabad,mobile,data analytics online,0.026697312588401696,1.2711920529801324,9.445168012503256
A1697,data analytics course,90,4566,228.82,29,9,0.051,1697,20241113,hyderabad,desktop,data analytics training,0.01971090670170828,2.5424444444444445,7.416309763132594
A1698,data analytics course,111,4245,245.76,22,8,0.072,1505,20241107,hyderabad,desktop,online data analytics,0.026148409893992933,2.214054054054054,6.123860677083334
A1699,data analytics course,170,5053,217.41,16,9,0.031,1497,17112024,hyderabad,mobile,data analytics training,0.03364338017019592,1.2788823529411764,6.8856078377259555
A1700,data analytics course,112,5093,228.8,23,7,0.062,1188,17112024,hyderabad,desktop,analytics for data,0.02199096799528765,2.042857142857143,5.192307692307692
A1701,data analytics course,188,5336,188.73,17,3,0.016,1601,20241103,hyderabad,tablet,online data analytics,0.03523238380809595,1.0038829787234043,8.483018068139671
A1702,data analytics course,85,4963,186.21,14,6,0.046,1747,5112024,hyderabad,mobile,data analytics course,0.017126737860165223,2.1907058823529413,9.381880672359165
A1703,data analytics course,94,4544,235.77,23,8,0.046,1342,20241105,hyderabad,tablet,online data analytics,0.02068661971830986,2.5081914893617023,5.691987954362302
A1704,data analytics course,177,4901,217.54,20,10,0.056,1975,20241113,hyderabad,tablet,data analytics online,0.036115078555396855,1.2290395480225988,9.078790107566425
A1705,data analytics course,150,5275,192.7,14,4,0.027,1170,27112024,hyderabad,tablet,data analytics online,0.02843601895734597,1.2846666666666666,6.071613907628438
A1706,data analytics course,88,5225,202.97,22,6,0.068,1128,13112024,hyderabad,tablet,online data analytics,0.016842105263157894,2.306477272727273,5.557471547519338
A1707,data analytics course,128,4857,212.61,14,5,0.039,1538,25112024,hyderabad,desktop,data analytics online,0.02635371628577311,1.661015625,7.233902450496213
A1708,data analytics course,163,5310,242.76,26,9,0.055,1793,20241112,hyderabad,mobile,learn data analytics,0.030696798493408662,1.489325153374233,7.385895534684463
A1709,data analytics course,147,5014,193.08,12,8,0.054,1017,20241111,hyderabad,tablet,online data analytics,0.029317909852413244,1.313469387755102,5.2672467371037905
A1710,data analytics course,191,5855,196.54,29,3,0.016,1085,21112024,hyderabad,desktop,data analytics course,0.032621690862510676,1.0290052356020942,5.520504731861199
A1711,data analytics course,0,5916,234.46,17,6,0.044,1982,20241102,hyderabad,desktop,data analytics course,0.0,inf,8.453467542437942
A1712,data analytics course,115,3952,229.18,25,4,0.035,1440,20112024,hyderabad,tablet,online data analytics,0.02909919028340081,1.9928695652173913,6.283270791517584
A1713,data analytics course,123,4208,212.92,29,6,0.049,1184,20241105,hyderabad,desktop,learn data analytics,0.02923003802281369,1.7310569105691056,5.560773999624272
A1714,data analytics course,121,5517,222.14,16,7,0.046,1682,20241102,hyderabad,tablet,learn data analytics,0.02193220953416712,1.8358677685950413,7.5718015665796345
A1715,data analytics course,126,5460,210.83,24,10,0.079,1326,20241114,hyderabad,tablet,online data analytics,0.023076923076923078,1.6732539682539684,6.289427500830052
A1716,data analytics course,110,3159,197.92,26,10,0.091,1608,20241118,hyderabad,mobile,data analytics online,0.03482114593225704,1.7992727272727271,8.124494745351658
A1717,data analytics course,190,5545,223.96,13,7,0.037,1344,20241114,hyderabad,tablet,analytics for data,0.034265103697024346,1.1787368421052633,6.00107161993213
A1718,data analytics course,148,3668,245.79,15,10,0.068,1718,20241125,hyderabad,desktop,data analytics course,0.04034896401308615,1.6607432432432432,6.989706660157045
A1719,data analytics course,86,5663,231.79,19,10,0.116,1547,17112024,hyderabad,mobile,data analytics training,0.015186297015716051,2.695232558139535,6.674144699943915
A1720,data analytics course,172,3123,216.67,15,0,0.046,1759,2112024,hyderabad,desktop,online data analytics,0.055075248158821644,1.2597093023255814,8.118336640974755
A1721,data analytics course,143,5638,229.41,23,4,0.058,1398,20241103,hyderabad,desktop,online data analytics,0.025363604114934372,1.6042657342657343,6.0938930299463845
A1722,data analytics course,172,4436,232.16,21,7,0.041,1050,20241127,hyderabad,mobile,learn data analytics,0.0387736699729486,1.349767441860465,4.522742935906272
A1723,data analytics course,138,5555,188.55,14,8,0.058,1593,24112024,hyderabad,desktop,data analytics training,0.02484248424842484,1.366304347826087,8.448687350835321
A1724,data analytics course,132,4972,248.45,25,9,0.046,1126,20241119,hyderabad,tablet,data analytics online,0.02654867256637168,1.8821969696969696,4.532099013886094
A1725,data analytics course,174,3231,215.57,10,7,0.04,1128,20241112,hyderabad,mobile,data analytics course,0.05385329619312906,1.2389080459770114,5.23263904996057
A1726,data analytics course,154,3461,235.36,18,4,0.046,1212,18112024,hyderabad,tablet,data analytics online,0.044495810459404796,1.5283116883116885,5.149558123725357
A1727,data analytics course,126,3423,236.21,25,9,0.071,1106,20112024,hyderabad,tablet,data analytics training,0.03680981595092025,1.8746825396825397,4.682274247491638
A1728,data analytics course,138,4025,220.96,21,7,0.051,1416,20241124,hyderabad,tablet,data analytics online,0.03428571428571429,1.6011594202898551,6.408399710354815
A1729,data analytics course,193,3800,199.76,27,9,0.047,1393,20241117,hyderabad,mobile,data analytics course,0.05078947368421052,1.0350259067357512,6.97336804164998
A1730,data analytics course,156,5293,210.43,26,6,0.038,1449,28112024,hyderabad,tablet,data analytics course,0.0294728887209522,1.3489102564102564,6.885900299386969
A1731,data analytics course,142,3565,180.39,26,5,0.035,1147,20241101,hyderabad,tablet,data analytics training,0.03983169705469846,1.2703521126760562,6.358445590110317
A1732,data analytics course,92,4296,239.12,11,10,0.046,1169,20241102,hyderabad,tablet,data analytics training,0.021415270018621976,2.5991304347826087,4.888758782201405
A1733,data analytics course,190,3567,249.26,0,7,0.057,1517,20241126,hyderabad,desktop,data analytics online,0.05326604990187833,1.3118947368421052,6.086014603225548
A1734,data analytics course,134,4854,198.93,21,8,0.06,1101,3112024,hyderabad,desktop,analytics for data,0.027606098063452822,1.4845522388059702,5.53461016437943
A1735,data analytics course,144,0,186.47,29,8,0.056,1437,29112024,hyderabad,mobile,data analytics course,,1.2949305555555555,7.706333458465169
A1736,data analytics course,117,4630,196.66,15,8,0.046,1361,17112024,hyderabad,desktop,online data analytics,0.02526997840172786,1.6808547008547008,6.920573578765382
A1737,data analytics course,160,3448,210.38,19,7,0.044,1705,14112024,hyderabad,desktop,data analytics course,0.04640371229698376,1.314875,8.10438254586938
A1738,data analytics course,146,5297,198.89,30,8,0.055,2000,20241102,hyderabad,desktop,data analytics training,0.02756277138002643,1.3622602739726026,10.055809744079642
A1739,data analytics course,175,3818,190.89,30,10,0.039,1088,20241110,hyderabad,tablet,data analytics online,0.045835515976951284,1.0908,5.6996175808057
A1740,data analytics course,122,4791,223.16,12,4,0.033,1246,5112024,hyderabad,tablet,learn data analytics,0.02546441243999165,1.8291803278688525,5.583437892095358
A1741,data analytics course,85,3713,225.74,23,5,0.047,1867,24112024,hyderabad,tablet,data analytics online,0.022892539725289523,2.655764705882353,8.270576769735094
A1742,data analytics course,167,3634,202.75,30,10,0.06,1503,20241123,hyderabad,desktop,data analytics training,0.04595487066593286,1.214071856287425,7.413070283600494
A1743,data analytics course,158,3025,180.5,24,9,0.046,1725,26112024,hyderabad,tablet,data analytics training,0.05223140495867769,1.1424050632911393,9.556786703601109
A1744,data analytics course,176,5868,184.46,0,4,0.023,1229,20241120,hyderabad,desktop,data analytics course,0.029993183367416496,1.0480681818181818,6.662691098341104
A1745,data analytics course,111,3050,208.87,10,7,0.063,1774,20241126,hyderabad,tablet,analytics for data,0.03639344262295082,1.8817117117117117,8.49332120457701
A1746,data analytics course,186,5301,215.57,14,9,0.046,1230,20241117,hyderabad,desktop,learn data analytics,0.03508771929824561,1.1589784946236559,5.705803219371898
A1747,data analytics course,177,3042,239.64,26,4,0.023,1646,20241120,hyderabad,mobile,data analytics course,0.05818540433925049,1.3538983050847457,6.868636287764981
A1748,data analytics course,150,5272,239.06,13,9,0.06,1232,1112024,hyderabad,desktop,online data analytics,0.028452200303490136,1.5937333333333334,5.153517945285702
A1749,data analytics course,160,4279,191.56,22,10,0.039,1234,12112024,hyderabad,mobile,data analytics course,0.0373919139985978,1.19725,6.4418458968469405
A1750,data analytics course,147,5659,188.07,22,4,0.045,1796,25112024,hyderabad,mobile,analytics for data,0.02597632090475349,1.2793877551020407,9.549635773913968
A1751,data analytics course,198,4816,224.96,21,4,0.042,1601,5112024,hyderabad,mobile,online data analytics,0.04111295681063123,1.1361616161616162,7.116820768136558
A1752,data analytics course,145,3874,215.57,10,10,0.069,1153,20241130,hyderabad,mobile,data analytics training,0.03742901393908105,1.4866896551724138,5.348610660110405
A1753,data analytics course,94,5221,225.23,17,3,0.036,1209,19112024,hyderabad,tablet,learn data analytics,0.01800421375215476,2.396063829787234,5.367846201660525
A1754,data analytics course,90,5859,187.29,17,5,0.056,1375,16112024,hyderabad,mobile,analytics for data,0.015360983102918587,2.081,7.3415558759143575
A1755,data analytics course,182,5055,232.64,26,8,0.036,1815,10112024,hyderabad,mobile,data analytics training,0.036003956478733924,1.2782417582417582,7.801753782668501
A1756,data analytics course,0,4373,199.32,16,5,0.046,1150,20241102,hyderabad,desktop,data analytics training,0.0,inf,5.769616696769015
A1757,data analytics course,0,0,234.85,11,8,0.046,1398,20241104,hyderabad,desktop,data analytics training,,inf,5.952735788801363
A1758,data analytics course,103,3547,232.35,11,8,0.078,1663,26112024,hyderabad,tablet,learn data analytics,0.029038624189455877,2.2558252427184464,7.15730578868087
A1759,data analytics course,148,3128,197.02,27,9,0.061,1214,20241112,hyderabad,tablet,data analytics training,0.04731457800511509,1.3312162162162162,6.161810983656482
A1760,data analytics course,151,5201,198.56,15,10,0.066,1716,20241105,hyderabad,tablet,data analytics training,0.02903287829263603,1.3149668874172185,8.642224012892829
A1761,data analytics course,148,5510,210.42,27,4,0.048,1352,20241106,hyderabad,mobile,learn data analytics,0.026860254083484573,1.4217567567567566,6.425244748598042
A1762,data analytics course,103,5628,195.6,24,8,0.034,1065,20241109,hyderabad,mobile,analytics for data,0.01830135039090263,1.899029126213592,5.4447852760736195
A1763,data analytics course,115,5445,183.55,21,7,0.059,1721,20241107,hyderabad,tablet,data analytics course,0.021120293847566574,1.5960869565217393,9.376191773358757
A1764,data analytics course,160,5936,239.87,29,4,0.046,1320,20241124,hyderabad,mobile,analytics for data,0.026954177897574125,1.4991875000000001,5.502980781256514
A1765,data analytics course,166,5808,194.79,14,8,0.048,1799,20241114,hyderabad,tablet,data analytics training,0.028581267217630855,1.173433734939759,9.235587042455979
A1766,data analytics course,187,3282,234.91,10,7,0.041,1525,29112024,hyderabad,mobile,online data analytics,0.056977452772699576,1.2562032085561496,6.491847941764932
A1767,data analytics course,172,3334,243.12,30,9,0.052,1505,20241108,hyderabad,mobile,online data analytics,0.05158968206358728,1.4134883720930234,6.190358670615334
A1768,data analytics course,172,5546,241.81,24,10,0.058,1681,20241103,hyderabad,desktop,learn data analytics,0.031013342949873783,1.4058720930232558,6.9517389686117195
A1769,data analytics course,187,5734,187.44,10,8,0.043,1183,23112024,hyderabad,tablet,analytics for data,0.03261248692012557,1.0023529411764707,6.311352966282544
A1770,data analytics course,196,4964,249.47,26,9,0.046,1996,20241119,hyderabad,mobile,learn data analytics,0.0394842868654311,1.2728061224489795,8.00096203952379
A1771,data analytics course,131,4774,240.53,24,7,0.053,1505,9112024,hyderabad,tablet,data analytics training,0.02744030163385002,1.8361068702290075,6.257015756870245
A1772,data analytics course,103,5244,205.9,22,7,0.032,1954,20241116,hyderabad,mobile,analytics for data,0.019641495041952707,1.9990291262135922,9.490043710539096
A1773,data analytics course,114,3064,196.01,23,6,0.053,1348,30112024,hyderabad,mobile,learn data analytics,0.03720626631853786,1.7193859649122807,6.877200142849855
A1774,data analytics course,116,3265,199.21,24,10,0.086,1006,21112024,hyderabad,mobile,learn data analytics,0.03552833078101072,1.7173275862068966,5.04994729180262
A1775,data analytics course,164,5351,217.9,10,9,0.055,1431,20241112,hyderabad,tablet,online data analytics,0.030648476920201832,1.3286585365853658,6.567232675539238
A1776,data analytics course,160,5830,215.57,15,10,0.062,1270,26112024,hyderabad,mobile,online data analytics,0.0274442538593482,1.3473125,5.8913577956116345
A1777,data analytics course,112,4808,221.57,17,7,0.062,1186,20241125,hyderabad,desktop,data analytics online,0.02329450915141431,1.9783035714285713,5.352710204450061
A1778,data analytics course,87,5506,188.77,11,5,0.046,1774,20241122,hyderabad,mobile,learn data analytics,0.01580094442426444,2.169770114942529,9.397679716056576
A1779,data analytics course,0,4798,198.45,20,10,0.046,1937,20241114,hyderabad,mobile,data analytics training,0.0,inf,9.760644998740238
A1780,data analytics course,139,5763,214.49,15,5,0.045,1781,20241101,hyderabad,desktop,data analytics online,0.02411938226618081,1.543093525179856,8.303417408737003
A1781,data analytics course,193,3271,187.76,30,9,0.053,1209,20241113,hyderabad,tablet,online data analytics,0.059003362885967595,0.9728497409326424,6.43907115466553
A1782,data analytics course,151,4402,248.65,21,4,0.046,1722,19112024,hyderabad,desktop,data analytics online,0.034302589731940024,1.6466887417218543,6.925397144580736
A1783,data analytics course,90,4281,216.36,24,4,0.046,1768,20241104,hyderabad,mobile,learn data analytics,0.02102312543798178,2.4040000000000004,8.171565908670733
A1784,data analytics course,169,4480,215.57,11,10,0.059,1769,20241128,hyderabad,tablet,online data analytics,0.037723214285714284,1.2755621301775149,8.206151134202347
A1785,data analytics course,197,4373,218.3,18,9,0.059,1988,20241114,hyderabad,desktop,learn data analytics,0.04504916533272353,1.1081218274111675,9.106733852496564
A1786,data analytics course,132,0,219.44,17,3,0.055,1949,20241124,hyderabad,desktop,learn data analytics,,1.6624242424242424,8.88169886985053
A1787,data analytics course,96,5503,243.51,11,6,0.062,1687,20241102,hyderabad,desktop,data analytics online,0.017445029983645284,2.5365625,6.927846905671225
A1788,data analytics course,160,4154,230.16,15,6,0.046,1667,20241116,hyderabad,mobile,online data analytics,0.038517091959557055,1.4385,7.242787625999305
A1789,data analytics course,162,5161,240.72,16,7,0.046,1649,20241115,hyderabad,tablet,learn data analytics,0.0313892656461926,1.4859259259259259,6.850282485875706
A1790,data analytics course,171,5517,233.86,23,5,0.029,1349,24112024,hyderabad,tablet,data analytics course,0.03099510603588907,1.3676023391812866,5.7684084494997006
A1791,data analytics course,110,4161,204.28,16,10,0.046,1447,20241114,hyderabad,mobile,data analytics online,0.026435952895938475,1.8570909090909091,7.0834149206970825
A1792,data analytics course,103,5332,243.72,16,3,0.029,1882,20241128,hyderabad,desktop,online data analytics,0.019317329332333082,2.36621359223301,7.721976038076481
A1793,data analytics course,167,3620,243.81,24,8,0.053,1001,20241105,hyderabad,desktop,data analytics course,0.04613259668508287,1.459940119760479,4.10565604364054
A1794,data analytics course,132,4117,239.04,28,3,0.023,1761,20241107,hyderabad,mobile,analytics for data,0.03206218119990284,1.8109090909090908,7.366967871485944
A1795,data analytics course,145,5400,219.89,29,3,0.046,1152,20112024,hyderabad,tablet,data analytics course,0.026851851851851852,1.5164827586206895,5.2389831279276
A1796,data analytics course,140,5220,183.39,25,8,0.057,1918,11112024,hyderabad,desktop,learn data analytics,0.02681992337164751,1.3099285714285713,10.458585528109495
A1797,data analytics course,122,0,217.66,25,10,0.053,1799,20241126,hyderabad,tablet,data analytics online,,1.7840983606557377,8.265184232288892
A1798,data analytics course,87,4081,180.63,20,4,0.046,1665,20241108,hyderabad,tablet,data analytics online,0.021318304337172262,2.076206896551724,9.217737917289487
A1799,data analytics course,141,4239,199.82,15,5,0.035,1639,20241127,hyderabad,mobile,data analytics training,0.03326256192498231,1.4171631205673758,8.202382143929537
A1800,data analytics course,157,3367,248.9,0,8,0.051,1470,30112024,hyderabad,tablet,data analytics training,0.04662904662904663,1.5853503184713376,5.905986339895541
A1801,data analytics course,95,5721,208.53,16,6,0.063,1863,20241105,hyderabad,mobile,data analytics course,0.016605488550952632,2.1950526315789474,8.933966335779024
A1802,data analytics course,160,5166,210.21,20,7,0.044,1850,20241121,hyderabad,desktop,data analytics course,0.03097173828881146,1.3138125,8.800723086437372
A1803,data analytics course,133,5430,217.34,16,6,0.045,1199,20241114,hyderabad,mobile,data analytics online,0.024493554327808472,1.6341353383458648,5.516701941658232
A1804,data analytics course,154,3452,215.61,21,7,0.058,1631,20241102,hyderabad,mobile,analytics for data,0.044611819235225954,1.4000649350649352,7.564584202959046
A1805,data analytics course,188,0,220.11,13,4,0.021,1262,29112024,hyderabad,tablet,data analytics online,,1.1707978723404255,5.733496887919676
A1806,data analytics course,186,5073,233.58,15,4,0.046,1965,20241104,hyderabad,tablet,online data analytics,0.03666469544648137,1.2558064516129033,8.412535319804777
A1807,data analytics course,101,5757,249.33,25,9,0.035,1129,20241101,hyderabad,mobile,learn data analytics,0.017543859649122806,2.468613861386139,4.528135402879718
A1808,data analytics course,150,3323,227.55,14,4,0.027,1931,20241118,hyderabad,mobile,data analytics course,0.04513993379476377,1.5170000000000001,8.486047022632388
A1809,data analytics course,127,5417,229.06,26,8,0.063,1086,20241121,hyderabad,tablet,learn data analytics,0.023444711094701864,1.8036220472440945,4.741115864838907
A1810,data analytics course,117,5445,213.9,10,5,0.043,1804,19112024,hyderabad,desktop,data analytics course,0.021487603305785124,1.8282051282051281,8.433847592332866
A1811,data analytics course,152,5173,230.47,15,5,0.036,1779,20241126,hyderabad,desktop,learn data analytics,0.02938333655519041,1.51625,7.719008981646201
A1812,data analytics course,87,3643,220.76,27,7,0.046,1393,20241103,hyderabad,desktop,data analytics online,0.023881416415042548,2.537471264367816,6.310019931146948
A1813,data analytics course,181,3863,180.12,17,7,0.035,1892,20241128,hyderabad,desktop,data analytics course,0.04685477608076624,0.9951381215469614,10.504108372196313
A1814,data analytics course,147,3661,191.67,17,4,0.027,1505,24112024,hyderabad,desktop,online data analytics,0.040152963671128104,1.3038775510204081,7.852037355872072
A1815,data analytics course,173,5463,232.38,17,5,0.029,1568,20241126,hyderabad,desktop,analytics for data,0.031667581914698886,1.3432369942196531,6.747568637576384
A1816,data analytics course,123,3459,211.88,21,4,0.033,1223,24112024,hyderabad,tablet,learn data analytics,0.03555941023417172,1.7226016260162602,5.772135170851425
A1817,data analytics course,162,3906,237.24,13,5,0.033,1062,20241110,hyderabad,desktop,data analytics training,0.041474654377880185,1.4644444444444444,4.476479514415781
A1818,data analytics course,135,4645,182.94,12,0,0.046,1927,20241130,hyderabad,desktop,online data analytics,0.02906350914962325,1.3551111111111112,10.533508254072373
A1819,data analytics course,169,3317,232.35,29,3,0.049,1988,20241124,hyderabad,mobile,data analytics training,0.05094965330117576,1.374852071005917,8.556057671616097
A1820,data analytics course,120,3235,220.67,11,4,0.046,1890,20241117,hyderabad,mobile,learn data analytics,0.03709428129829984,1.8389166666666665,8.564825304753706
A1821,data analytics course,0,4823,234.73,30,5,0.046,1361,25112024,hyderabad,mobile,data analytics training,0.0,inf,5.798151067183573
A1822,data analytics course,167,4403,189.36,25,4,0.03,1572,6112024,hyderabad,desktop,learn data analytics,0.03792868498750852,1.1338922155688624,8.301647655259822
A1823,data analytics course,101,3530,184.83,22,5,0.046,1802,13112024,hyderabad,mobile,learn data analytics,0.028611898016997168,1.83,9.749499540117945
A1824,data analytics course,129,4679,239.21,19,3,0.023,1215,20241104,hyderabad,mobile,data analytics online,0.027569993588373583,1.8543410852713178,5.079219096191631
A1825,data analytics course,153,5396,233.79,13,8,0.046,1571,1112024,hyderabad,mobile,data analytics training,0.028354336545589325,1.5280392156862745,6.719705718807477
A1826,data analytics course,0,3976,248.65,16,4,0.046,1160,15112024,hyderabad,mobile,data analytics training,0.0,inf,4.665192036999799
A1827,data analytics course,108,5545,209.82,11,8,0.074,1491,20241108,hyderabad,mobile,analytics for data,0.019477006311992787,1.9427777777777777,7.1060909350872175
A1828,data analytics course,85,4772,211.62,15,10,0.118,1669,19112024,hyderabad,mobile,learn data analytics,0.017812238055322716,2.4896470588235293,7.886778187316889
A1829,data analytics course,109,4941,242.54,18,9,0.083,1278,20241111,hyderabad,desktop,data analytics training,0.022060311677798018,2.225137614678899,5.269233940793272
A1830,data analytics course,119,4369,216.29,16,4,0.046,1505,20241122,hyderabad,tablet,learn data analytics,0.027237354085603113,1.817563025210084,6.958250497017893
A1831,data analytics course,143,5526,185.94,15,8,0.056,1712,25112024,hyderabad,desktop,analytics for data,0.02587766920014477,1.3002797202797203,9.20727116274067
A1832,data analytics course,161,5302,184.29,13,8,0.036,1703,30112024,hyderabad,tablet,learn data analytics,0.030365899660505468,1.1446583850931678,9.240870367355798
A1833,data analytics course,146,4424,196.88,20,3,0.021,1757,30112024,hyderabad,tablet,online data analytics,0.03300180831826401,1.3484931506849316,8.924217797643236
A1834,data analytics course,82,5971,235.52,14,8,0.098,1568,6112024,hyderabad,mobile,learn data analytics,0.013733043041366605,2.87219512195122,6.657608695652174
A1835,data analytics course,88,3733,244.35,12,8,0.091,1622,20241127,hyderabad,mobile,online data analytics,0.02357353335119207,2.7767045454545456,6.638019234704318
A1836,data analytics course,127,4403,244.3,15,7,0.055,1832,22112024,hyderabad,tablet,data analytics course,0.028843970020440608,1.9236220472440946,7.4989766680311085
A1837,data analytics course,179,5118,189.59,15,6,0.034,1892,20241128,hyderabad,tablet,data analytics course,0.034974599452911294,1.0591620111731843,9.979429294794029
A1838,data analytics course,199,4407,240.05,21,9,0.045,1054,13112024,hyderabad,desktop,data analytics online,0.04515543453596551,1.206281407035176,4.390751926681941
A1839,data analytics course,191,3190,211.1,10,7,0.037,1505,22112024,hyderabad,tablet,learn data analytics,0.05987460815047022,1.1052356020942409,7.1293225959261015
A1840,data analytics course,99,4880,245.13,25,8,0.046,1236,20241119,hyderabad,tablet,data analytics course,0.02028688524590164,2.476060606060606,5.042222494186758
A1841,data analytics course,122,5774,224.4,23,10,0.046,1330,20241114,hyderabad,mobile,learn data analytics,0.02112919986144787,1.839344262295082,5.926916221033868
A1842,data analytics course,178,4103,207.23,17,8,0.045,1612,20241115,hyderabad,mobile,analytics for data,0.04338289056787716,1.1642134831460673,7.778796506297351
A1843,data analytics course,157,4414,240.57,17,9,0.057,1483,20241127,hyderabad,desktop,learn data analytics,0.03556864521975532,1.5322929936305731,6.1645259176123375
A1844,data analytics course,199,5319,216.7,25,9,0.045,1505,1112024,hyderabad,desktop,online data analytics,0.03741304756533183,1.0889447236180905,6.945085371481311
A1845,data analytics course,192,3320,208.09,17,3,0.016,1169,18112024,hyderabad,mobile,data analytics training,0.05783132530120482,1.0838020833333333,5.617761545485126
A1846,data analytics course,144,4146,246.1,18,10,0.069,1074,15112024,hyderabad,desktop,analytics for data,0.03473227206946455,1.7090277777777778,4.36407964242178
A1847,data analytics course,147,4720,227.6,23,8,0.046,1907,20241105,hyderabad,tablet,online data analytics,0.03114406779661017,1.5482993197278911,8.378734622144112
A1848,data analytics course,121,3557,237.03,16,7,0.046,1255,20241125,hyderabad,mobile,data analytics online,0.034017430418892325,1.9589256198347107,5.294688436062946
A1849,data analytics course,193,5899,227.24,12,9,0.042,1832,2112024,hyderabad,desktop,analytics for data,0.03271740973046279,1.1774093264248706,8.06196092237282
A1850,data analytics course,170,4968,216.78,21,5,0.045,1997,20241124,hyderabad,tablet,data analytics course,0.03421900161030596,1.2751764705882354,9.212104437678752
A1851,data analytics course,198,5934,199.61,14,6,0.03,1505,13112024,hyderabad,tablet,learn data analytics,0.033367037411526794,1.0081313131313132,7.53970241971845
A1852,data analytics course,133,4078,189.42,21,6,0.045,1969,21112024,hyderabad,desktop,data analytics online,0.032614026483570376,1.4242105263157894,10.394889663182347
A1853,data analytics course,82,4163,208.08,30,8,0.098,1297,20241104,hyderabad,mobile,data analytics course,0.01969733365361518,2.537560975609756,6.233179546328335
A1854,data analytics course,90,4330,249.24,20,4,0.044,1618,20241115,hyderabad,tablet,data analytics training,0.020785219399538105,2.7693333333333334,6.491734874017012
A1855,data analytics course,122,5882,189.76,25,7,0.057,1357,20241125,hyderabad,tablet,analytics for data,0.02074124447466848,1.5554098360655737,7.151138279932547
A1856,data analytics course,105,5645,218.24,17,6,0.046,1420,20241102,hyderabad,mobile,online data analytics,0.018600531443755536,2.0784761904761906,6.5065982404692075
A1857,data analytics course,179,3848,213.26,12,5,0.046,1807,20241129,hyderabad,desktop,data analytics course,0.04651767151767152,1.1913966480446927,8.473225171152585
A1858,data analytics course,91,5609,228.27,12,10,0.11,1098,20241111,hyderabad,desktop,analytics for data,0.016223925833481905,2.5084615384615385,4.810093310553292
A1859,data analytics course,168,4390,195.52,22,10,0.06,1553,20241104,hyderabad,desktop,data analytics course,0.03826879271070615,1.1638095238095238,7.942921440261865
A1860,data analytics course,162,4774,210.8,20,7,0.043,1387,20241129,hyderabad,tablet,analytics for data,0.03393380812735652,1.3012345679012347,6.5796963946869065
A1861,data analytics course,130,5787,218.79,13,10,0.077,1679,20241109,hyderabad,mobile,online data analytics,0.022464143770520133,1.6829999999999998,7.6740253210841445
A1862,data analytics course,97,5192,184.79,13,10,0.046,1382,20241105,hyderabad,mobile,learn data analytics,0.018682588597842834,1.9050515463917526,7.478759673142487
A1863,data analytics course,142,4223,222.28,27,5,0.038,1506,20241107,hyderabad,desktop,learn data analytics,0.033625384797537294,1.5653521126760563,6.775238438006118
A1864,data analytics course,138,3146,197.89,22,7,0.046,1505,20241108,hyderabad,desktop,learn data analytics,0.043865225683407505,1.4339855072463767,7.605235231694376
A1865,data analytics course,186,3988,237.69,15,5,0.027,1603,20241114,hyderabad,tablet,data analytics course,0.04663991975927784,1.2779032258064515,6.744078421473348
A1866,data analytics course,170,3437,232.08,23,5,0.029,1405,20241129,hyderabad,mobile,learn data analytics,0.049461739889438465,1.3651764705882354,6.053946914856946
A1867,data analytics course,85,3718,224.14,21,6,0.071,1938,20241104,hyderabad,desktop,online data analytics,0.0228617536309844,2.636941176470588,8.646381725707148
A1868,data analytics course,115,5343,239.92,20,8,0.046,1381,20241115,hyderabad,desktop,learn data analytics,0.02152348867677335,2.0862608695652174,5.756085361787263
A1869,data analytics course,167,5170,241.21,24,4,0.038,1515,21112024,hyderabad,mobile,data analytics course,0.03230174081237911,1.44437125748503,6.280834127938311
A1870,data analytics course,113,5916,234.58,18,5,0.044,1165,20241112,hyderabad,mobile,data analytics course,0.01910074374577417,2.075929203539823,4.966322789666638
A1871,data analytics course,175,4958,245.96,22,10,0.046,1777,20241121,hyderabad,mobile,online data analytics,0.035296490520371114,1.4054857142857142,7.224751992193853
A1872,data analytics course,112,5538,225.66,22,4,0.041,1505,20241122,hyderabad,desktop,online data analytics,0.020223907547851208,2.0148214285714285,6.669325533989188
A1873,data analytics course,194,5309,191.4,19,10,0.046,1764,13112024,hyderabad,desktop,data analytics training,0.036541721604822,0.98659793814433,9.216300940438872
A1874,data analytics course,0,4539,244.4,18,6,0.046,1638,20241128,hyderabad,mobile,analytics for data,0.0,inf,6.702127659574468
A1875,data analytics course,82,4622,203.99,17,9,0.11,1375,20241112,hyderabad,mobile,online data analytics,0.017741237559498052,2.4876829268292684,6.740526496396882
A1876,data analytics course,0,3355,193.57,26,9,0.046,1961,20241111,hyderabad,mobile,learn data analytics,0.0,inf,10.130702071602006
A1877,data analytics course,179,4992,221.48,27,10,0.037,1062,20241106,hyderabad,tablet,learn data analytics,0.03585737179487179,1.23731843575419,4.7950153512732525
A1878,data analytics course,93,3015,232.01,21,4,0.043,1770,20241126,hyderabad,mobile,learn data analytics,0.030845771144278607,2.494731182795699,7.628981509417698
A1879,data analytics course,152,4662,249.13,24,7,0.046,1951,11112024,hyderabad,desktop,online data analytics,0.03260403260403261,1.639013157894737,7.83125275960342
A1880,data analytics course,81,3766,213.12,27,7,0.086,1183,27112024,hyderabad,desktop,online data analytics,0.021508231545406268,2.631111111111111,5.550863363363363
A1881,data analytics course,130,5774,241.97,11,7,0.044,1708,20241120,hyderabad,desktop,data analytics course,0.022514721163837893,1.8613076923076923,7.058726288382857
A1882,data analytics course,110,4542,227.95,20,4,0.036,1423,20241111,hyderabad,desktop,data analytics training,0.024218405988551298,2.0722727272727273,6.242597060758938
A1883,data analytics course,122,5179,215.57,11,4,0.033,1507,20241118,hyderabad,tablet,analytics for data,0.023556671172040935,1.766967213114754,6.9907686598320735
A1884,data analytics course,113,5265,184.21,27,5,0.044,1353,20112024,hyderabad,tablet,data analytics online,0.021462488129154796,1.6301769911504425,7.344878128223224
A1885,data analytics course,140,5297,223.9,28,6,0.043,1630,20241121,hyderabad,mobile,data analytics course,0.026430054747970548,1.5992857142857144,7.280035730236713
A1886,data analytics course,170,3347,248.44,27,3,0.046,1719,20241120,hyderabad,desktop,learn data analytics,0.050791753809381536,1.4614117647058824,6.919175656094027
A1887,data analytics course,176,5960,245.33,19,8,0.045,1761,20241125,hyderabad,tablet,analytics for data,0.02953020134228188,1.3939204545454547,7.178086658786125
A1888,data analytics course,0,5143,246.3,19,5,0.046,1346,5112024,hyderabad,mobile,data analytics training,0.0,inf,5.4648802273650015
A1889,data analytics course,195,5265,242.0,10,4,0.054,1699,20241108,hyderabad,tablet,online data analytics,0.037037037037037035,1.241025641025641,7.020661157024794
A1890,data analytics course,162,4396,183.96,18,4,0.043,1054,20241118,hyderabad,tablet,data analytics online,0.036851683348498636,1.1355555555555557,5.729506414437921
A1891,data analytics course,138,4381,191.55,28,7,0.046,1756,20241101,hyderabad,tablet,data analytics training,0.031499657612417256,1.3880434782608697,9.167319237796919
A1892,data analytics course,177,3965,225.82,15,4,0.023,1530,22112024,hyderabad,mobile,online data analytics,0.044640605296343,1.275819209039548,6.775307767248251
A1893,data analytics course,159,3366,217.27,21,7,0.044,1515,20241117,hyderabad,tablet,online data analytics,0.04723707664884135,1.3664779874213837,6.972890873107193
A1894,data analytics course,111,4026,229.01,13,3,0.046,1438,20241101,hyderabad,desktop,learn data analytics,0.027570789865871834,2.063153153153153,6.27920178158159
A1895,data analytics course,184,5560,189.14,14,6,0.046,1250,20241117,hyderabad,tablet,data analytics online,0.033093525179856115,1.0279347826086955,6.60886116104473
A1896,data analytics course,128,4500,188.21,10,3,0.046,1087,20241114,hyderabad,desktop,online data analytics,0.028444444444444446,1.470390625,5.775463577918282
A1897,data analytics course,164,3851,219.15,22,6,0.049,1487,20241109,hyderabad,mobile,learn data analytics,0.042586341210075304,1.3362804878048782,6.785306867442391
A1898,data analytics course,120,3464,228.3,19,4,0.058,1426,22112024,hyderabad,tablet,online data analytics,0.03464203233256351,1.9025,6.2461673236968895
A1899,data analytics course,89,3248,239.42,10,4,0.046,1505,20241111,hyderabad,mobile,learn data analytics,0.027401477832512317,2.690112359550562,6.286024559351767
A1900,data analytics course,91,3721,231.45,24,6,0.06,1505,20241114,hyderabad,tablet,online data analytics,0.02445579145391024,2.5434065934065933,6.502484337869951
A1901,data analytics course,143,4143,191.68,20,5,0.035,1460,20241130,hyderabad,tablet,analytics for data,0.034516051170649285,1.3404195804195804,7.61686143572621
A1902,data analytics course,176,5768,238.94,14,8,0.045,1016,20241102,hyderabad,tablet,data analytics online,0.030513176144244106,1.3576136363636364,4.252113501297397
A1903,data analytics course,151,4408,214.29,20,5,0.033,1900,21112024,hyderabad,desktop,data analytics course,0.03425589836660617,1.419139072847682,8.86648933687993
A1904,data analytics course,134,3623,221.65,19,5,0.047,1937,20241124,hyderabad,desktop,data analytics online,0.03698592326800994,1.6541044776119402,8.739002932551319
A1905,data analytics course,191,3057,223.28,27,6,0.031,1208,20241103,hyderabad,desktop,data analytics online,0.0624795551193981,1.1690052356020944,5.4102472232174845
A1906,data analytics course,170,3144,215.57,21,3,0.031,1695,20241105,hyderabad,desktop,data analytics online,0.05407124681933842,1.2680588235294117,7.862875168158835
A1907,data analytics course,112,3989,228.74,10,8,0.046,1812,13112024,hyderabad,mobile,analytics for data,0.028077212333918276,2.042321428571429,7.921657777389175
A1908,data analytics course,169,3619,246.66,28,3,0.018,1354,20241125,hyderabad,desktop,online data analytics,0.04669798286819563,1.459526627218935,5.489337549663505
A1909,data analytics course,172,4696,242.17,26,3,0.017,1719,20241106,hyderabad,desktop,data analytics course,0.036626916524701875,1.4079651162790696,7.09831936243135
A1910,data analytics course,162,5684,219.08,30,7,0.046,1295,20241126,hyderabad,desktop,data analytics course,0.028501055594651655,1.3523456790123458,5.911082709512507
A1911,data analytics course,183,4197,243.19,29,8,0.046,1593,20241109,hyderabad,mobile,data analytics training,0.04360257326661901,1.3289071038251365,6.550433817179983
A1912,data analytics course,108,5949,184.25,23,8,0.074,1986,20241123,hyderabad,desktop,data analytics training,0.018154311649016642,1.7060185185185186,10.778833107191316
A1913,data analytics course,126,3784,215.57,24,5,0.046,1951,28112024,hyderabad,mobile,analytics for data,0.033298097251585626,1.7108730158730159,9.050424456093149
A1914,data analytics course,174,3570,222.65,25,3,0.017,1505,20241119,hyderabad,tablet,learn data analytics,0.04873949579831933,1.2795977011494253,6.759487985627667
A1915,data analytics course,122,4632,236.57,13,6,0.046,1001,20241115,hyderabad,desktop,data analytics course,0.026338514680483593,1.9390983606557377,4.231305744599907
A1916,data analytics course,191,3457,237.6,0,10,0.052,1505,20241105,hyderabad,desktop,data analytics course,0.055250216951113686,1.243979057591623,6.334175084175084
A1917,data analytics course,122,4525,202.89,23,8,0.034,1499,22112024,hyderabad,tablet,data analytics training,0.02696132596685083,1.6630327868852457,7.388239932968604
A1918,data analytics course,175,4850,186.25,28,10,0.057,1978,20241118,hyderabad,desktop,analytics for data,0.03608247422680412,1.0642857142857143,10.62013422818792
A1919,data analytics course,123,4938,180.64,24,9,0.073,1746,21112024,hyderabad,tablet,data analytics course,0.02490886998784933,1.4686178861788617,9.665633303808681
A1920,data analytics course,135,5748,239.22,20,7,0.051,1222,20241121,hyderabad,tablet,analytics for data,0.02348643006263048,1.772,5.108268539419781
A1921,data analytics course,0,4622,187.85,24,5,0.046,1998,11112024,hyderabad,tablet,analytics for data,0.0,inf,10.636145861059356
A1922,data analytics course,90,5596,188.04,12,4,0.044,1505,20241117,hyderabad,mobile,online data analytics,0.016082916368834882,2.0893333333333333,8.003616251861306
A1923,data analytics course,0,5308,234.1,27,8,0.046,1150,20241116,hyderabad,tablet,analytics for data,0.0,inf,4.912430585219991
A1924,data analytics course,89,3069,205.37,19,6,0.046,1518,20241128,hyderabad,desktop,data analytics online,0.028999674160964484,2.3075280898876405,7.391537225495447
A1925,data analytics course,0,4221,180.83,24,10,0.033,1082,20241113,hyderabad,tablet,learn data analytics,0.0,inf,5.983520433556379
A1926,data analytics course,148,4514,203.54,23,3,0.047,1622,5112024,hyderabad,desktop,data analytics online,0.03278688524590164,1.3752702702702702,7.968949592217746
A1927,data analytics course,96,3468,228.41,16,9,0.094,1035,4112024,hyderabad,desktop,learn data analytics,0.02768166089965398,2.3792708333333334,4.531325248456723
A1928,data analytics course,126,3613,208.74,18,7,0.046,1106,20241106,hyderabad,desktop,learn data analytics,0.034874065873235535,1.6566666666666667,5.298457411133467
A1929,data analytics course,115,3234,227.77,30,3,0.026,1272,13112024,hyderabad,tablet,learn data analytics,0.035559678416821276,1.980608695652174,5.584580936910041
A1930,data analytics course,135,5436,245.86,28,9,0.067,1453,20241103,hyderabad,desktop,data analytics online,0.024834437086092714,1.8211851851851852,5.90986740421378
A1931,data analytics course,158,4519,191.84,26,4,0.025,1505,20241129,hyderabad,desktop,data analytics online,0.0349634874972339,1.2141772151898735,7.845079232693911
A1932,data analytics course,80,3777,199.52,12,7,0.046,1694,20241122,hyderabad,desktop,learn data analytics,0.021180831347630394,2.494,8.49037690457097
A1933,data analytics course,190,3461,205.22,28,10,0.046,1616,25112024,hyderabad,mobile,online data analytics,0.05489742848887605,1.0801052631578947,7.874476171913069
A1934,data analytics course,135,4575,241.92,10,5,0.046,1553,22112024,hyderabad,desktop,data analytics course,0.029508196721311476,1.7919999999999998,6.4194775132275135
A1935,data analytics course,149,3471,242.14,23,4,0.027,1937,20241119,hyderabad,desktop,data analytics training,0.04292711034284068,1.6251006711409395,7.999504418931197
A1936,data analytics course,164,3115,232.62,10,0,0.046,1802,4112024,hyderabad,tablet,data analytics online,0.05264847512038523,1.4184146341463415,7.746539420514143
A1937,data analytics course,132,5428,180.73,10,7,0.039,1732,16112024,hyderabad,desktop,data analytics course,0.02431834929992631,1.3691666666666666,9.583356387982073
A1938,data analytics course,198,4499,245.24,27,7,0.035,1165,20241101,hyderabad,tablet,online data analytics,0.044009779951100246,1.2385858585858587,4.750448540205513
A1939,data analytics course,153,3285,226.26,12,7,0.046,1838,20241121,hyderabad,desktop,online data analytics,0.04657534246575343,1.4788235294117646,8.123397860868028
A1940,data analytics course,142,3431,235.09,19,0,0.046,1334,20241108,hyderabad,desktop,data analytics online,0.041387350626639466,1.6555633802816903,5.674422561572164
A1941,data analytics course,91,4600,194.14,19,7,0.077,1255,20241119,hyderabad,mobile,data analytics online,0.019782608695652175,2.133406593406593,6.464407128876069
A1942,data analytics course,154,4804,190.98,21,3,0.019,1521,23112024,hyderabad,desktop,data analytics training,0.03205661948376353,1.24012987012987,7.964184731385486
A1943,data analytics course,115,5472,230.29,26,4,0.046,1275,20241107,hyderabad,mobile,learn data analytics,0.02101608187134503,2.002521739130435,5.536497459724695
A1944,data analytics course,86,5493,191.28,18,9,0.105,1204,20241120,hyderabad,tablet,data analytics course,0.015656289823411614,2.224186046511628,6.2944374738603095
A1945,data analytics course,116,3188,238.62,15,10,0.086,1429,14112024,hyderabad,tablet,online data analytics,0.03638644918444166,2.0570689655172414,5.988601123124633
A1946,data analytics course,144,3579,237.97,21,10,0.069,1155,20241102,hyderabad,desktop,data analytics course,0.040234702430846606,1.6525694444444445,4.853552968861621
A1947,data analytics course,101,4198,204.09,30,10,0.099,1642,20241121,hyderabad,desktop,data analytics training,0.024059075750357314,2.020693069306931,8.045470135724436
A1948,data analytics course,116,4224,245.99,10,5,0.046,1054,20241105,hyderabad,tablet,data analytics online,0.027462121212121212,2.1206034482758622,4.284727021423635
A1949,data analytics course,187,3199,193.29,24,6,0.032,1430,20241120,hyderabad,tablet,online data analytics,0.05845576742732104,1.0336363636363637,7.39820994360805
A1950,data analytics course,114,4333,192.81,26,6,0.053,1722,8112024,hyderabad,tablet,data analytics training,0.026309716132010153,1.6913157894736843,8.931072039831959
A1951,data analytics course,141,3617,198.52,20,9,0.046,1858,21112024,hyderabad,desktop,data analytics course,0.03898258225048382,1.4079432624113475,9.35925851299617
A1952,data analytics course,167,5588,181.95,18,9,0.035,1505,20241123,hyderabad,tablet,data analytics training,0.029885468861846815,1.0895209580838323,8.27150316020885
A1953,data analytics course,186,4689,204.31,26,6,0.032,1936,20241121,hyderabad,desktop,data analytics online,0.03966730646193218,1.0984408602150537,9.475796583622925
A1954,data analytics course,0,4846,206.4,21,7,0.046,1526,28112024,hyderabad,mobile,data analytics online,0.0,inf,7.393410852713178
A1955,data analytics course,136,3441,236.21,26,9,0.046,1461,20241115,hyderabad,desktop,learn data analytics,0.03952339436210404,1.7368382352941176,6.18517420938995
A1956,data analytics course,185,3719,245.91,17,9,0.049,1218,20241109,hyderabad,mobile,online data analytics,0.049744554987899973,1.3292432432432433,4.953031596925705
A1957,data analytics course,162,3337,200.94,11,9,0.056,1820,20241116,hyderabad,mobile,data analytics course,0.04854659874138448,1.2403703703703703,9.057430078630437
A1958,data analytics course,91,3694,234.02,23,5,0.055,1505,20241124,hyderabad,desktop,online data analytics,0.024634542501353548,2.571648351648352,6.431074267156653
A1959,data analytics course,109,5641,224.36,30,4,0.037,1531,13112024,hyderabad,tablet,analytics for data,0.019322815103705017,2.058348623853211,6.823854519522196
A1960,data analytics course,88,3992,195.38,14,4,0.046,1228,20241115,hyderabad,desktop,data analytics course,0.022044088176352707,2.2202272727272727,6.2851878390828135
A1961,data analytics course,189,3411,205.26,28,7,0.046,1147,27112024,hyderabad,desktop,analytics for data,0.055408970976253295,1.086031746031746,5.588034687713145
A1962,data analytics course,154,3099,218.7,30,6,0.039,1366,10112024,hyderabad,desktop,data analytics online,0.04969344949983866,1.4201298701298701,6.245999085505258
A1963,data analytics course,106,3017,242.71,24,5,0.03,1701,20241104,hyderabad,mobile,learn data analytics,0.03513423931057342,2.2897169811320754,7.008363891063409
A1964,data analytics course,134,0,202.32,17,5,0.057,1963,20241123,hyderabad,tablet,data analytics training,,1.5098507462686566,9.702451561882167
A1965,data analytics course,84,5662,228.62,25,9,0.107,1988,26112024,hyderabad,desktop,analytics for data,0.014835747085835394,2.7216666666666667,8.695652173913043
A1966,data analytics course,190,4476,198.18,12,4,0.046,1002,20241107,hyderabad,desktop,data analytics online,0.04244861483467382,1.0430526315789475,5.056009688162277
A1967,data analytics course,156,4771,199.3,26,8,0.051,1823,20241104,hyderabad,tablet,data analytics online,0.0326975476839237,1.2775641025641027,9.14701455092825
A1968,data analytics course,0,5510,198.92,23,9,0.046,1063,20241114,hyderabad,desktop,data analytics course,0.0,inf,5.343856826865072
A1969,data analytics course,170,4786,202.62,27,6,0.04,1372,20241104,hyderabad,mobile,data analytics training,0.0355202674467196,1.1918823529411764,6.771296022110354
A1970,data analytics course,86,3964,193.15,26,5,0.045,1639,23112024,hyderabad,desktop,learn data analytics,0.021695257315842584,2.2459302325581394,8.48563292777634
A1971,data analytics course,143,5317,236.37,10,3,0.046,1861,16112024,hyderabad,tablet,data analytics online,0.02689486552567237,1.652937062937063,7.873249566357829
A1972,data analytics course,84,3454,206.8,23,3,0.036,1573,20241117,hyderabad,desktop,learn data analytics,0.024319629415170817,2.461904761904762,7.606382978723404
A1973,data analytics course,145,3804,236.92,29,8,0.046,1328,20241123,hyderabad,tablet,data analytics course,0.03811777076761304,1.6339310344827584,5.605267600877934
A1974,data analytics course,126,4670,234.65,25,8,0.046,1470,20241123,hyderabad,desktop,online data analytics,0.026980728051391862,1.8623015873015873,6.264649477945877
A1975,data analytics course,156,3273,189.36,14,6,0.038,1860,20241115,hyderabad,mobile,data analytics online,0.04766269477543538,1.213846153846154,9.822560202788338
A1976,data analytics course,124,4236,182.02,0,9,0.073,1979,22112024,hyderabad,desktop,data analytics training,0.02927289896128423,1.4679032258064517,10.872431600922974
A1977,data analytics course,197,5866,217.81,28,7,0.036,1331,18112024,hyderabad,mobile,learn data analytics,0.033583361745652913,1.1056345177664975,6.110830540379229
A1978,data analytics course,106,3102,214.56,12,0,0.046,1881,20241125,hyderabad,mobile,learn data analytics,0.03417150225660864,2.0241509433962266,8.766778523489933
A1979,data analytics course,129,4856,230.13,23,7,0.054,1720,25112024,hyderabad,tablet,learn data analytics,0.02656507413509061,1.7839534883720929,7.474036414200669
A1980,data analytics course,93,4054,244.73,11,8,0.086,1066,20241124,hyderabad,desktop,online data analytics,0.022940305870744943,2.631505376344086,4.355820700363666
A1981,data analytics course,96,4074,219.66,16,8,0.083,1505,7112024,hyderabad,tablet,data analytics online,0.023564064801178203,2.288125,6.8514977692797965
A1982,data analytics course,135,4430,196.18,12,9,0.067,1374,20241108,hyderabad,mobile,analytics for data,0.030474040632054177,1.4531851851851851,7.0037720460801305
A1983,data analytics course,138,5356,204.86,15,9,0.065,1268,20241122,hyderabad,mobile,online data analytics,0.025765496639283045,1.4844927536231884,6.189592892707214
A1984,data analytics course,92,4898,247.49,19,0,0.046,1969,20241107,hyderabad,desktop,data analytics training,0.018783176806859942,2.690108695652174,7.95587700513152
A1985,data analytics course,151,5301,232.06,13,9,0.06,1893,20241105,hyderabad,mobile,data analytics online,0.028485191473306925,1.5368211920529802,8.15737309316556
A1986,data analytics course,189,3031,209.84,25,6,0.032,1936,20241126,hyderabad,tablet,online data analytics,0.06235565819861432,1.1102645502645503,9.226077011056043
A1987,data analytics course,97,3410,180.52,24,0,0.046,1532,7112024,hyderabad,tablet,analytics for data,0.02844574780058651,1.8610309278350516,8.486594283181919
A1988,data analytics course,178,4745,200.61,12,9,0.051,1574,20241118,hyderabad,desktop,learn data analytics,0.0375131717597471,1.1270224719101125,7.846069488061413
A1989,data analytics course,164,3024,192.34,12,8,0.049,1997,20241107,hyderabad,desktop,data analytics course,0.05423280423280423,1.1728048780487805,10.382655713840075
A1990,data analytics course,94,5435,231.42,21,5,0.056,1114,20241103,hyderabad,desktop,data analytics online,0.017295308187672494,2.461914893617021,4.813758534266701
A1991,data analytics course,176,3021,204.53,29,7,0.03,1620,20241113,hyderabad,tablet,online data analytics,0.05825885468387951,1.1621022727272727,7.920598445215861
A1992,data analytics course,165,5335,192.53,23,5,0.03,1402,12112024,hyderabad,mobile,data analytics training,0.030927835051546393,1.1668484848484848,7.2819820287747365
A1993,data analytics course,188,4081,237.05,18,8,0.05,1846,6112024,hyderabad,tablet,data analytics course,0.046067140406763046,1.260904255319149,7.787386627293819
A1994,data analytics course,87,4840,205.72,16,6,0.046,1040,9112024,hyderabad,desktop,online data analytics,0.017975206611570246,2.3645977011494255,5.055415127357573
A1995,data analytics course,106,4738,196.7,17,4,0.038,1515,20241129,hyderabad,tablet,data analytics training,0.0223723089911355,1.8556603773584905,7.702084392475852
A1996,data analytics course,198,4181,218.4,10,8,0.04,1298,20241117,hyderabad,mobile,data analytics training,0.04735709160487921,1.103030303030303,5.943223443223443
A1997,data analytics course,121,5813,202.92,25,6,0.05,1226,14112024,hyderabad,tablet,data analytics online,0.020815413727851367,1.6770247933884297,6.041789867928248
A1998,data analytics course,120,4303,202.8,21,4,0.033,1033,20241126,hyderabad,tablet,online data analytics,0.027887520334650244,1.6900000000000002,5.093688362919132
A1999,data analytics course,189,5201,210.87,21,10,0.053,1560,20241111,hyderabad,mobile,data analytics course,0.03633916554508748,1.1157142857142857,7.397922890880637
A2000,data analytics course,131,4603,228.63,30,0,0.046,1270,20241103,hyderabad,tablet,analytics for data,0.028459700195524656,1.745267175572519,5.5548265756899795
A2001,data analytics course,99,4051,207.42,10,9,0.091,1797,14112024,hyderabad,mobile,analytics for data,0.024438410269069365,2.095151515151515,8.663581139716518
A2002,data analytics course,199,4080,243.8,23,7,0.05,1507,15112024,hyderabad,desktop,data analytics training,0.04877450980392157,1.2251256281407035,6.18129614438064
A2003,data analytics course,180,4140,240.76,21,8,0.044,1248,11112024,hyderabad,desktop,online data analytics,0.043478260869565216,1.3375555555555556,5.183585313174946
A2004,data analytics course,88,3333,193.25,29,3,0.034,1398,20241114,hyderabad,tablet,data analytics online,0.026402640264026403,2.196022727272727,7.234152652005174
A2005,data analytics course,140,3689,249.33,20,9,0.064,1329,20241122,hyderabad,mobile,learn data analytics,0.03795066413662239,1.7809285714285714,5.330285164240164
A2006,data analytics course,166,4665,223.95,23,9,0.054,1404,20241107,hyderabad,tablet,data analytics online,0.035584137191854236,1.3490963855421687,6.269256530475553
A2007,data analytics course,185,3670,198.66,30,4,0.057,1440,13112024,hyderabad,desktop,data analytics training,0.05040871934604905,1.073837837837838,7.248565388100272
A2008,data analytics course,139,4036,242.12,25,5,0.036,1329,20241126,hyderabad,tablet,learn data analytics,0.0344400396432111,1.7418705035971223,5.489013712208822
A2009,data analytics course,142,4497,198.98,27,3,0.046,1582,20241130,hyderabad,tablet,analytics for data,0.03157660662663998,1.4012676056338027,7.9505477937481155
A2010,data analytics course,173,3705,197.01,20,10,0.058,1010,26112024,hyderabad,desktop,data analytics training,0.04669365721997301,1.13878612716763,5.126643317598091
A2011,data analytics course,0,5849,215.57,27,3,0.046,1146,20241125,hyderabad,tablet,learn data analytics,0.0,inf,5.316138609268451
A2012,data analytics course,153,5283,205.72,24,3,0.02,1591,10112024,hyderabad,desktop,learn data analytics,0.028960817717206135,1.3445751633986929,7.733812949640288
A2013,data analytics course,104,5203,241.15,17,6,0.048,1164,28112024,hyderabad,mobile,data analytics online,0.01998846819142802,2.31875,4.8268712419655815
A2014,data analytics course,120,4243,198.49,15,10,0.083,1891,27112024,hyderabad,desktop,data analytics training,0.028281876031110063,1.6540833333333333,9.526928308730918
A2015,data analytics course,100,3716,247.95,23,8,0.046,1924,20241114,hyderabad,mobile,learn data analytics,0.02691065662002153,2.4795,7.759628957451099
A2016,data analytics course,106,3646,237.89,28,7,0.046,1564,20241102,hyderabad,mobile,analytics for data,0.029072956664838178,2.2442452830188677,6.5744671907184
A2017,data analytics course,136,4101,227.43,28,9,0.057,1284,19112024,hyderabad,tablet,learn data analytics,0.033162643257742014,1.672279411764706,5.645693180319219
A2018,data analytics course,121,3366,246.56,25,0,0.046,1170,20241102,hyderabad,desktop,online data analytics,0.03594771241830065,2.037685950413223,4.745295262816353
A2019,data analytics course,153,3381,231.35,29,5,0.033,1769,20241128,hyderabad,tablet,data analytics course,0.04525288376220053,1.5120915032679738,7.646423168359629
A2020,data analytics course,111,5003,213.34,29,3,0.046,1938,20241125,hyderabad,tablet,analytics for data,0.022186687987207677,1.9219819819819821,9.084091122152433
A2021,data analytics course,156,5415,198.27,29,7,0.037,1918,17112024,hyderabad,desktop,data analytics training,0.028808864265927978,1.2709615384615385,9.673677308720432
A2022,data analytics course,137,3838,226.92,18,6,0.044,1505,27112024,hyderabad,tablet,analytics for data,0.035695674830640955,1.6563503649635036,6.632293319231447
A2023,data analytics course,138,3002,246.3,24,0,0.036,1530,20241101,hyderabad,tablet,learn data analytics,0.04596935376415723,1.7847826086956522,6.211936662606577
A2024,data analytics course,96,3958,238.06,17,4,0.042,1750,20241107,hyderabad,mobile,online data analytics,0.02425467407781708,2.479791666666667,7.351087961018231
A2025,data analytics course,180,3060,194.47,21,5,0.054,1429,20241110,hyderabad,tablet,online data analytics,0.058823529411764705,1.0803888888888888,7.348177096724431
A2026,data analytics course,132,5514,208.57,16,7,0.053,1072,20241126,hyderabad,mobile,online data analytics,0.023939064200217627,1.5800757575757576,5.13976123124131
A2027,data analytics course,147,5373,233.68,20,7,0.048,1685,20241101,hyderabad,desktop,data analytics course,0.027359017308766054,1.5896598639455783,7.210715508387539
A2028,data analytics course,84,4720,213.68,20,5,0.06,1412,20241121,hyderabad,tablet,data analytics course,0.017796610169491526,2.5438095238095237,6.608011980531636
A2029,data analytics course,82,4330,228.68,18,8,0.098,1510,20241104,hyderabad,desktop,analytics for data,0.018937644341801386,2.7887804878048783,6.603113521077488
A2030,data analytics course,173,4365,215.57,28,9,0.046,1311,6112024,hyderabad,desktop,data analytics online,0.03963344788087056,1.2460693641618497,6.081551236257364
A2031,data analytics course,89,5899,226.95,13,7,0.079,1058,20241110,hyderabad,mobile,data analytics training,0.015087302932700457,2.55,4.661819784093413
A2032,data analytics course,198,3500,206.88,19,6,0.03,1684,11112024,hyderabad,mobile,analytics for data,0.05657142857142857,1.044848484848485,8.139984532095902
A2033,data analytics course,135,4155,207.81,25,9,0.049,1313,3112024,hyderabad,desktop,online data analytics,0.032490974729241874,1.5393333333333334,6.318271498002983
A2034,data analytics course,94,5437,190.49,16,6,0.044,1234,20241116,hyderabad,tablet,data analytics training,0.017288946109987127,2.0264893617021276,6.478030342800147
A2035,data analytics course,151,3251,224.8,13,6,0.04,1505,20241121,hyderabad,desktop,learn data analytics,0.046447247000922794,1.4887417218543046,6.694839857651245
A2036,data analytics course,113,5392,205.13,28,3,0.034,1208,17112024,hyderabad,mobile,online data analytics,0.020956973293768544,1.8153097345132743,5.888948471700873
A2037,data analytics course,164,5403,213.0,11,8,0.037,1505,20241122,hyderabad,desktop,analytics for data,0.030353507310753286,1.298780487804878,7.065727699530516
A2038,data analytics course,135,5054,224.03,16,6,0.044,1765,7112024,hyderabad,mobile,data analytics training,0.026711515631183222,1.6594814814814816,7.878409141632817
A2039,data analytics course,116,5757,218.69,10,7,0.045,1834,20241123,hyderabad,mobile,online data analytics,0.02014938335938857,1.885258620689655,8.386300242352188
A2040,data analytics course,0,4485,220.3,14,6,0.046,1801,20241101,hyderabad,mobile,data analytics course,0.0,inf,8.175215615070359
A2041,data analytics course,164,4053,245.26,28,7,0.043,1384,20241101,hyderabad,tablet,learn data analytics,0.04046385393535653,1.4954878048780487,5.642991111473538
A2042,data analytics course,146,5733,225.48,26,3,0.035,1658,20241110,hyderabad,desktop,online data analytics,0.025466596895168322,1.5443835616438355,7.35320205783218
A2043,data analytics course,181,3225,190.25,22,5,0.028,1677,10112024,hyderabad,mobile,learn data analytics,0.056124031007751936,1.0511049723756907,8.814717477003942
A2044,data analytics course,156,4170,244.72,29,3,0.019,1962,20112024,hyderabad,desktop,data analytics online,0.03741007194244604,1.5687179487179488,8.017325923504414
A2045,data analytics course,182,4039,240.35,12,7,0.038,1214,20241113,hyderabad,tablet,data analytics training,0.045060658578856154,1.3206043956043956,5.050967339296859
A2046,data analytics course,137,3150,184.36,19,3,0.041,1218,29112024,hyderabad,tablet,data analytics online,0.04349206349206349,1.3456934306569344,6.606639184204816
A2047,data analytics course,93,4498,237.67,27,3,0.032,1102,20241130,hyderabad,mobile,online data analytics,0.020675855935971543,2.5555913978494624,4.636681112466866
A2048,data analytics course,136,4683,228.82,22,5,0.037,1493,19112024,hyderabad,desktop,learn data analytics,0.02904121289771514,1.6824999999999999,6.524779302508522
A2049,data analytics course,194,5620,194.91,22,10,0.046,1607,8112024,hyderabad,tablet,data analytics course,0.03451957295373666,1.0046907216494845,8.24483094761685
A2050,data analytics course,0,4653,194.99,11,5,0.054,1928,20241112,hyderabad,tablet,learn data analytics,0.0,inf,9.887686548028103
A2051,data analytics course,181,3063,191.03,15,4,0.022,1125,20241121,hyderabad,desktop,data analytics training,0.059092393078681034,1.055414364640884,5.88912736219442
A2052,data analytics course,156,3273,245.27,30,8,0.035,1505,20241105,hyderabad,tablet,learn data analytics,0.04766269477543538,1.5722435897435898,6.136094915807069
A2053,data analytics course,128,4314,181.68,28,5,0.046,1456,20241125,hyderabad,mobile,analytics for data,0.0296708391284191,1.419375,8.014090708938793
A2054,data analytics course,133,5945,223.43,16,6,0.045,1329,20241116,hyderabad,tablet,data analytics training,0.022371740958788897,1.6799248120300752,5.948171686881797
A2055,data analytics course,118,4794,233.49,0,3,0.025,1707,27112024,hyderabad,mobile,data analytics course,0.024614100959532748,1.9787288135593222,7.310805601952974
A2056,data analytics course,191,5227,204.87,26,6,0.046,1605,20241120,hyderabad,mobile,data analytics course,0.03654103692366558,1.0726178010471203,7.834236344999268
A2057,data analytics course,172,4850,242.33,27,4,0.023,1391,20241121,hyderabad,tablet,data analytics online,0.03546391752577319,1.4088953488372093,5.740106466388808
A2058,data analytics course,143,5314,222.14,21,9,0.063,1505,22112024,hyderabad,tablet,learn data analytics,0.026910048927361686,1.5534265734265733,6.775006752498425
A2059,data analytics course,110,4394,194.23,28,3,0.027,1394,20241125,hyderabad,tablet,analytics for data,0.025034137460172964,1.7657272727272726,7.177058126962879
A2060,data analytics course,119,5820,196.42,11,10,0.084,1707,22112024,hyderabad,tablet,learn data analytics,0.020446735395189004,1.6505882352941175,8.690561042663681
A2061,data analytics course,178,5328,201.9,20,9,0.051,1452,21112024,hyderabad,mobile,data analytics course,0.03340840840840841,1.1342696629213485,7.1916790490341755
A2062,data analytics course,0,3557,190.84,17,4,0.046,1925,28112024,hyderabad,desktop,data analytics online,0.0,inf,10.086983860825823
A2063,data analytics course,95,4050,234.79,20,5,0.046,1783,18112024,hyderabad,mobile,data analytics online,0.02345679012345679,2.471473684210526,7.594020188253333
A2064,data analytics course,198,3575,224.07,13,3,0.046,1070,20241109,hyderabad,desktop,data analytics online,0.055384615384615386,1.1316666666666666,4.775293435087249
A2065,data analytics course,134,5570,233.77,15,4,0.03,1101,20241127,hyderabad,mobile,data analytics course,0.02405745062836625,1.7445522388059702,4.709757453907687
A2066,data analytics course,83,4883,228.3,29,10,0.046,1456,20241107,hyderabad,mobile,learn data analytics,0.0169977472865042,2.7506024096385544,6.377573368374945
A2067,data analytics course,187,4753,236.03,13,3,0.054,1906,20241118,hyderabad,desktop,data analytics online,0.03934357248053861,1.262192513368984,8.075244672287422
A2068,data analytics course,81,5653,245.33,23,8,0.099,1248,20241126,hyderabad,mobile,data analytics online,0.014328675039801874,3.0287654320987656,5.0870256389353115
A2069,data analytics course,144,5750,184.37,19,8,0.056,1098,20241126,hyderabad,desktop,learn data analytics,0.025043478260869566,1.2803472222222223,5.955415740087867
A2070,data analytics course,161,5766,221.93,10,8,0.05,1830,20241113,hyderabad,tablet,online data analytics,0.02792230315643427,1.3784472049689442,8.245843283918353
A2071,data analytics course,90,4424,219.77,10,4,0.046,1396,8112024,hyderabad,desktop,data analytics online,0.02034358047016275,2.441888888888889,6.352095372434818
A2072,data analytics course,128,5043,231.72,26,8,0.062,1508,20241126,hyderabad,tablet,analytics for data,0.025381717231806464,1.8103125,6.507854306922147
A2073,data analytics course,195,4529,200.36,25,7,0.034,1343,20241130,hyderabad,tablet,data analytics training,0.043055862221240894,1.0274871794871796,6.702934717508485
A2074,data analytics course,160,5751,215.57,28,4,0.04,1802,20241122,hyderabad,mobile,learn data analytics,0.027821248478525473,1.3473125,8.35923365960013
A2075,data analytics course,176,4518,237.95,17,10,0.057,1933,20241111,hyderabad,desktop,analytics for data,0.038955289951305885,1.3519886363636362,8.123555368774953
A2076,data analytics course,157,5201,228.72,14,8,0.051,1458,20241109,hyderabad,mobile,data analytics online,0.030186502595654682,1.456815286624204,6.374606505771249
A2077,data analytics course,104,4735,233.95,19,6,0.058,1493,20241123,hyderabad,mobile,learn data analytics,0.021964097148891235,2.2495192307692307,6.38170549262663
A2078,data analytics course,117,3014,242.24,12,0,0.046,1432,29112024,hyderabad,mobile,learn data analytics,0.03881884538818845,2.0704273504273507,5.911492734478204
A2079,data analytics course,138,5506,192.89,27,6,0.043,1261,20241102,hyderabad,tablet,learn data analytics,0.025063567017798764,1.3977536231884058,6.537404738451968
A2080,data analytics course,84,3758,232.56,26,5,0.06,1384,6112024,hyderabad,desktop,data analytics course,0.022352315061202766,2.7685714285714287,5.951152390780874
A2081,data analytics course,102,4460,182.23,15,6,0.059,1849,14112024,hyderabad,tablet,data analytics online,0.022869955156950672,1.7865686274509802,10.146518136421006
A2082,data analytics course,122,5518,202.0,27,3,0.025,1884,11112024,hyderabad,tablet,analytics for data,0.022109459949256977,1.6557377049180328,9.326732673267326
A2083,data analytics course,198,5542,234.62,10,10,0.051,1605,20241127,hyderabad,tablet,online data analytics,0.03572717430530494,1.184949494949495,6.840849032478049
A2084,data analytics course,152,5678,204.41,22,4,0.046,1794,20112024,hyderabad,desktop,online data analytics,0.02676998943289891,1.3448026315789474,8.776478645858813
A2085,data analytics course,147,4608,180.04,20,6,0.041,1351,21112024,hyderabad,desktop,data analytics online,0.031901041666666664,1.2247619047619047,7.503888024883359
A2086,data analytics course,108,5448,230.17,12,10,0.052,1039,20241119,hyderabad,desktop,data analytics course,0.019823788546255508,2.1312037037037035,4.514054829039406
A2087,data analytics course,137,5261,196.48,23,5,0.036,1227,20241126,hyderabad,tablet,data analytics training,0.02604067667743775,1.4341605839416058,6.244910423452769
A2088,data analytics course,131,0,209.38,16,9,0.069,1645,20241112,hyderabad,mobile,data analytics online,,1.598320610687023,7.8565287993122555
A2089,data analytics course,80,3760,236.82,13,4,0.05,1927,20241121,hyderabad,desktop,learn data analytics,0.02127659574468085,2.96025,8.136981673845115
A2090,data analytics course,114,4157,248.56,10,7,0.061,1671,20241110,hyderabad,desktop,analytics for data,0.027423622804907385,2.1803508771929825,6.72272288381075
A2091,data analytics course,123,4580,223.0,15,7,0.057,1614,18112024,hyderabad,mobile,analytics for data,0.026855895196506552,1.8130081300813008,7.237668161434978
A2092,data analytics course,168,4068,233.54,23,5,0.03,1636,20241127,hyderabad,mobile,analytics for data,0.04129793510324484,1.3901190476190475,7.0052239445062945
A2093,data analytics course,180,3072,218.47,28,9,0.05,1200,6112024,hyderabad,mobile,learn data analytics,0.05859375,1.2137222222222221,5.492744999313407
A2094,data analytics course,117,5379,240.68,18,3,0.038,1361,20241106,hyderabad,tablet,analytics for data,0.021751254880089235,2.057094017094017,5.654811367791258
A2095,data analytics course,103,4885,221.05,21,10,0.097,1505,20241125,hyderabad,mobile,online data analytics,0.021084953940634595,2.146116504854369,6.808414385885546
A2096,data analytics course,140,5859,211.08,26,9,0.064,1276,20241115,hyderabad,desktop,data analytics training,0.023894862604540025,1.5077142857142858,6.045101383361758
A2097,data analytics course,158,4574,198.9,21,8,0.046,1706,4112024,hyderabad,desktop,learn data analytics,0.03454306952339309,1.258860759493671,8.5771744595274
A2098,data analytics course,162,5911,232.03,12,7,0.043,1613,9112024,hyderabad,tablet,data analytics online,0.02740653019793605,1.432283950617284,6.951687281817007
A2099,data analytics course,122,3440,206.78,20,3,0.025,1222,20241124,hyderabad,tablet,online data analytics,0.035465116279069765,1.6949180327868854,5.909662443176322
A2100,data analytics course,89,4319,198.79,23,10,0.112,1980,16112024,hyderabad,mobile,learn data analytics,0.02060662190321834,2.2335955056179775,9.960259570400925
A2101,data analytics course,119,3956,188.53,20,5,0.044,1311,15112024,hyderabad,tablet,data analytics training,0.03008088978766431,1.5842857142857143,6.953800456160823
A2102,data analytics course,155,4220,200.81,20,3,0.019,1199,30112024,hyderabad,mobile,data analytics course,0.03672985781990521,1.2955483870967741,5.970818186345301
A2103,data analytics course,0,3692,243.6,30,4,0.046,1954,20241101,hyderabad,mobile,analytics for data,0.0,inf,8.021346469622332
A2104,data analytics course,179,4188,231.23,25,9,0.05,1936,19112024,hyderabad,mobile,online data analytics,0.04274116523400191,1.2917877094972066,8.372616010033301
A2105,data analytics course,194,0,217.93,29,0,0.046,1457,20241125,hyderabad,mobile,data analytics course,,1.1233505154639176,6.685633001422475
A2106,data analytics course,101,3401,194.12,27,3,0.03,1721,20241111,hyderabad,mobile,learn data analytics,0.029697147897677155,1.9219801980198021,8.86565011333196
A2107,data analytics course,110,3382,249.88,17,6,0.044,1327,20241122,hyderabad,mobile,learn data analytics,0.03252513305736251,2.2716363636363637,5.310549063550504
A2108,data analytics course,179,5366,204.5,20,9,0.05,1510,22112024,hyderabad,tablet,data analytics online,0.03335818114051435,1.1424581005586592,7.383863080684597
A2109,data analytics course,193,4611,197.28,27,10,0.034,1701,29112024,hyderabad,mobile,data analytics course,0.041856430275428326,1.0221761658031088,8.622262773722628
A2110,data analytics course,188,4447,234.18,14,8,0.045,1449,20241117,hyderabad,mobile,analytics for data,0.04227569147740049,1.2456382978723404,6.187548039969254
A2111,data analytics course,0,4075,211.41,11,7,0.046,1764,20241108,hyderabad,tablet,data analytics online,0.0,inf,8.343976160068115
A2112,data analytics course,177,4230,213.46,15,4,0.023,1389,20241106,hyderabad,desktop,analytics for data,0.04184397163120567,1.2059887005649719,6.507073924857115
A2113,data analytics course,152,3729,214.23,22,7,0.047,2000,20112024,hyderabad,tablet,analytics for data,0.04076159828372218,1.409407894736842,9.335760631097418
A2114,data analytics course,168,4710,214.49,15,9,0.054,1466,24112024,hyderabad,mobile,data analytics training,0.035668789808917196,1.2767261904761906,6.834817474008112
A2115,data analytics course,171,5332,229.69,11,3,0.018,1685,3112024,hyderabad,mobile,data analytics course,0.03207051762940735,1.3432163742690058,7.335974574426401
A2116,data analytics course,150,3833,202.55,29,10,0.046,1509,10112024,hyderabad,tablet,learn data analytics,0.03913383772501957,1.3503333333333334,7.450012342631449
A2117,data analytics course,0,4833,193.96,23,9,0.046,1987,20241116,hyderabad,mobile,online data analytics,0.0,inf,10.244380284594762
A2118,data analytics course,174,4720,215.57,25,10,0.046,1209,21112024,hyderabad,tablet,analytics for data,0.03686440677966102,1.2389080459770114,5.608387066846036
A2119,data analytics course,127,3131,227.93,24,0,0.046,1571,14112024,hyderabad,desktop,data analytics training,0.04056212072820185,1.794724409448819,6.892466985477998
A2120,data analytics course,148,5147,244.42,18,4,0.045,1348,30112024,hyderabad,desktop,data analytics online,0.028754614338449582,1.6514864864864864,5.515096964241879
A2121,data analytics course,112,5288,246.27,26,10,0.089,1505,20241110,hyderabad,mobile,data analytics training,0.02118003025718608,2.198839285714286,6.111178787509644
A2122,data analytics course,184,3908,240.68,15,7,0.046,1332,20241123,hyderabad,tablet,analytics for data,0.04708290685772774,1.3080434782608696,5.534319428286522
A2123,data analytics course,116,3380,196.75,23,9,0.033,1434,20241106,hyderabad,mobile,analytics for data,0.03431952662721893,1.6961206896551724,7.28843710292249
A2124,data analytics course,152,3948,189.73,17,5,0.053,1851,20241126,hyderabad,mobile,analytics for data,0.03850050658561297,1.2482236842105263,9.755969008591157
A2125,data analytics course,197,3741,210.33,24,9,0.046,1883,26112024,hyderabad,desktop,data analytics course,0.052659716653301256,1.0676649746192894,8.952598297912804
A2126,data analytics course,115,5836,233.52,21,6,0.052,1301,20241108,hyderabad,mobile,learn data analytics,0.019705277587388624,2.030608695652174,5.571257279890373
A2127,data analytics course,192,3381,219.26,28,7,0.036,1377,20241115,hyderabad,mobile,online data analytics,0.05678793256433008,1.1419791666666665,6.2802152695430085
A2128,data analytics course,88,5781,246.82,21,6,0.057,1020,20241125,hyderabad,tablet,data analytics online,0.015222279882373293,2.804772727272727,4.1325662426059475
A2129,data analytics course,134,4707,239.9,29,8,0.06,1383,20241124,hyderabad,mobile,learn data analytics,0.028468238793286596,1.7902985074626867,5.764902042517716
A2130,data analytics course,160,5611,216.65,21,10,0.047,1714,30112024,hyderabad,tablet,learn data analytics,0.02851541614685439,1.3540625,7.911377798292176
A2131,data analytics course,195,3174,218.06,12,7,0.036,1476,25112024,hyderabad,mobile,online data analytics,0.06143667296786389,1.1182564102564103,6.768779235072915
A2132,data analytics course,142,5076,190.49,22,7,0.049,1509,20241120,hyderabad,mobile,learn data analytics,0.02797478329393223,1.3414788732394367,7.921675678513307
A2133,data analytics course,81,5942,236.07,15,0,0.046,1288,12112024,hyderabad,desktop,online data analytics,0.013631773813530798,2.9144444444444444,5.456008810945906
A2134,data analytics course,0,4234,201.93,16,4,0.046,1462,20241125,hyderabad,mobile,analytics for data,0.0,inf,7.240132719259149
A2135,data analytics course,115,3963,225.32,22,9,0.078,1622,1112024,hyderabad,desktop,data analytics online,0.0290184203885945,1.959304347826087,7.198650807740103
A2136,data analytics course,172,4349,243.53,28,5,0.049,1195,20241113,hyderabad,tablet,online data analytics,0.03954932168314555,1.4158720930232558,4.90699297827783
A2137,data analytics course,91,5294,245.21,21,7,0.046,1227,20241126,hyderabad,desktop,online data analytics,0.01718927087268606,2.6946153846153846,5.003874230251621
A2138,data analytics course,166,5381,246.52,21,7,0.042,1579,20241109,hyderabad,desktop,data analytics training,0.030849284519606023,1.4850602409638556,6.405159824760668
A2139,data analytics course,155,3052,199.46,13,6,0.046,1362,20241101,hyderabad,mobile,data analytics training,0.050786369593709045,1.2868387096774194,6.828436779304121
A2140,data analytics course,127,4634,218.04,26,7,0.055,1410,20241102,hyderabad,tablet,learn data analytics,0.02740612861458783,1.7168503937007873,6.466703357182169
A2141,data analytics course,94,5564,203.88,22,6,0.064,1505,20241114,hyderabad,desktop,data analytics training,0.01689432063263839,2.168936170212766,7.381793211693153
A2142,data analytics course,90,5196,192.83,21,8,0.089,1783,20241107,hyderabad,desktop,data analytics course,0.017321016166281754,2.1425555555555555,9.246486542550432
A2143,data analytics course,161,5749,203.25,12,4,0.025,1505,20241128,hyderabad,tablet,online data analytics,0.028004870412245607,1.2624223602484472,7.4046740467404675
A2144,data analytics course,157,5483,245.31,24,6,0.038,1505,20241122,hyderabad,mobile,analytics for data,0.028633959511216486,1.562484076433121,6.135094370388488
A2145,data analytics course,157,4093,202.85,27,8,0.051,1370,3112024,hyderabad,mobile,analytics for data,0.03835817248961642,1.2920382165605095,6.753758935173774
A2146,data analytics course,179,4459,181.7,27,5,0.041,1320,20241113,hyderabad,tablet,data analytics online,0.04014352993944831,1.0150837988826815,7.2647220693450745
A2147,data analytics course,165,5937,220.65,23,6,0.036,1576,20241104,hyderabad,mobile,analytics for data,0.027791814047498736,1.3372727272727274,7.14253342397462
A2148,data analytics course,167,4475,231.64,13,5,0.051,1750,20241103,hyderabad,desktop,online data analytics,0.037318435754189944,1.387065868263473,7.554826454843724
A2149,data analytics course,126,4212,182.54,29,8,0.063,1066,19112024,hyderabad,mobile,online data analytics,0.029914529914529916,1.4487301587301586,5.839815930754903
A2150,data analytics course,134,4506,220.09,13,5,0.046,1745,20241129,hyderabad,mobile,data analytics online,0.029738126941855306,1.642462686567164,7.928574673997001
A2151,data analytics course,142,3147,190.93,13,5,0.046,1740,20241105,hyderabad,mobile,learn data analytics,0.04512233873530346,1.3445774647887325,9.113287592311318
A2152,data analytics course,0,4387,198.93,22,3,0.046,1629,20241111,hyderabad,desktop,learn data analytics,0.0,inf,8.188810134218066
A2153,data analytics course,163,5948,184.84,12,3,0.049,1248,11112024,hyderabad,tablet,data analytics training,0.027404169468728985,1.1339877300613497,6.751785327851114
A2154,data analytics course,171,4855,235.23,25,6,0.035,1505,20241121,hyderabad,desktop,data analytics course,0.03522142121524202,1.3756140350877193,6.397993453216001
A2155,data analytics course,97,4674,221.39,15,10,0.047,1332,20241107,hyderabad,tablet,data analytics course,0.020753102267864785,2.2823711340206185,6.016531912010479
A2156,data analytics course,176,3336,193.72,15,9,0.046,1696,12112024,hyderabad,tablet,learn data analytics,0.05275779376498801,1.100681818181818,8.754903985133183
A2157,data analytics course,129,5839,213.72,10,6,0.046,1476,20241118,hyderabad,desktop,analytics for data,0.0220928241137181,1.6567441860465115,6.906232453677709
A2158,data analytics course,178,3943,217.96,29,6,0.034,1037,20241115,hyderabad,mobile,learn data analytics,0.04514329190971342,1.2244943820224719,4.757753716278216
A2159,data analytics course,111,3787,215.48,15,10,0.046,1660,20241114,hyderabad,tablet,online data analytics,0.029310800105624504,1.9412612612612612,7.703731204752182
A2160,data analytics course,156,4196,192.96,11,5,0.046,1504,20241126,hyderabad,mobile,learn data analytics,0.037178265014299335,1.236923076923077,7.794361525704809
A2161,data analytics course,0,3408,193.07,20,5,0.042,1412,20241119,hyderabad,tablet,data analytics course,0.0,inf,7.313409644170508
A2162,data analytics course,145,4982,203.33,29,5,0.045,1555,20241123,hyderabad,tablet,data analytics training,0.029104777197912483,1.4022758620689657,7.64766635518615
A2163,data analytics course,156,5509,185.39,29,4,0.044,1649,20241118,hyderabad,mobile,data analytics online,0.02831729896532946,1.1883974358974358,8.89476239279357
A2164,data analytics course,127,3797,214.67,20,7,0.055,1735,20241113,hyderabad,desktop,analytics for data,0.03344745851988412,1.6903149606299213,8.082172637070853
A2165,data analytics course,121,5064,246.78,13,9,0.074,1268,1112024,hyderabad,tablet,online data analytics,0.023894154818325436,2.039504132231405,5.138179755247589
A2166,data analytics course,98,4217,234.16,17,4,0.046,1556,11112024,hyderabad,tablet,learn data analytics,0.02323926962295471,2.3893877551020406,6.645029039972668
A2167,data analytics course,156,3315,223.22,14,10,0.064,1581,20241120,hyderabad,mobile,online data analytics,0.047058823529411764,1.4308974358974358,7.082698682913717
A2168,data analytics course,191,4017,203.52,0,4,0.021,1505,20241130,hyderabad,mobile,online data analytics,0.0475479213343291,1.0655497382198953,7.394850628930818
A2169,data analytics course,193,5094,205.53,18,3,0.016,1451,20241107,hyderabad,mobile,data analytics online,0.03788771103258736,1.0649222797927462,7.059796623363986
A2170,data analytics course,167,0,244.62,11,9,0.046,1465,20241110,hyderabad,tablet,data analytics online,,1.4647904191616767,5.988880712942523
A2171,data analytics course,177,5449,190.53,10,5,0.028,1257,20241119,hyderabad,mobile,data analytics course,0.032483024408148285,1.0764406779661018,6.597386238387656
A2172,data analytics course,175,5732,208.46,25,3,0.017,1579,20241111,hyderabad,tablet,data analytics online,0.03053035589672017,1.1912,7.574594646454955
A2173,data analytics course,122,4678,248.7,25,4,0.031,1744,11112024,hyderabad,desktop,data analytics course,0.026079521162890123,2.0385245901639344,7.012464817048653
A2174,data analytics course,121,4088,223.85,19,3,0.025,1248,20241126,hyderabad,mobile,online data analytics,0.029598825831702542,1.8499999999999999,5.575161938798303
A2175,data analytics course,125,4528,186.6,10,9,0.072,1167,20241106,hyderabad,desktop,data analytics training,0.027606007067137808,1.4928,6.254019292604502
A2176,data analytics course,81,3946,202.95,10,7,0.046,1970,20241127,hyderabad,mobile,data analytics training,0.020527116066903193,2.5055555555555555,9.706824340970684
A2177,data analytics course,112,4486,249.23,28,3,0.027,1572,20241126,hyderabad,desktop,analytics for data,0.024966562639322336,2.2252678571428572,6.307426874774305
A2178,data analytics course,152,5290,182.01,24,4,0.046,1673,5112024,hyderabad,mobile,analytics for data,0.028733459357277884,1.1974342105263158,9.191802648206142
A2179,data analytics course,134,5163,245.4,26,5,0.047,1505,20241114,hyderabad,tablet,analytics for data,0.025953902769707535,1.8313432835820895,6.132844335778321
A2180,data analytics course,111,3978,192.14,19,5,0.045,1500,6112024,hyderabad,desktop,analytics for data,0.02790346907993967,1.7309909909909909,7.806807536171542
A2181,data analytics course,194,4217,187.34,12,10,0.052,1669,20241107,hyderabad,tablet,data analytics training,0.04600426843727769,0.9656701030927836,8.908935625066723
A2182,data analytics course,150,5907,241.8,25,7,0.047,1430,20241111,hyderabad,desktop,data analytics online,0.025393600812595226,1.612,5.913978494623656
A2183,data analytics course,100,5970,224.79,13,9,0.09,1895,20241115,hyderabad,mobile,data analytics training,0.01675041876046901,2.2479,8.430090306508298
A2184,data analytics course,186,5142,236.2,18,4,0.046,1990,20241124,hyderabad,tablet,data analytics online,0.03617269544924154,1.2698924731182795,8.425063505503811
A2185,data analytics course,130,3715,243.34,12,8,0.062,1482,20241101,hyderabad,desktop,data analytics online,0.034993270524899055,1.871846153846154,6.09024410290129
A2186,data analytics course,158,4192,186.25,27,10,0.046,1968,6112024,hyderabad,tablet,online data analytics,0.03769083969465649,1.1787974683544304,10.566442953020134
A2187,data analytics course,155,5121,248.16,22,8,0.052,1027,20241106,hyderabad,tablet,online data analytics,0.030267525873852764,1.6010322580645162,4.138459058671825
A2188,data analytics course,190,5984,209.35,14,6,0.032,1964,6112024,hyderabad,desktop,data analytics course,0.031751336898395724,1.101842105263158,9.381418676856939
A2189,data analytics course,191,3220,183.33,20,6,0.051,1942,20241128,hyderabad,tablet,data analytics training,0.0593167701863354,0.9598429319371728,10.592919871270386
A2190,data analytics course,145,5761,202.07,17,3,0.021,1037,20241113,hyderabad,mobile,data analytics online,0.025169241451136956,1.3935862068965517,5.131884990349879
A2191,data analytics course,102,5683,188.73,28,8,0.078,1623,20241116,hyderabad,tablet,analytics for data,0.017948266760513813,1.8502941176470586,8.599586711174695
A2192,data analytics course,86,5238,217.28,13,3,0.046,1610,20241122,hyderabad,desktop,data analytics online,0.016418480336006108,2.526511627906977,7.40979381443299
A2193,data analytics course,115,5116,227.76,24,3,0.041,1748,20241115,hyderabad,desktop,learn data analytics,0.022478498827208756,1.9805217391304346,7.674745345978223
A2194,data analytics course,83,4476,204.88,27,8,0.046,1359,20241102,hyderabad,tablet,online data analytics,0.018543342269883824,2.468433734939759,6.633151112846544
A2195,data analytics course,178,3461,238.96,16,5,0.028,1321,20241116,hyderabad,mobile,learn data analytics,0.051430222479052295,1.3424719101123597,5.528121861399397
A2196,data analytics course,148,5080,191.92,12,6,0.058,1070,20241117,hyderabad,tablet,data analytics course,0.029133858267716535,1.2967567567567566,5.5752396832013345
A2197,data analytics course,0,3334,223.21,14,10,0.048,1317,3112024,hyderabad,tablet,data analytics course,0.0,inf,5.900273285247077
A2198,data analytics course,101,5166,203.74,30,5,0.05,1763,20241113,hyderabad,desktop,data analytics training,0.019550909794812235,2.0172277227722772,8.65318543241386
A2199,data analytics course,113,5642,245.69,19,7,0.062,1366,20112024,hyderabad,mobile,data analytics training,0.020028358738036156,2.1742477876106197,5.559851845821971
A2200,data analytics course,97,5552,228.97,14,6,0.062,1304,20241107,hyderabad,desktop,analytics for data,0.017471181556195967,2.3605154639175256,5.69506922304232
A2201,data analytics course,155,3662,208.16,23,4,0.026,1913,20241127,hyderabad,desktop,online data analytics,0.042326597487711635,1.3429677419354837,9.190046118370484
A2202,data analytics course,109,5187,222.69,17,7,0.046,1690,23112024,hyderabad,tablet,learn data analytics,0.02101407364565259,2.04302752293578,7.589025102159954
A2203,data analytics course,181,3647,227.37,30,6,0.033,1412,20241130,hyderabad,desktop,data analytics course,0.04962983273923773,1.2561878453038675,6.210142059198663
A2204,data analytics course,131,3626,193.68,27,3,0.05,1505,25112024,hyderabad,tablet,data analytics online,0.03612796469939327,1.4784732824427482,7.77054935976869
A2205,data analytics course,0,5650,225.22,26,3,0.046,1774,2112024,hyderabad,desktop,online data analytics,0.0,inf,7.876742740431578
A2206,data analytics course,109,5219,215.76,15,3,0.028,1408,18112024,hyderabad,tablet,learn data analytics,0.02088522705499138,1.9794495412844035,6.525769373377828
A2207,data analytics course,191,3333,187.71,13,5,0.026,1360,20241126,hyderabad,desktop,learn data analytics,0.05730573057305731,0.9827748691099477,7.245218688402322
A2208,data analytics course,101,4435,222.49,11,10,0.099,1277,20241121,hyderabad,mobile,data analytics training,0.022773393461104848,2.202871287128713,5.739583801519169
A2209,data analytics course,152,5204,210.28,11,7,0.046,1505,20241123,hyderabad,mobile,online data analytics,0.029208301306687164,1.3834210526315789,7.157123834886818
A2210,data analytics course,164,3856,241.65,27,4,0.024,1786,21112024,hyderabad,desktop,data analytics training,0.04253112033195021,1.4734756097560977,7.39085454169253
A2211,data analytics course,83,4143,203.11,23,10,0.046,1517,20241126,hyderabad,mobile,learn data analytics,0.020033791938209027,2.44710843373494,7.468859238836099
A2212,data analytics course,199,5895,239.59,21,4,0.02,1592,20241130,hyderabad,mobile,data analytics training,0.03375742154368109,1.2039698492462312,6.644684669643975
A2213,data analytics course,141,4039,205.8,28,6,0.046,1220,20241108,hyderabad,desktop,data analytics online,0.03490963109680614,1.4595744680851064,5.928085519922254
A2214,data analytics course,131,4773,215.36,26,7,0.053,1363,20241108,hyderabad,tablet,data analytics online,0.027446050701864656,1.643969465648855,6.328937592867756
A2215,data analytics course,0,5360,229.38,30,7,0.046,1896,20241119,hyderabad,tablet,learn data analytics,0.0,inf,8.265759874444154
A2216,data analytics course,164,5380,223.15,13,5,0.047,1661,23112024,hyderabad,desktop,analytics for data,0.030483271375464683,1.360670731707317,7.443423706027335
A2217,data analytics course,149,3323,197.76,23,4,0.027,1181,20241117,hyderabad,mobile,data analytics online,0.04483900090279867,1.327248322147651,5.971885113268609
A2218,data analytics course,112,3870,215.05,26,6,0.054,1483,20241103,hyderabad,desktop,learn data analytics,0.028940568475452195,1.9200892857142857,6.896070681236921
A2219,data analytics course,139,4486,205.46,28,4,0.058,1853,24112024,hyderabad,tablet,online data analytics,0.030985287561301828,1.4781294964028777,9.018787111846589
A2220,data analytics course,105,3384,240.41,26,8,0.057,1399,20241103,hyderabad,desktop,data analytics online,0.03102836879432624,2.2896190476190474,5.819225489788279
A2221,data analytics course,83,5066,236.91,22,0,0.046,1505,20241121,hyderabad,desktop,learn data analytics,0.016383734701934466,2.8543373493975905,6.352623359081508
A2222,data analytics course,127,5947,209.67,27,3,0.024,1155,20241128,hyderabad,desktop,learn data analytics,0.02135530519589709,1.6509448818897636,5.508656460151667
A2223,data analytics course,133,4286,216.16,18,9,0.054,1839,8112024,hyderabad,desktop,data analytics online,0.031031264582361176,1.6252631578947367,8.507586972612879
A2224,data analytics course,197,5733,185.09,14,5,0.025,1295,20241105,hyderabad,tablet,data analytics training,0.0343624629338915,0.9395431472081218,6.996596250472743
A2225,data analytics course,125,5103,221.93,30,7,0.052,1398,8112024,hyderabad,tablet,analytics for data,0.024495394865765237,1.7754400000000001,6.29928355787861
A2226,data analytics course,147,5228,210.94,12,9,0.046,1784,20241128,hyderabad,desktop,data analytics training,0.028117827084927313,1.4349659863945579,8.4573812458519
A2227,data analytics course,153,3666,198.4,16,4,0.026,1820,20241120,hyderabad,mobile,learn data analytics,0.041734860883797055,1.296732026143791,9.173387096774194
A2228,data analytics course,196,3440,212.98,15,5,0.026,1539,20241126,hyderabad,tablet,learn data analytics,0.056976744186046514,1.0866326530612245,7.226030613203118
A2229,data analytics course,87,3031,234.25,17,7,0.08,1167,20241105,hyderabad,desktop,data analytics online,0.028703398218409767,2.692528735632184,4.981856990394877
A2230,data analytics course,151,5957,188.22,15,8,0.053,1468,20241125,hyderabad,tablet,analytics for data,0.02534832969615578,1.2464900662251654,7.799383699925619
A2231,data analytics course,93,4689,197.54,15,4,0.043,1073,25112024,hyderabad,mobile,data analytics online,0.01983365323096609,2.1240860215053763,5.431811278728359
A2232,data analytics course,145,3085,194.96,26,5,0.033,1673,24112024,hyderabad,desktop,online data analytics,0.04700162074554295,1.344551724137931,8.581247435371358
A2233,data analytics course,128,3341,185.57,25,5,0.039,1516,20241120,hyderabad,tablet,online data analytics,0.038311882669859326,1.449765625,8.169423937058792
A2234,data analytics course,134,5521,243.57,15,3,0.046,1658,24112024,hyderabad,desktop,online data analytics,0.02427096540481797,1.817686567164179,6.807078047378577
A2235,data analytics course,104,3696,206.54,28,0,0.053,1985,20241111,hyderabad,desktop,data analytics training,0.02813852813852814,1.9859615384615383,9.61072915657984
A2236,data analytics course,177,3765,216.48,26,10,0.056,1507,20241120,hyderabad,tablet,data analytics online,0.04701195219123506,1.2230508474576272,6.961382113821139
A2237,data analytics course,94,5455,249.09,15,3,0.046,1505,14112024,hyderabad,mobile,analytics for data,0.017231897341888177,2.649893617021277,6.041992853988518
A2238,data analytics course,198,5260,205.53,13,10,0.051,1766,20241112,hyderabad,desktop,analytics for data,0.0376425855513308,1.038030303030303,8.592419598112198
A2239,data analytics course,140,4404,186.01,23,6,0.059,1625,20241109,hyderabad,tablet,analytics for data,0.03178928247048138,1.328642857142857,8.736089457556046
A2240,data analytics course,137,5445,237.51,20,5,0.046,1904,25112024,hyderabad,tablet,learn data analytics,0.025160697887970616,1.7336496350364963,8.016504568228706
A2241,data analytics course,153,3068,215.57,25,8,0.052,1165,19112024,hyderabad,tablet,analytics for data,0.049869621903520206,1.4089542483660131,5.404277032982326
A2242,data analytics course,177,0,240.09,26,10,0.046,1505,20241108,hyderabad,mobile,data analytics training,,1.3564406779661018,6.268482652338706
A2243,data analytics course,100,4042,215.57,13,6,0.046,1678,20241118,hyderabad,desktop,analytics for data,0.024740227610094014,2.1557,7.7840144732569465
A2244,data analytics course,160,5645,195.42,25,6,0.031,1600,16112024,hyderabad,tablet,data analytics online,0.0283436669619132,1.2213749999999999,8.187493603520624
A2245,data analytics course,194,3751,244.34,23,5,0.026,1505,2112024,hyderabad,mobile,data analytics online,0.051719541455611834,1.2594845360824742,6.159449946795449
A2246,data analytics course,128,5010,202.34,26,7,0.055,1505,20241116,hyderabad,tablet,data analytics training,0.02554890219560878,1.58078125,7.43797568449145
A2247,data analytics course,80,4506,236.47,11,5,0.046,1953,20112024,hyderabad,desktop,data analytics course,0.01775410563692854,2.955875,8.25897576859644
A2248,data analytics course,81,5843,209.54,10,9,0.046,1979,20241109,hyderabad,tablet,data analytics training,0.01386274174225569,2.5869135802469136,9.444497470649996
A2249,data analytics course,102,5369,198.39,29,4,0.039,1659,19112024,hyderabad,tablet,data analytics course,0.018997951201341033,1.9449999999999998,8.362316649024649
A2250,data analytics course,197,4047,202.72,15,3,0.015,1345,5112024,hyderabad,mobile,data analytics online,0.04867803311094638,1.029035532994924,6.634767166535123
A2251,data analytics course,84,4463,198.44,17,3,0.036,1110,20241102,hyderabad,mobile,analytics for data,0.018821420569123906,2.3623809523809522,5.593630316468454
A2252,data analytics course,119,4610,222.7,18,3,0.025,1473,20241118,hyderabad,desktop,data analytics online,0.025813449023861172,1.8714285714285714,6.614279299506062
A2253,data analytics course,96,5957,225.59,27,10,0.104,1062,20241121,hyderabad,mobile,data analytics online,0.01611549437636394,2.3498958333333335,4.707655481182677
A2254,data analytics course,144,5704,196.67,29,6,0.042,1573,29112024,hyderabad,mobile,analytics for data,0.025245441795231416,1.3657638888888888,7.998169522550466
A2255,data analytics course,148,5335,223.36,21,9,0.061,1251,20241120,hyderabad,tablet,data analytics online,0.027741330834114338,1.5091891891891893,5.600823782234957
A2256,data analytics course,151,4901,224.29,27,7,0.046,1425,20241105,hyderabad,mobile,data analytics training,0.030810038767598448,1.485364238410596,6.35338178251371
A2257,data analytics course,175,5392,187.74,17,9,0.046,1015,20241121,hyderabad,tablet,data analytics online,0.03245548961424333,1.0728,5.4064131245339295
A2258,data analytics course,189,3461,224.72,20,0,0.046,1390,20241121,hyderabad,desktop,data analytics training,0.05460849465472407,1.188994708994709,6.185475258098967
A2259,data analytics course,157,5451,183.89,12,10,0.064,1180,29112024,hyderabad,desktop,data analytics course,0.028802054668868097,1.1712738853503184,6.416879656316277
A2260,data analytics course,126,0,201.56,27,10,0.079,1122,20241121,hyderabad,desktop,analytics for data,,1.5996825396825396,5.566580670768009
A2261,data analytics course,85,3770,204.04,30,7,0.046,1238,14112024,hyderabad,mobile,learn data analytics,0.022546419098143235,2.400470588235294,6.06743775730249
A2262,data analytics course,89,3573,193.53,0,10,0.112,1926,15112024,hyderabad,desktop,learn data analytics,0.02490904002239015,2.174494382022472,9.951945434816308
A2263,data analytics course,152,4092,196.66,10,5,0.046,1396,20241111,hyderabad,desktop,analytics for data,0.03714565004887586,1.2938157894736841,7.098545713414014
A2264,data analytics course,126,3999,181.58,22,9,0.071,1145,20241127,hyderabad,mobile,online data analytics,0.03150787696924231,1.4411111111111112,6.305760546315673
A2265,data analytics course,153,3354,243.13,24,6,0.039,1536,20241110,hyderabad,mobile,data analytics course,0.04561717352415027,1.5890849673202614,6.317607864105622
A2266,data analytics course,98,4801,186.52,10,3,0.031,1121,20241107,hyderabad,desktop,learn data analytics,0.020412414080399916,1.9032653061224492,6.010079348059189
A2267,data analytics course,145,4799,194.74,17,6,0.046,1381,7112024,hyderabad,desktop,analytics for data,0.0302146280475099,1.3430344827586207,7.091506624216905
A2268,data analytics course,179,3753,220.87,23,6,0.046,1966,20241114,hyderabad,tablet,data analytics course,0.04769517719158007,1.2339106145251397,8.901163580386653
A2269,data analytics course,108,4698,187.19,19,10,0.046,1118,15112024,hyderabad,mobile,data analytics online,0.022988505747126436,1.7332407407407406,5.972541268230141
A2270,data analytics course,191,3522,216.65,25,5,0.026,1835,20241124,hyderabad,tablet,data analytics training,0.0542305508233958,1.1342931937172775,8.469882298638357
A2271,data analytics course,183,3363,212.08,10,9,0.049,1511,7112024,hyderabad,tablet,data analytics online,0.054415700267618196,1.1589071038251366,7.124669935873255
A2272,data analytics course,175,5924,223.3,14,3,0.017,1505,20241104,hyderabad,mobile,analytics for data,0.029540850776502363,1.276,6.739811912225705
A2273,data analytics course,97,3558,195.5,13,3,0.058,1544,20241111,hyderabad,desktop,data analytics course,0.027262507026419337,2.015463917525773,7.89769820971867
A2274,data analytics course,159,4208,236.75,13,8,0.05,1849,20241116,hyderabad,tablet,data analytics training,0.037785171102661594,1.4889937106918238,7.809926082365364
A2275,data analytics course,125,3607,224.45,22,9,0.072,1392,2112024,hyderabad,tablet,analytics for data,0.034654837815359024,1.7955999999999999,6.201826687458231
A2276,data analytics course,193,0,199.27,13,9,0.046,1612,8112024,hyderabad,mobile,data analytics online,,1.0324870466321243,8.08952677272043
A2277,data analytics course,110,5220,233.06,16,4,0.036,1711,15112024,hyderabad,mobile,data analytics training,0.0210727969348659,2.1187272727272726,7.341457135501588
A2278,data analytics course,83,5247,231.04,27,3,0.054,1636,20241104,hyderabad,desktop,data analytics online,0.01581856298837431,2.7836144578313253,7.0810249307479225
A2279,data analytics course,166,5522,218.34,13,3,0.018,1235,20241122,hyderabad,desktop,online data analytics,0.030061571894241218,1.3153012048192771,5.656315837684345
A2280,data analytics course,108,3682,214.43,20,3,0.028,1553,27112024,hyderabad,desktop,learn data analytics,0.02933188484519283,1.985462962962963,7.242456745791167
A2281,data analytics course,84,4549,191.96,15,7,0.046,1303,13112024,hyderabad,desktop,data analytics course,0.018465596834469113,2.2852380952380953,6.787872473431965
A2282,data analytics course,117,5170,215.57,16,10,0.085,1505,20112024,hyderabad,tablet,data analytics online,0.02263056092843327,1.8424786324786324,6.981490931020087
A2283,data analytics course,195,3122,205.3,24,4,0.043,1326,20241114,hyderabad,mobile,data analytics training,0.062459961563100574,1.0528205128205128,6.458840720896249
A2284,data analytics course,149,3650,220.25,17,3,0.02,1505,29112024,hyderabad,mobile,data analytics online,0.04082191780821918,1.4781879194630871,6.833144154370034
A2285,data analytics course,142,5436,237.09,14,7,0.046,1269,20112024,hyderabad,tablet,online data analytics,0.02612214863870493,1.6696478873239438,5.352397823611287
A2286,data analytics course,98,5485,182.29,16,5,0.051,1518,20241119,hyderabad,desktop,learn data analytics,0.017866909753874203,1.8601020408163265,8.327390421855286
A2287,data analytics course,169,3778,215.57,11,3,0.018,1721,14112024,hyderabad,desktop,data analytics training,0.044732662784542084,1.2755621301775149,7.983485642714664
A2288,data analytics course,99,3051,215.57,18,6,0.053,1762,20241129,hyderabad,mobile,online data analytics,0.032448377581120944,2.1774747474747476,8.173679083360394
A2289,data analytics course,170,5286,190.65,22,7,0.041,1110,20241109,hyderabad,desktop,data analytics online,0.03216042376087779,1.1214705882352942,5.822187254130606
A2290,data analytics course,0,3533,248.96,22,4,0.046,1606,5112024,hyderabad,mobile,data analytics training,0.0,inf,6.450835475578406
A2291,data analytics course,156,5125,182.15,26,10,0.064,1658,16112024,hyderabad,mobile,data analytics course,0.0304390243902439,1.1676282051282052,9.102388141641503
A2292,data analytics course,91,4500,241.81,20,3,0.033,1902,20241122,hyderabad,mobile,data analytics online,0.02022222222222222,2.6572527472527474,7.865679665853356
A2293,data analytics course,140,4633,228.65,15,4,0.049,1738,20241120,hyderabad,mobile,data analytics online,0.0302180012950572,1.6332142857142857,7.60113710911874
A2294,data analytics course,142,3155,229.01,0,10,0.053,1955,1112024,hyderabad,mobile,learn data analytics,0.045007923930269415,1.6127464788732393,8.536745120300424
A2295,data analytics course,198,3444,195.91,27,4,0.056,1317,10112024,hyderabad,desktop,data analytics online,0.05749128919860627,0.9894444444444445,6.722474605686284
A2296,data analytics course,88,4253,210.5,23,8,0.051,1918,11112024,hyderabad,tablet,data analytics online,0.020691276745826475,2.3920454545454546,9.111638954869358
A2297,data analytics course,130,4925,201.1,26,5,0.046,1301,15112024,hyderabad,tablet,analytics for data,0.026395939086294416,1.5469230769230768,6.469418199900547
A2298,data analytics course,186,3576,213.96,26,4,0.022,1689,2112024,hyderabad,tablet,learn data analytics,0.05201342281879195,1.1503225806451614,7.893998878295008
A2299,data analytics course,146,5831,203.07,19,5,0.055,1216,28112024,hyderabad,mobile,analytics for data,0.025038586863316756,1.390890410958904,5.988082927069484
A2300,data analytics course,199,5147,203.08,27,10,0.05,1126,30112024,hyderabad,tablet,data analytics course,0.038663299009131534,1.0205025125628142,5.54461296040969
A2301,data analytics course,94,4242,208.78,14,5,0.053,1122,20241117,hyderabad,tablet,learn data analytics,0.02215935879302216,2.221063829787234,5.374077976817703
A2302,data analytics course,119,5530,205.75,25,9,0.046,1725,20241114,hyderabad,mobile,analytics for data,0.021518987341772152,1.7289915966386555,8.383961117861482
A2303,data analytics course,168,4614,241.24,28,9,0.046,1307,20241101,hyderabad,mobile,online data analytics,0.036410923276983094,1.435952380952381,5.417841154037473
A2304,data analytics course,117,5016,249.38,10,9,0.077,1832,2112024,hyderabad,tablet,learn data analytics,0.02332535885167464,2.1314529914529916,7.346218622183014
A2305,data analytics course,156,5072,249.37,18,3,0.058,1701,20241112,hyderabad,mobile,learn data analytics,0.030757097791798107,1.598525641025641,6.821189397281148
A2306,data analytics course,151,4805,241.95,22,3,0.056,1571,20241103,hyderabad,tablet,online data analytics,0.03142559833506764,1.6023178807947018,6.4930770820417445
A2307,data analytics course,133,4474,198.99,10,0,0.046,1394,20241103,hyderabad,mobile,online data analytics,0.029727313366115334,1.4961654135338347,7.005377154630886
A2308,data analytics course,105,5151,188.18,14,9,0.032,1595,20241103,hyderabad,tablet,online data analytics,0.0203843913803145,1.7921904761904763,8.475927303645445
A2309,data analytics course,98,4515,219.39,12,7,0.046,1805,20241107,hyderabad,desktop,learn data analytics,0.021705426356589147,2.238673469387755,8.227357673549388
A2310,data analytics course,93,4269,247.76,21,8,0.086,1543,19112024,hyderabad,tablet,learn data analytics,0.02178496134926212,2.6640860215053763,6.2278010978366165
A2311,data analytics course,165,3759,231.62,23,0,0.046,1052,20241128,hyderabad,mobile,analytics for data,0.04389465283320032,1.4037575757575758,4.5419221138070975
A2312,data analytics course,156,4476,186.68,17,10,0.033,1372,20241113,hyderabad,tablet,analytics for data,0.03485254691689008,1.1966666666666668,7.349475037497322
A2313,data analytics course,166,5749,236.52,11,5,0.036,1780,20241115,hyderabad,desktop,analytics for data,0.028874586884675597,1.4248192771084338,7.525790630813462
A2314,data analytics course,134,5166,191.92,10,3,0.037,1526,20241104,hyderabad,mobile,learn data analytics,0.025938830816879598,1.4322388059701492,7.951229679032931
A2315,data analytics course,103,3687,194.73,27,4,0.046,1347,20241115,hyderabad,tablet,learn data analytics,0.027935991320857067,1.8905825242718446,6.917270066245571
A2316,data analytics course,95,4939,219.43,26,3,0.032,1785,7112024,hyderabad,mobile,data analytics training,0.019234662887224134,2.3097894736842104,8.13471266463109
A2317,data analytics course,155,3180,229.63,15,8,0.052,1832,15112024,hyderabad,desktop,data analytics course,0.04874213836477988,1.4814838709677418,7.9780516483037935
A2318,data analytics course,184,3981,193.25,16,3,0.035,1359,30112024,hyderabad,tablet,learn data analytics,0.046219542828435066,1.0502717391304348,7.032341526520052
A2319,data analytics course,186,3392,218.16,29,7,0.038,1012,8112024,hyderabad,desktop,analytics for data,0.05483490566037736,1.1729032258064516,4.638797213054639
A2320,data analytics course,93,3160,220.75,30,8,0.086,1472,20241108,hyderabad,desktop,data analytics online,0.029430379746835444,2.3736559139784945,6.668176670441676
A2321,data analytics course,138,4699,202.54,26,9,0.065,1133,20241125,hyderabad,tablet,online data analytics,0.029367950627793148,1.4676811594202899,5.593956749284092
A2322,data analytics course,96,3730,217.61,16,4,0.042,1283,20241107,hyderabad,desktop,analytics for data,0.025737265415549597,2.2667708333333336,5.895868756031432
A2323,data analytics course,127,5221,226.67,17,3,0.046,1384,20241103,hyderabad,tablet,data analytics training,0.024324841984294198,1.784803149606299,6.1057925618740905
A2324,data analytics course,92,3299,188.58,11,9,0.098,1678,20241127,hyderabad,desktop,data analytics online,0.027887238557138528,2.049782608695652,8.898080390285289
A2325,data analytics course,156,5634,247.45,16,5,0.032,1925,8112024,hyderabad,tablet,data analytics course,0.027689030883919063,1.5862179487179486,7.779349363507779
A2326,data analytics course,113,5991,211.28,16,3,0.027,1499,16112024,hyderabad,tablet,learn data analytics,0.01886162577199132,1.8697345132743364,7.094850435441121
A2327,data analytics course,84,3917,233.19,13,10,0.049,1505,20241111,hyderabad,desktop,data analytics course,0.021444983405667604,2.7760714285714285,6.453964578240919
A2328,data analytics course,189,5335,181.46,27,9,0.048,1734,8112024,hyderabad,mobile,online data analytics,0.03542642924086223,0.9601058201058201,9.555824975201146
A2329,data analytics course,149,4550,219.44,11,9,0.06,1659,20241116,hyderabad,tablet,online data analytics,0.03274725274725275,1.472751677852349,7.560153117025155
A2330,data analytics course,100,5805,181.27,15,4,0.04,1195,4112024,hyderabad,desktop,learn data analytics,0.017226528854435832,1.8127000000000002,6.592376013681249
A2331,data analytics course,105,5156,201.01,25,10,0.046,1472,20241111,hyderabad,desktop,analytics for data,0.020364623739332816,1.9143809523809523,7.323018755285807
A2332,data analytics course,86,5060,249.4,15,4,0.047,1761,15112024,hyderabad,tablet,data analytics online,0.01699604743083004,2.9,7.060946271050521
A2333,data analytics course,93,5178,245.13,14,5,0.054,1080,20241108,hyderabad,mobile,data analytics online,0.017960602549246814,2.635806451612903,4.405825480357361
A2334,data analytics course,180,3076,227.91,12,10,0.056,1505,5112024,hyderabad,desktop,online data analytics,0.05851755526657997,1.2661666666666667,6.6034838313369315
A2335,data analytics course,156,3218,235.69,28,6,0.038,1289,20241116,hyderabad,tablet,data analytics online,0.048477315102548164,1.5108333333333333,5.469048326191183
A2336,data analytics course,124,4682,207.53,20,3,0.033,1550,20241103,hyderabad,tablet,online data analytics,0.02648440837249039,1.6736290322580645,7.468799691610851
A2337,data analytics course,177,3592,205.25,29,9,0.051,1271,20241115,hyderabad,desktop,data analytics training,0.04927616926503341,1.1596045197740112,6.192448233861145
A2338,data analytics course,156,3506,242.9,13,0,0.046,1208,20241101,hyderabad,desktop,analytics for data,0.04449515116942385,1.557051282051282,4.973240016467682
A2339,data analytics course,132,3562,238.34,23,4,0.03,1033,29112024,hyderabad,tablet,data analytics course,0.03705783267827063,1.8056060606060607,4.334144499454561
A2340,data analytics course,178,0,203.6,12,3,0.017,1155,20241102,hyderabad,tablet,analytics for data,,1.1438202247191012,5.672888015717093
A2341,data analytics course,153,3953,237.56,20,6,0.053,1388,26112024,hyderabad,tablet,learn data analytics,0.038704781178851504,1.5526797385620916,5.842734467082
A2342,data analytics course,187,4891,223.99,14,8,0.043,1014,20241126,hyderabad,mobile,online data analytics,0.03823349008382744,1.197807486631016,4.526987811955891
A2343,data analytics course,155,4976,183.21,10,5,0.053,1554,13112024,hyderabad,tablet,online data analytics,0.03114951768488746,1.1820000000000002,8.482069756017685
A2344,data analytics course,90,5781,200.71,28,5,0.046,1505,7112024,hyderabad,mobile,data analytics online,0.015568240788790867,2.2301111111111114,7.498380748343381
A2345,data analytics course,172,3001,210.62,14,4,0.023,1192,20241125,hyderabad,tablet,data analytics online,0.05731422859046984,1.2245348837209302,5.65948153071883
A2346,data analytics course,92,5728,224.5,14,9,0.098,1876,26112024,hyderabad,tablet,online data analytics,0.01606145251396648,2.4402173913043477,8.356347438752785
A2347,data analytics course,162,5103,188.15,13,9,0.056,1264,20241128,hyderabad,mobile,analytics for data,0.031746031746031744,1.1614197530864199,6.718044113739038
A2348,data analytics course,193,3131,198.1,22,5,0.035,1870,20241119,hyderabad,tablet,data analytics course,0.06164164803577132,1.0264248704663212,9.439676930843008
A2349,data analytics course,0,3547,238.34,13,5,0.046,1130,20241102,hyderabad,desktop,data analytics online,0.0,inf,4.741126122346228
A2350,data analytics course,185,4070,200.95,21,5,0.027,1503,20241107,hyderabad,mobile,online data analytics,0.045454545454545456,1.0862162162162161,7.479472505598408
A2351,data analytics course,117,3350,243.68,23,5,0.056,1204,20241114,hyderabad,desktop,analytics for data,0.03492537313432836,2.0827350427350426,4.940906106369009
A2352,data analytics course,123,4976,244.49,14,4,0.033,1579,20241102,hyderabad,desktop,analytics for data,0.024718649517684887,1.9877235772357724,6.458341854472575
A2353,data analytics course,181,5612,203.66,17,3,0.017,1505,7112024,hyderabad,tablet,data analytics training,0.03225231646471846,1.125193370165746,7.389767259157419
A2354,data analytics course,118,4390,214.04,24,8,0.068,1071,20241118,hyderabad,tablet,analytics for data,0.026879271070615034,1.8138983050847457,5.0037376191366105
A2355,data analytics course,82,3698,229.12,30,9,0.11,1246,20241120,hyderabad,mobile,learn data analytics,0.022174148188209845,2.794146341463415,5.438198324022347
A2356,data analytics course,175,4295,195.17,18,6,0.046,1939,27112024,hyderabad,tablet,data analytics online,0.04074505238649592,1.1152571428571427,9.934928523851003
A2357,data analytics course,130,3332,202.06,14,5,0.038,1184,20241114,hyderabad,desktop,online data analytics,0.039015606242496996,1.5543076923076924,5.859645649806988
A2358,data analytics course,92,4082,186.29,25,5,0.054,1046,20241124,hyderabad,tablet,online data analytics,0.02253797158255757,2.024891304347826,5.614901497664931
A2359,data analytics course,159,4464,204.86,27,3,0.046,1963,20112024,hyderabad,tablet,analytics for data,0.035618279569892476,1.288427672955975,9.582153665918188
A2360,data analytics course,193,5263,240.5,18,6,0.054,1670,20241121,hyderabad,tablet,online data analytics,0.03667110013300399,1.2461139896373057,6.943866943866944
A2361,data analytics course,98,4371,246.23,25,7,0.071,1114,20241114,hyderabad,tablet,analytics for data,0.022420498741706704,2.5125510204081634,4.524225317792308
A2362,data analytics course,176,3657,209.44,19,3,0.017,1171,20241107,hyderabad,desktop,online data analytics,0.04812687995624829,1.19,5.591100076394194
A2363,data analytics course,182,5833,243.72,20,5,0.027,1206,14112024,hyderabad,desktop,data analytics course,0.03120178295902623,1.339120879120879,4.948301329394387
A2364,data analytics course,85,3077,200.16,11,10,0.118,1876,20241123,hyderabad,mobile,analytics for data,0.027624309392265192,2.3548235294117648,9.37250199840128
A2365,data analytics course,98,3646,239.05,14,6,0.034,1586,14112024,hyderabad,desktop,data analytics course,0.026878771256171146,2.4392857142857145,6.6345952729554485
A2366,data analytics course,160,3139,230.55,28,5,0.031,1449,15112024,hyderabad,desktop,analytics for data,0.05097164702134438,1.4409375,6.284970722186077
A2367,data analytics course,179,4005,232.47,16,10,0.056,1553,20241124,hyderabad,desktop,analytics for data,0.04469413233458177,1.2987150837988828,6.680431883683916
A2368,data analytics course,0,4315,196.3,24,5,0.046,1364,20241126,hyderabad,mobile,data analytics course,0.0,inf,6.948548140601121
A2369,data analytics course,195,3876,187.59,28,3,0.046,1828,21112024,hyderabad,mobile,data analytics course,0.05030959752321981,0.962,9.744655898502053
A2370,data analytics course,197,3174,215.57,22,7,0.036,1527,20241114,hyderabad,tablet,data analytics online,0.06206679269061122,1.094263959390863,7.083545947951942
A2371,data analytics course,92,5550,226.38,28,8,0.087,1322,21112024,hyderabad,tablet,learn data analytics,0.016576576576576577,2.4606521739130436,5.839738492799717
A2372,data analytics course,90,3526,211.39,10,3,0.037,1395,20241120,hyderabad,desktop,online data analytics,0.025524673851389675,2.3487777777777774,6.599176876862671
A2373,data analytics course,149,3192,215.57,0,4,0.038,1708,20241114,hyderabad,tablet,online data analytics,0.046679197994987466,1.4467785234899329,7.923180405436749
A2374,data analytics course,82,4132,247.13,11,6,0.073,1091,20241112,hyderabad,tablet,data analytics training,0.01984511132623427,3.013780487804878,4.414680532513252
A2375,data analytics course,151,5826,226.53,16,8,0.053,1511,20241125,hyderabad,desktop,learn data analytics,0.025918297288019223,1.5001986754966887,6.670198207742904
A2376,data analytics course,162,5997,240.29,20,5,0.035,1144,24112024,hyderabad,mobile,data analytics online,0.027013506753376687,1.4832716049382715,4.7609138957093515
A2377,data analytics course,197,4541,243.81,19,9,0.057,1701,11112024,hyderabad,desktop,data analytics training,0.043382514864567276,1.2376142131979695,6.976744186046512
A2378,data analytics course,133,4642,184.52,22,4,0.032,1074,20241114,hyderabad,desktop,online data analytics,0.02865144334338647,1.3873684210526316,5.82050726208541
A2379,data analytics course,194,5509,235.45,18,5,0.046,1025,20241112,hyderabad,tablet,online data analytics,0.03521510255944817,1.213659793814433,4.3533658950945
A2380,data analytics course,169,3647,194.12,12,6,0.036,1697,20241122,hyderabad,desktop,learn data analytics,0.046339457088017545,1.148639053254438,8.74201524830002
A2381,data analytics course,149,5209,183.91,18,10,0.046,1799,29112024,hyderabad,desktop,learn data analytics,0.028604338644653483,1.2342953020134229,9.781958566690228
A2382,data analytics course,124,5980,200.65,25,4,0.032,1768,20241104,hyderabad,desktop,learn data analytics,0.02073578595317726,1.6181451612903226,8.811363070022427
A2383,data analytics course,170,5443,235.99,23,5,0.046,1314,21112024,hyderabad,mobile,analytics for data,0.031232776042623554,1.3881764705882353,5.568032543751854
A2384,data analytics course,127,5326,226.11,18,10,0.04,1040,21112024,hyderabad,mobile,online data analytics,0.023845287269996244,1.7803937007874018,4.599531201627526
A2385,data analytics course,114,5565,210.04,16,4,0.035,1800,20241107,hyderabad,desktop,data analytics training,0.020485175202156335,1.842456140350877,8.56979622928966
A2386,data analytics course,154,3312,203.23,16,5,0.042,1977,20241104,hyderabad,desktop,data analytics training,0.0464975845410628,1.3196753246753246,9.727894503764208
A2387,data analytics course,0,4369,225.53,28,4,0.046,1241,20241123,hyderabad,tablet,data analytics online,0.0,inf,5.502593889948122
A2388,data analytics course,126,3570,214.78,28,9,0.071,1078,12112024,hyderabad,tablet,data analytics training,0.03529411764705882,1.7046031746031747,5.019089300679766
A2389,data analytics course,0,3883,225.89,23,5,0.046,1183,21112024,hyderabad,mobile,online data analytics,0.0,inf,5.237062286953828
A2390,data analytics course,125,5736,197.28,30,5,0.04,1265,18112024,hyderabad,mobile,analytics for data,0.02179218967921897,1.57824,6.41220600162206
A2391,data analytics course,197,5921,214.97,18,6,0.03,1975,20241114,hyderabad,desktop,learn data analytics,0.03327140685694984,1.0912182741116752,9.187328464436899
A2392,data analytics course,98,3687,206.7,12,10,0.046,1640,20241107,hyderabad,mobile,online data analytics,0.026579875237320316,2.1091836734693876,7.934204160619255
A2393,data analytics course,164,5334,203.91,18,6,0.057,1128,18112024,hyderabad,desktop,data analytics course,0.0307461567304087,1.2433536585365854,5.531852287774018
A2394,data analytics course,111,4647,247.0,15,4,0.046,1601,20241129,hyderabad,desktop,learn data analytics,0.023886378308586184,2.225225225225225,6.481781376518219
A2395,data analytics course,191,3485,212.43,10,7,0.046,1813,28112024,hyderabad,mobile,analytics for data,0.054806312769010046,1.1121989528795813,8.534576095655039
A2396,data analytics course,149,5720,211.54,14,5,0.034,1612,20241129,hyderabad,desktop,data analytics course,0.02604895104895105,1.419731543624161,7.620308215940248
A2397,data analytics course,183,3540,222.14,15,3,0.016,1248,20241111,hyderabad,mobile,learn data analytics,0.051694915254237285,1.213879781420765,5.618078689114973
A2398,data analytics course,198,4035,215.94,22,8,0.046,1505,10112024,hyderabad,mobile,learn data analytics,0.04907063197026022,1.0906060606060606,6.96952857275169
A2399,data analytics course,170,3024,234.76,11,10,0.046,1941,6112024,hyderabad,mobile,learn data analytics,0.056216931216931214,1.3809411764705881,8.268018401772023
A2400,data analytics course,174,4334,186.29,12,4,0.023,1457,20241122,hyderabad,mobile,analytics for data,0.04014766958929396,1.070632183908046,7.821139084223523
A2401,data analytics course,91,4038,197.15,23,6,0.066,1000,20241129,hyderabad,mobile,data analytics online,0.022535908865775136,2.1664835164835163,5.07227998985544
A2402,data analytics course,197,4347,215.2,20,6,0.046,1204,20241126,hyderabad,desktop,online data analytics,0.04531861053600184,1.0923857868020304,5.594795539033457
A2403,data analytics course,0,5803,203.03,16,8,0.034,1397,20241130,hyderabad,mobile,analytics for data,0.0,inf,6.880756538442594
A2404,data analytics course,152,4182,233.45,19,5,0.033,1719,20241113,hyderabad,mobile,data analytics course,0.03634624581539933,1.5358552631578946,7.363461126579567
A2405,data analytics course,189,4809,225.32,27,10,0.053,1324,20241118,hyderabad,mobile,analytics for data,0.039301310043668124,1.1921693121693122,5.876087342446299
A2406,data analytics course,0,5640,210.51,13,8,0.046,1536,20241111,hyderabad,desktop,data analytics course,0.0,inf,7.296565483824997
A2407,data analytics course,159,3401,222.71,18,3,0.019,1849,20241105,hyderabad,desktop,data analytics online,0.046750955601293734,1.400691823899371,8.302276503075749
A2408,data analytics course,175,5561,231.96,20,8,0.057,1174,20241114,hyderabad,mobile,data analytics course,0.031469160222981477,1.3254857142857144,5.061217451284704
A2409,data analytics course,175,5720,243.8,17,6,0.046,1505,20241126,hyderabad,desktop,data analytics online,0.030594405594405596,1.3931428571428572,6.1730926989335515
A2410,data analytics course,82,4898,215.11,25,8,0.098,1776,9112024,hyderabad,tablet,analytics for data,0.016741527153940384,2.6232926829268295,8.256240992980334
A2411,data analytics course,146,5871,218.69,30,4,0.046,1505,20241122,hyderabad,desktop,learn data analytics,0.024867995230795435,1.497876712328767,6.881887603456948
A2412,data analytics course,85,5954,201.88,18,6,0.071,1526,20241127,hyderabad,tablet,analytics for data,0.014276116896204233,2.375058823529412,7.558945908460472
A2413,data analytics course,128,3487,236.19,25,6,0.047,1961,2112024,hyderabad,tablet,data analytics course,0.03670777172354459,1.845234375,8.302637706930861
A2414,data analytics course,153,3808,189.61,19,8,0.052,1246,2112024,hyderabad,tablet,data analytics course,0.04017857142857143,1.2392810457516341,6.571383365856231
A2415,data analytics course,192,5720,243.11,30,9,0.046,1555,20241102,hyderabad,mobile,online data analytics,0.033566433566433566,1.2661979166666668,6.396281518654106
A2416,data analytics course,148,4721,189.48,26,8,0.054,1176,20241101,hyderabad,mobile,online data analytics,0.0313492904045753,1.2802702702702702,6.206459784673845
A2417,data analytics course,153,4768,214.39,25,5,0.041,1837,26112024,hyderabad,tablet,data analytics online,0.03208892617449664,1.4012418300653593,8.568496664956388
A2418,data analytics course,0,5494,187.68,23,8,0.046,1402,24112024,hyderabad,tablet,data analytics course,0.0,inf,7.4701619778346116
A2419,data analytics course,169,0,180.58,30,7,0.049,1661,20241126,hyderabad,mobile,data analytics training,,1.0685207100591716,9.198139328829328
A2420,data analytics course,146,5173,234.26,20,7,0.048,1089,20241128,hyderabad,mobile,online data analytics,0.028223468006959213,1.6045205479452054,4.648680952787501
A2421,data analytics course,81,4808,189.19,17,9,0.111,1759,25112024,hyderabad,desktop,online data analytics,0.01684692179700499,2.335679012345679,9.297531582007506
A2422,data analytics course,185,0,234.72,18,6,0.032,1508,20241127,hyderabad,desktop,data analytics online,,1.2687567567567568,6.424676209952284
A2423,data analytics course,90,5319,208.19,13,7,0.046,1719,20241126,hyderabad,tablet,data analytics training,0.01692047377326565,2.313222222222222,8.256880733944953
A2424,data analytics course,155,4532,203.44,19,8,0.052,1709,17112024,hyderabad,desktop,learn data analytics,0.03420123565754634,1.312516129032258,8.40051120723555
A2425,data analytics course,125,3458,180.49,19,3,0.046,1754,20241109,hyderabad,tablet,data analytics online,0.03614806246385194,1.44392,9.717989916338855
A2426,data analytics course,151,5432,204.76,18,9,0.06,1505,20241113,hyderabad,mobile,data analytics training,0.02779823269513991,1.356026490066225,7.350068372729049
A2427,data analytics course,82,3052,211.11,12,3,0.037,1917,20241106,hyderabad,desktop,learn data analytics,0.026867627785058978,2.5745121951219514,9.08057410828478
A2428,data analytics course,198,5718,194.37,13,8,0.04,1118,20241116,hyderabad,tablet,data analytics training,0.03462749213011543,0.9816666666666667,5.751916448011524
A2429,data analytics course,115,4762,241.63,20,8,0.058,1555,3112024,hyderabad,desktop,data analytics course,0.024149517009659806,2.1011304347826085,6.435459173115921
A2430,data analytics course,158,4953,243.07,20,8,0.051,1955,20241104,hyderabad,tablet,learn data analytics,0.03189985867151222,1.5384177215189874,8.042950590364915
A2431,data analytics course,102,3784,219.45,13,9,0.045,1967,20241120,hyderabad,desktop,data analytics course,0.026955602536997886,2.151470588235294,8.963317384370017
A2432,data analytics course,93,0,192.81,22,7,0.075,1726,20241118,hyderabad,desktop,learn data analytics,,2.073225806451613,8.951817851771173
A2433,data analytics course,198,5860,185.25,24,9,0.041,1950,20241101,hyderabad,tablet,data analytics training,0.03378839590443686,0.9356060606060606,10.526315789473685
A2434,data analytics course,174,4169,189.36,23,8,0.046,1110,20241114,hyderabad,tablet,data analytics course,0.04173662748860638,1.0882758620689656,5.861850443599493
A2435,data analytics course,193,5831,215.57,24,5,0.046,1265,20241114,hyderabad,mobile,online data analytics,0.03309895386726119,1.1169430051813471,5.868163473581667
A2436,data analytics course,117,5269,196.1,26,0,0.046,1096,5112024,hyderabad,desktop,online data analytics,0.022205352059214273,1.676068376068376,5.588985211626722
A2437,data analytics course,147,5793,240.32,25,5,0.049,1645,20241127,hyderabad,tablet,data analytics course,0.025375453133091662,1.634829931972789,6.845039946737684
A2438,data analytics course,179,3338,218.33,30,7,0.039,1505,20241124,hyderabad,desktop,data analytics online,0.053624925104853206,1.2197206703910615,6.893235011221545
A2439,data analytics course,194,4297,237.87,22,3,0.046,1739,20241129,hyderabad,desktop,data analytics course,0.04514777751919944,1.2261340206185567,7.3107159372766635
A2440,data analytics course,112,3961,214.45,13,7,0.046,1594,20241117,hyderabad,desktop,analytics for data,0.02827568795758647,1.9147321428571427,7.432968057822337
A2441,data analytics course,88,5063,195.2,22,3,0.034,1460,20241120,hyderabad,mobile,analytics for data,0.01738099940746593,2.2181818181818183,7.479508196721312
A2442,data analytics course,172,5635,200.16,21,7,0.036,1727,14112024,hyderabad,mobile,data analytics online,0.030523513753327416,1.1637209302325582,8.628097521982415
A2443,data analytics course,81,4404,239.62,11,4,0.035,1814,20241121,hyderabad,mobile,data analytics course,0.018392370572207085,2.958271604938272,7.570319672815291
A2444,data analytics course,142,4312,213.54,21,7,0.049,1666,20241120,hyderabad,desktop,learn data analytics,0.03293135435992579,1.5038028169014084,7.80181698979114
A2445,data analytics course,111,3302,193.18,30,10,0.046,1783,19112024,hyderabad,mobile,analytics for data,0.03361599030890369,1.7403603603603603,9.229733926907548
A2446,data analytics course,81,3575,192.71,27,4,0.049,1158,11112024,hyderabad,tablet,online data analytics,0.022657342657342656,2.379135802469136,6.009029111099579
A2447,data analytics course,112,5055,213.36,26,5,0.058,1959,20241129,hyderabad,desktop,data analytics training,0.022156280909990108,1.905,9.181664791901012
A2448,data analytics course,101,5415,236.41,13,10,0.039,1832,15112024,hyderabad,tablet,learn data analytics,0.018651892890120036,2.3406930693069308,7.749249185736644
A2449,data analytics course,166,3118,212.46,25,7,0.042,1813,20241114,hyderabad,tablet,online data analytics,0.05323925593329057,1.2798795180722893,8.533370987479996
A2450,data analytics course,0,5271,215.57,14,8,0.046,1629,20241122,hyderabad,mobile,data analytics online,0.0,inf,7.55671011736327
A2451,data analytics course,148,0,214.26,21,8,0.046,1629,20241113,hyderabad,tablet,data analytics online,,1.4477027027027027,7.602912349481938
A2452,data analytics course,126,5250,239.73,30,4,0.032,1070,20241123,hyderabad,tablet,analytics for data,0.024,1.9026190476190474,4.463354607266508
A2453,data analytics course,119,4405,233.66,25,3,0.039,1407,12112024,hyderabad,desktop,data analytics course,0.027014755959137344,1.9635294117647057,6.0215698022768125
A2454,data analytics course,189,5060,236.54,26,7,0.043,1877,20241110,hyderabad,mobile,data analytics training,0.03735177865612648,1.2515343915343915,7.935232941574364
A2455,data analytics course,167,3296,246.85,29,8,0.048,1723,20241117,hyderabad,desktop,data analytics online,0.05066747572815534,1.4781437125748502,6.979947336439134
A2456,data analytics course,198,3499,209.74,30,9,0.04,1893,20241125,hyderabad,desktop,data analytics course,0.056587596456130325,1.0592929292929294,9.025460093449032
A2457,data analytics course,95,3449,184.55,10,10,0.041,1601,16112024,hyderabad,mobile,analytics for data,0.027544215714699914,1.9426315789473685,8.675155784340287
A2458,data analytics course,181,3738,206.61,16,9,0.05,1868,20241109,hyderabad,mobile,online data analytics,0.04842161583734617,1.1414917127071824,9.041188713034218
A2459,data analytics course,105,4236,180.2,12,7,0.067,1505,20241124,hyderabad,mobile,learn data analytics,0.024787535410764873,1.716190476190476,8.35183129855716
A2460,data analytics course,178,5751,205.34,24,10,0.046,1903,20241120,hyderabad,desktop,data analytics course,0.03095113893235959,1.1535955056179776,9.26755624817376
A2461,data analytics course,127,5050,184.77,28,9,0.071,1906,20241102,hyderabad,desktop,data analytics online,0.02514851485148515,1.4548818897637796,10.315527412458732
A2462,data analytics course,198,4773,202.54,17,10,0.046,1082,20241119,hyderabad,mobile,data analytics online,0.041483343808925204,1.0229292929292928,5.34215463612126
A2463,data analytics course,86,5652,249.13,25,7,0.081,1981,6112024,hyderabad,mobile,data analytics training,0.01521585279547063,2.896860465116279,7.951671817926384
A2464,data analytics course,0,5085,182.42,11,7,0.046,1109,4112024,hyderabad,desktop,online data analytics,0.0,inf,6.079377261265212
A2465,data analytics course,191,5070,247.41,12,4,0.046,1266,25112024,hyderabad,mobile,analytics for data,0.03767258382642998,1.2953403141361257,5.117012246877652
A2466,data analytics course,139,5879,197.9,24,4,0.029,1476,20241105,hyderabad,mobile,data analytics course,0.023643476781765607,1.4237410071942447,7.4583122789287515
A2467,data analytics course,197,3620,235.19,18,7,0.036,1740,20241101,hyderabad,mobile,online data analytics,0.05441988950276243,1.1938578680203045,7.398273736128237
A2468,data analytics course,116,4250,216.66,10,9,0.078,1877,20241102,hyderabad,mobile,data analytics training,0.027294117647058823,1.867758620689655,8.663343487491924
A2469,data analytics course,192,4850,235.42,22,10,0.052,1124,20241114,hyderabad,desktop,analytics for data,0.03958762886597938,1.2261458333333333,4.774445671565712
A2470,data analytics course,118,3815,185.78,16,4,0.046,1093,17112024,hyderabad,desktop,data analytics online,0.0309305373525557,1.574406779661017,5.883302831305846
A2471,data analytics course,172,5741,198.44,14,4,0.023,1755,20241111,hyderabad,desktop,analytics for data,0.029959937293154503,1.1537209302325582,8.843983067929853
A2472,data analytics course,174,4272,240.77,16,7,0.041,1004,20241123,hyderabad,desktop,learn data analytics,0.04073033707865169,1.383735632183908,4.169954728579142
A2473,data analytics course,175,4974,182.22,21,5,0.046,1300,23112024,hyderabad,mobile,learn data analytics,0.03518295134700442,1.0412571428571429,7.134233344309077
A2474,data analytics course,0,3215,191.22,30,7,0.046,1588,20241123,hyderabad,desktop,analytics for data,0.0,inf,8.30457065160548
A2475,data analytics course,0,3723,201.32,21,8,0.046,1505,6112024,hyderabad,tablet,data analytics course,0.0,inf,7.475660639777469
A2476,data analytics course,103,4670,203.4,21,4,0.046,1562,25112024,hyderabad,mobile,analytics for data,0.022055674518201285,1.974757281553398,7.67944936086529
A2477,data analytics course,187,4474,182.47,10,0,0.046,1768,13112024,hyderabad,tablet,online data analytics,0.041797049620026824,0.9757754010695187,9.689263988600866
A2478,data analytics course,0,3009,195.17,0,6,0.046,1083,20241123,hyderabad,tablet,data analytics online,0.0,inf,5.549008556642927
A2479,data analytics course,109,3933,189.73,11,4,0.046,1700,7112024,hyderabad,desktop,data analytics online,0.027714213068904144,1.7406422018348624,8.960101196437043
A2480,data analytics course,118,4360,232.09,10,9,0.076,1252,20241113,hyderabad,desktop,data analytics training,0.02706422018348624,1.966864406779661,5.394459046059718
A2481,data analytics course,164,5120,185.69,10,5,0.031,1597,20241123,hyderabad,tablet,analytics for data,0.03203125,1.1322560975609757,8.600355431094835
A2482,data analytics course,166,3887,192.0,24,9,0.054,1890,20241113,hyderabad,tablet,data analytics course,0.042706457422176484,1.1566265060240963,9.84375
A2483,data analytics course,88,3909,189.57,30,10,0.114,1750,29112024,hyderabad,desktop,data analytics training,0.02251215144538245,2.1542045454545455,9.231418473387139
A2484,data analytics course,125,3017,232.51,14,7,0.046,1510,20241108,hyderabad,tablet,data analytics training,0.04143188597944979,1.86008,6.49434432927616
A2485,data analytics course,0,5127,206.95,26,5,0.046,1902,17112024,hyderabad,desktop,online data analytics,0.0,inf,9.190625755013288
A2486,data analytics course,151,3992,212.42,10,9,0.06,1890,20241126,hyderabad,tablet,learn data analytics,0.037825651302605214,1.406754966887417,8.897467281800207
A2487,data analytics course,182,3554,181.74,18,4,0.022,1933,2112024,hyderabad,tablet,learn data analytics,0.051209904333145755,0.9985714285714287,10.636073511609991
A2488,data analytics course,84,4051,196.83,21,4,0.048,1094,20241114,hyderabad,mobile,online data analytics,0.020735620834361885,2.3432142857142857,5.5580958187268195
A2489,data analytics course,127,3541,239.47,16,10,0.079,1474,20241125,hyderabad,tablet,data analytics training,0.035865574696413445,1.8855905511811024,6.155259531465319
A2490,data analytics course,104,5878,228.79,21,3,0.05,1101,5112024,hyderabad,mobile,data analytics course,0.017693092888737667,2.199903846153846,4.812273263691595
A2491,data analytics course,161,4611,228.34,26,7,0.043,1473,20241125,hyderabad,tablet,data analytics online,0.03491650401214487,1.4182608695652175,6.450906542874661
A2492,data analytics course,141,4764,187.72,28,4,0.028,1428,20241116,hyderabad,mobile,analytics for data,0.02959697732997481,1.3313475177304965,7.6070743660771365
A2493,data analytics course,186,4603,191.84,26,9,0.047,1918,20241107,hyderabad,desktop,learn data analytics,0.04040842928524875,1.0313978494623657,9.997914929107589
A2494,data analytics course,0,5003,195.4,15,7,0.046,1273,20241118,hyderabad,desktop,data analytics training,0.0,inf,6.514841351074718
A2495,data analytics course,124,5212,190.83,13,6,0.048,1399,20241107,hyderabad,desktop,data analytics course,0.023791250959324637,1.538951612903226,7.3311324215270135
A2496,data analytics course,97,5285,249.65,12,7,0.051,1411,20241127,hyderabad,desktop,data analytics training,0.018353831598864712,2.5737113402061857,5.651912677748848
A2497,data analytics course,111,3177,224.51,18,8,0.046,1946,20241125,hyderabad,desktop,learn data analytics,0.03493862134088763,2.0226126126126127,8.667765355663445
A2498,data analytics course,93,5571,185.71,12,7,0.075,1630,21112024,hyderabad,tablet,online data analytics,0.01669359181475498,1.9968817204301077,8.777125625975984
A2499,data analytics course,92,3237,245.48,15,6,0.065,1505,20241119,hyderabad,desktop,data analytics online,0.02842137781896818,2.6682608695652172,6.130845690076585
A2500,data analytics course,138,5314,198.39,17,10,0.072,1250,20241120,hyderabad,desktop,online data analytics,0.025969138125705685,1.4376086956521739,6.300720802459802
A2501,data analytics course,129,4452,196.06,10,9,0.053,1069,20241113,hyderabad,tablet,learn data analytics,0.028975741239892182,1.51984496124031,5.452412526777517
A2502,data analytics course,183,3920,235.79,20,7,0.038,1238,20241117,hyderabad,mobile,data analytics training,0.04668367346938775,1.288469945355191,5.250434708851096
A2503,data analytics course,154,4603,214.0,20,3,0.019,1709,20241118,hyderabad,tablet,data analytics course,0.03345644145122746,1.3896103896103895,7.985981308411215
A2504,data analytics course,95,4938,204.5,12,6,0.046,1494,20241118,hyderabad,tablet,data analytics training,0.01923855812069664,2.1526315789473682,7.30562347188264
A2505,data analytics course,173,5291,215.57,23,8,0.046,1557,20241113,hyderabad,mobile,data analytics online,0.032697032697032696,1.2460693641618497,7.222711880131744
A2506,data analytics course,112,4072,211.56,17,10,0.089,1229,1112024,hyderabad,desktop,analytics for data,0.0275049115913556,1.8889285714285715,5.809226696918132
A2507,data analytics course,170,5953,186.11,25,8,0.046,1080,20241126,hyderabad,mobile,data analytics online,0.02855703006887284,1.094764705882353,5.803019719520713
A2508,data analytics course,96,0,232.87,0,10,0.053,1162,20241114,hyderabad,mobile,learn data analytics,,2.4257291666666667,4.989908532657706
A2509,data analytics course,113,3104,230.92,28,9,0.08,1422,27112024,hyderabad,tablet,data analytics course,0.036404639175257734,2.0435398230088495,6.157976788498181
A2510,data analytics course,145,4882,217.25,22,3,0.021,1814,20241119,hyderabad,mobile,analytics for data,0.0297009422367882,1.4982758620689656,8.34982738780207
A2511,data analytics course,83,3212,243.86,25,4,0.048,1612,20241119,hyderabad,mobile,data analytics course,0.025840597758405977,2.9380722891566267,6.610350200934962
A2512,data analytics course,90,4973,181.04,23,5,0.056,1039,3112024,hyderabad,desktop,online data analytics,0.0180977277297406,2.0115555555555553,5.739063190455148
A2513,data analytics course,140,5227,222.57,27,3,0.021,1527,20241118,hyderabad,desktop,learn data analytics,0.026784006122058543,1.5897857142857141,6.860762906052029
A2514,data analytics course,111,5434,181.05,10,5,0.045,1627,23112024,hyderabad,mobile,data analytics training,0.02042694147957306,1.6310810810810812,8.986467826567246
A2515,data analytics course,105,3300,180.25,22,10,0.095,1640,20241121,hyderabad,mobile,online data analytics,0.031818181818181815,1.7166666666666666,9.098474341192787
A2516,data analytics course,181,4857,215.59,13,8,0.044,1883,20241123,hyderabad,desktop,learn data analytics,0.03726580193535104,1.1911049723756906,8.734171343754348
A2517,data analytics course,189,4019,248.09,16,6,0.045,1378,20241130,hyderabad,tablet,online data analytics,0.047026623538193583,1.3126455026455026,5.554435890201137
A2518,data analytics course,138,5495,220.69,19,5,0.036,1624,4112024,hyderabad,tablet,online data analytics,0.02511373976342129,1.5992028985507247,7.358738501971091
A2519,data analytics course,178,5218,208.92,20,7,0.039,1714,25112024,hyderabad,mobile,analytics for data,0.03411268685320046,1.1737078651685393,8.204097262109899
A2520,data analytics course,155,5996,247.54,15,5,0.032,1883,20241127,hyderabad,mobile,analytics for data,0.025850567044696463,1.597032258064516,7.6068514179526545
A2521,data analytics course,168,4932,198.95,16,7,0.052,1301,19112024,hyderabad,desktop,data analytics training,0.0340632603406326,1.1842261904761904,6.539331490324202
A2522,data analytics course,152,4498,233.81,30,6,0.039,1090,25112024,hyderabad,desktop,data analytics online,0.03379279679857715,1.5382236842105264,4.661904965570335
A2523,data analytics course,111,4164,191.04,18,9,0.046,1687,20241121,hyderabad,tablet,data analytics training,0.026657060518731988,1.721081081081081,8.830611390284757
A2524,data analytics course,141,4329,230.44,14,6,0.043,1610,7112024,hyderabad,mobile,learn data analytics,0.03257103257103257,1.6343262411347517,6.986634264884569
A2525,data analytics course,97,5764,246.15,30,7,0.046,1345,18112024,hyderabad,mobile,analytics for data,0.01682859125607217,2.5376288659793813,5.464147877310583
A2526,data analytics course,82,5430,205.46,18,5,0.061,1435,20241130,hyderabad,mobile,online data analytics,0.015101289134438306,2.505609756097561,6.984327849703105
A2527,data analytics course,164,5179,206.72,18,9,0.055,1213,20241127,hyderabad,tablet,data analytics course,0.03166634485421896,1.2604878048780488,5.867840557275541
A2528,data analytics course,109,5707,246.86,22,4,0.034,1980,19112024,hyderabad,tablet,data analytics online,0.019099351673383565,2.2647706422018348,8.02074050068865
A2529,data analytics course,126,3263,237.54,0,9,0.046,1364,20241117,hyderabad,mobile,data analytics online,0.03861477168250076,1.8852380952380952,5.742190788919761
A2530,data analytics course,175,5718,225.4,19,6,0.057,1001,12112024,hyderabad,tablet,analytics for data,0.030605106680657572,1.288,4.440993788819876
A2531,data analytics course,96,5075,221.28,25,3,0.038,1937,23112024,hyderabad,desktop,learn data analytics,0.018916256157635467,2.305,8.753615328994938
A2532,data analytics course,113,4473,202.3,17,5,0.044,1049,20241108,hyderabad,tablet,online data analytics,0.02526268723451822,1.7902654867256638,5.1853682649530395
A2533,data analytics course,96,3979,232.44,27,7,0.046,1140,30112024,hyderabad,mobile,learn data analytics,0.02412666499120382,2.42125,4.9044914816726894
A2534,data analytics course,162,5688,190.31,17,5,0.031,1556,25112024,hyderabad,tablet,data analytics course,0.028481012658227847,1.174753086419753,8.176133676632862
A2535,data analytics course,125,3546,234.02,23,10,0.046,1072,20241127,hyderabad,desktop,analytics for data,0.03525098702763677,1.87216,4.580805059396632
A2536,data analytics course,89,4188,206.71,16,4,0.045,1382,20241101,hyderabad,tablet,online data analytics,0.02125119388729704,2.3225842696629213,6.6856949349329975
A2537,data analytics course,99,4134,234.04,18,3,0.03,1683,20241130,hyderabad,desktop,learn data analytics,0.023947750362844702,2.364040404040404,7.1910784481285255
A2538,data analytics course,91,4710,199.18,21,9,0.099,1431,20241110,hyderabad,tablet,data analytics course,0.019320594479830148,2.188791208791209,7.18445627070991
A2539,data analytics course,141,4654,192.19,21,6,0.043,1932,25112024,hyderabad,mobile,analytics for data,0.030296519123334767,1.363049645390071,10.052552161923098
A2540,data analytics course,110,5509,245.38,13,8,0.048,1539,20241110,hyderabad,mobile,learn data analytics,0.01996732619350154,2.2307272727272727,6.271904800717255
A2541,data analytics course,96,3091,187.57,11,0,0.046,1737,10112024,hyderabad,tablet,data analytics course,0.03105791006146878,1.9538541666666667,9.260542730713867
A2542,data analytics course,85,4653,196.73,23,6,0.071,1032,13112024,hyderabad,mobile,data analytics course,0.018267784225231034,2.314470588235294,5.245768311899558
A2543,data analytics course,151,5389,227.07,18,10,0.057,1318,20241120,hyderabad,desktop,data analytics training,0.028020040823900538,1.503774834437086,5.804377504734223
A2544,data analytics course,139,5290,208.43,28,4,0.051,1022,20241120,hyderabad,tablet,data analytics online,0.026275992438563326,1.4994964028776978,4.903324857266228
A2545,data analytics course,120,3060,197.96,0,8,0.067,1679,20241123,hyderabad,tablet,analytics for data,0.0392156862745098,1.6496666666666668,8.481511416447766
A2546,data analytics course,109,4444,219.46,12,9,0.083,1159,20241128,hyderabad,mobile,data analytics training,0.024527452745274528,2.013394495412844,5.2811446277225915
A2547,data analytics course,145,3509,181.11,19,10,0.048,1627,20241122,hyderabad,mobile,online data analytics,0.04132231404958678,1.2490344827586208,8.98349069626194
A2548,data analytics course,151,4675,183.02,14,7,0.046,1000,20241110,hyderabad,mobile,analytics for data,0.032299465240641714,1.2120529801324504,5.463883728554256
A2549,data analytics course,108,5869,226.93,16,7,0.065,1633,3112024,hyderabad,desktop,analytics for data,0.018401772022491054,2.1012037037037037,7.196051645881989
A2550,data analytics course,166,3992,205.9,15,8,0.048,1899,20241105,hyderabad,desktop,analytics for data,0.04158316633266533,1.2403614457831325,9.222923749392908
A2551,data analytics course,134,4172,191.8,26,5,0.037,1170,20241118,hyderabad,tablet,online data analytics,0.03211888782358581,1.4313432835820896,6.100104275286757
A2552,data analytics course,104,5926,224.63,17,8,0.046,1239,20241124,hyderabad,mobile,learn data analytics,0.017549780627742154,2.159903846153846,5.515736989716423
A2553,data analytics course,0,5785,195.39,15,10,0.046,1296,20241125,hyderabad,tablet,analytics for data,0.0,inf,6.632888070013819
A2554,data analytics course,160,5664,210.58,16,9,0.046,1836,20241107,hyderabad,mobile,data analytics training,0.02824858757062147,1.316125,8.718776711938455
A2555,data analytics course,147,5930,248.18,22,10,0.068,1743,15112024,hyderabad,desktop,analytics for data,0.02478920741989882,1.6882993197278913,7.023128374566847
A2556,data analytics course,196,3656,240.44,15,6,0.052,1894,3112024,hyderabad,tablet,analytics for data,0.053610503282275714,1.226734693877551,7.877225087339877
A2557,data analytics course,159,5078,182.57,30,8,0.05,1541,20241109,hyderabad,mobile,data analytics course,0.03131153997636865,1.1482389937106918,8.440598126745906
A2558,data analytics course,104,5257,220.44,17,7,0.052,1462,20241127,hyderabad,mobile,data analytics online,0.019783146281148946,2.1196153846153845,6.632190165124297
A2559,data analytics course,135,5582,209.14,28,5,0.037,1912,25112024,hyderabad,tablet,online data analytics,0.024184879971336438,1.549185185185185,9.142201396193938
A2560,data analytics course,92,3097,232.27,21,0,0.046,1905,14112024,hyderabad,desktop,analytics for data,0.02970616725863739,2.5246739130434785,8.201661859043355
A2561,data analytics course,136,3657,236.19,12,5,0.037,1425,20241106,hyderabad,mobile,online data analytics,0.03718895269346459,1.7366911764705881,6.033278292899785
A2562,data analytics course,135,3198,227.48,0,6,0.044,1882,20241109,hyderabad,desktop,online data analytics,0.04221388367729831,1.6850370370370369,8.273254791630034
A2563,data analytics course,91,5017,239.34,15,5,0.055,1505,2112024,hyderabad,tablet,analytics for data,0.01813832967909109,2.6301098901098903,6.288125678950447
A2564,data analytics course,181,5343,244.02,30,9,0.038,1639,20241126,hyderabad,mobile,learn data analytics,0.03387609956953023,1.3481767955801105,6.716662568641914
A2565,data analytics course,0,4896,207.51,17,0,0.046,1505,20241111,hyderabad,mobile,data analytics online,0.0,inf,7.252662522288083
A2566,data analytics course,80,5756,205.38,16,4,0.05,1778,20241120,hyderabad,desktop,online data analytics,0.01389854065323141,2.56725,8.657123381049761
A2567,data analytics course,155,5696,236.44,13,3,0.019,1207,20241123,hyderabad,mobile,data analytics online,0.027212078651685394,1.5254193548387096,5.104889189646422
A2568,data analytics course,114,5683,214.42,20,8,0.07,1474,20241108,hyderabad,mobile,learn data analytics,0.020059827555868378,1.880877192982456,6.874358735192613
A2569,data analytics course,98,4669,205.72,16,6,0.061,1767,20241130,hyderabad,desktop,analytics for data,0.020989505247376312,2.099183673469388,8.589344740423877
A2570,data analytics course,125,3807,234.92,11,6,0.048,1505,20241129,hyderabad,mobile,online data analytics,0.03283425269240872,1.87936,6.406436233611442
A2571,data analytics course,160,3163,238.95,20,8,0.05,1569,20241126,hyderabad,desktop,online data analytics,0.05058488776478027,1.4934375,6.566227244193346
A2572,data analytics course,175,3732,231.25,16,10,0.057,1014,20241115,hyderabad,mobile,learn data analytics,0.04689174705251876,1.3214285714285714,4.3848648648648645
A2573,data analytics course,123,3860,224.63,24,8,0.065,1800,20241115,hyderabad,desktop,analytics for data,0.031865284974093265,1.826260162601626,8.01317722476962
A2574,data analytics course,106,3196,212.12,15,6,0.046,1314,20241123,hyderabad,tablet,analytics for data,0.03316645807259074,2.0011320754716984,6.194606826324722
A2575,data analytics course,0,3322,205.85,24,4,0.046,1031,9112024,hyderabad,tablet,data analytics training,0.0,inf,5.008501335924217
A2576,data analytics course,185,5121,215.46,12,9,0.049,1724,2112024,hyderabad,mobile,data analytics course,0.03612575668814685,1.1646486486486487,8.00148519446765
A2577,data analytics course,139,5610,239.44,17,6,0.043,1548,14112024,hyderabad,tablet,online data analytics,0.024777183600713012,1.7225899280575538,6.465085198797193
A2578,data analytics course,174,3890,186.04,28,7,0.04,1793,20241121,hyderabad,tablet,online data analytics,0.04473007712082262,1.0691954022988506,9.637712319931198
A2579,data analytics course,157,4671,248.17,14,7,0.045,1247,20241103,hyderabad,mobile,data analytics training,0.033611646328409336,1.580700636942675,5.024781399846879
A2580,data analytics course,160,5438,197.5,16,6,0.037,1752,3112024,hyderabad,tablet,data analytics course,0.02942258183155572,1.234375,8.870886075949366
A2581,data analytics course,198,4726,185.13,14,0,0.046,1580,17112024,hyderabad,tablet,learn data analytics,0.04189589504866695,0.9349999999999999,8.534543293901583
A2582,data analytics course,144,5301,195.83,12,3,0.046,1654,27112024,hyderabad,tablet,data analytics online,0.027164685908319185,1.3599305555555556,8.446101210233365
A2583,data analytics course,187,3722,182.43,27,7,0.037,1613,20112024,hyderabad,mobile,data analytics training,0.05024180548092423,0.9755614973262032,8.841747519596558
A2584,data analytics course,139,3944,215.57,29,3,0.022,1863,20241104,hyderabad,tablet,analytics for data,0.03524340770791075,1.550863309352518,8.642204388365728
A2585,data analytics course,194,5123,180.01,27,5,0.036,1978,5112024,hyderabad,mobile,learn data analytics,0.037868436463009955,0.9278865979381443,10.988278428976168
A2586,data analytics course,157,4127,200.44,30,8,0.058,1044,20241115,hyderabad,desktop,data analytics training,0.0380421613763024,1.276687898089172,5.208541209339454
A2587,data analytics course,112,4944,233.83,19,4,0.036,1296,20241127,hyderabad,tablet,data analytics training,0.022653721682847898,2.087767857142857,5.542488132403883
A2588,data analytics course,82,4534,203.89,10,6,0.073,1589,20241126,hyderabad,tablet,online data analytics,0.01808557565063961,2.486463414634146,7.79341801952033
A2589,data analytics course,152,5894,219.23,14,5,0.033,1641,20241113,hyderabad,mobile,data analytics training,0.025788937902952155,1.4423026315789473,7.485289422068148
A2590,data analytics course,81,5545,212.89,11,5,0.062,1818,15112024,hyderabad,mobile,data analytics online,0.01460775473399459,2.6282716049382713,8.539621400723378
A2591,data analytics course,84,5573,215.57,23,6,0.071,1656,20241112,hyderabad,desktop,online data analytics,0.015072671810514983,2.5663095238095237,7.6819594563250915
A2592,data analytics course,117,3039,223.72,27,8,0.068,1340,20241114,hyderabad,mobile,data analytics training,0.0384995064165844,1.912136752136752,5.989629894510996
A2593,data analytics course,82,3556,215.57,16,5,0.061,1331,20241117,hyderabad,mobile,data analytics online,0.023059617547806523,2.6289024390243902,6.174328524377232
A2594,data analytics course,192,4920,192.15,18,10,0.052,1665,20241109,hyderabad,mobile,data analytics online,0.03902439024390244,1.00078125,8.665105386416862
A2595,data analytics course,131,3187,234.53,24,10,0.046,1656,7112024,hyderabad,mobile,data analytics course,0.04110448697834954,1.7903053435114504,7.06093037138106
A2596,data analytics course,177,3238,189.61,29,7,0.05,1925,27112024,hyderabad,tablet,data analytics online,0.054663372452130946,1.0712429378531074,10.152418121407099
A2597,data analytics course,0,0,182.66,22,10,0.046,1482,20241124,hyderabad,desktop,learn data analytics,,inf,8.113434796890397
A2598,data analytics course,147,4507,190.42,27,8,0.054,1073,20241105,hyderabad,desktop,learn data analytics,0.03261593077435101,1.2953741496598639,5.634912299128243
A2599,data analytics course,143,3606,200.29,0,3,0.035,1550,20112024,hyderabad,mobile,learn data analytics,0.0396561286744315,1.4006293706293707,7.738778770782366
A2600,data analytics course,0,3355,186.9,20,4,0.046,1524,20241110,hyderabad,mobile,online data analytics,0.0,inf,8.154093097913323
A2601,data analytics course,160,3711,214.41,10,6,0.037,1550,20241107,hyderabad,mobile,analytics for data,0.04311506332524926,1.3400625,7.229140431882842
A2602,data analytics course,172,4841,234.94,28,8,0.046,1258,20241112,hyderabad,desktop,analytics for data,0.03552984920470977,1.3659302325581395,5.354558610709117
A2603,data analytics course,95,5411,182.58,13,4,0.042,1111,30112024,hyderabad,tablet,data analytics training,0.017556828682313806,1.9218947368421053,6.085003833935809
A2604,data analytics course,111,3520,237.4,13,3,0.027,1395,20241119,hyderabad,mobile,online data analytics,0.03153409090909091,2.1387387387387387,5.876158382476833
A2605,data analytics course,171,3460,184.14,27,9,0.053,1565,16112024,hyderabad,tablet,data analytics online,0.04942196531791908,1.0768421052631578,8.498968176387532
A2606,data analytics course,145,5875,221.0,14,7,0.048,1230,20241124,hyderabad,desktop,learn data analytics,0.02468085106382979,1.5241379310344827,5.5656108597285066
A2607,data analytics course,118,3404,183.15,27,7,0.059,1489,20241121,hyderabad,tablet,learn data analytics,0.03466509988249119,1.5521186440677968,8.12994812994813
A2608,data analytics course,171,3567,233.32,27,4,0.046,1271,20241105,hyderabad,desktop,analytics for data,0.0479394449116905,1.3644444444444443,5.4474541402365855
A2609,data analytics course,108,3628,185.68,24,8,0.074,1682,20241119,hyderabad,tablet,learn data analytics,0.029768467475192944,1.7192592592592593,9.058595433003015
A2610,data analytics course,100,4994,206.32,21,7,0.04,1673,20241120,hyderabad,tablet,learn data analytics,0.020024028834601523,2.0632,8.108763086467624
A2611,data analytics course,138,5758,193.53,14,4,0.029,1902,20241115,hyderabad,tablet,analytics for data,0.02396665508857242,1.402391304347826,9.827933653697102
A2612,data analytics course,88,3382,198.62,25,9,0.102,1599,10112024,hyderabad,desktop,data analytics training,0.026020106445890007,2.257045454545455,8.050548786627731
A2613,data analytics course,125,3652,186.61,29,10,0.08,1017,20241129,hyderabad,mobile,learn data analytics,0.03422782037239869,1.4928800000000002,5.44986871014415
A2614,data analytics course,169,4120,215.75,27,5,0.03,1362,20241119,hyderabad,mobile,analytics for data,0.041019417475728154,1.2766272189349113,6.3128621089223635
A2615,data analytics course,169,3142,236.79,18,7,0.041,1505,20241106,hyderabad,mobile,data analytics online,0.053787396562698916,1.4011242603550296,6.35584272984501
A2616,data analytics course,149,5726,235.72,17,7,0.047,1902,11112024,hyderabad,mobile,data analytics online,0.026021655606007683,1.5820134228187919,8.06889529950789
A2617,data analytics course,99,5938,183.49,30,3,0.03,1487,18112024,hyderabad,mobile,data analytics online,0.016672280229033345,1.8534343434343434,8.1039838683307
A2618,data analytics course,177,3567,214.71,28,5,0.028,1001,11112024,hyderabad,tablet,analytics for data,0.0496215306980656,1.2130508474576271,4.662102370639467
A2619,data analytics course,189,3215,224.53,23,0,0.052,1309,20241115,hyderabad,desktop,online data analytics,0.05878693623639191,1.187989417989418,5.829955907896495
A2620,data analytics course,94,5094,215.57,24,3,0.046,1974,9112024,hyderabad,desktop,online data analytics,0.01845308205732234,2.2932978723404256,9.157118337430997
A2621,data analytics course,191,3337,231.0,29,6,0.031,1424,20241118,hyderabad,tablet,data analytics course,0.0572370392568175,1.2094240837696335,6.1645021645021645
A2622,data analytics course,83,4359,227.14,0,10,0.12,1505,20241102,hyderabad,desktop,data analytics online,0.01904106446432668,2.736626506024096,6.625869507792551
A2623,data analytics course,148,4813,212.78,12,0,0.046,1833,20241123,hyderabad,mobile,online data analytics,0.03075005194265531,1.4377027027027027,8.6145314409249
A2624,data analytics course,125,4300,221.37,16,10,0.08,1066,20241127,hyderabad,tablet,data analytics course,0.029069767441860465,1.77096,4.815467317161313
A2625,data analytics course,105,4094,183.47,11,6,0.046,1817,20241125,hyderabad,mobile,online data analytics,0.025647288715192965,1.7473333333333334,9.903526462091895
A2626,data analytics course,84,4263,234.62,29,9,0.107,1599,18112024,hyderabad,mobile,learn data analytics,0.019704433497536946,2.7930952380952383,6.815275765066916
A2627,data analytics course,114,3472,242.89,16,10,0.046,1642,20241128,hyderabad,tablet,analytics for data,0.032834101382488476,2.130614035087719,6.760261846926593
A2628,data analytics course,129,4411,180.17,28,5,0.039,1173,10112024,hyderabad,desktop,data analytics online,0.029245069145318523,1.3966666666666665,6.510517844258201
A2629,data analytics course,128,4787,204.29,0,0,0.059,1880,20241129,hyderabad,desktop,data analytics training,0.026739085021934405,1.596015625,9.202604141171864
A2630,data analytics course,120,5915,241.95,26,3,0.046,1253,20241125,hyderabad,desktop,analytics for data,0.02028740490278952,2.01625,5.178755941310189
A2631,data analytics course,99,4111,192.09,14,5,0.046,1497,20241119,hyderabad,mobile,analytics for data,0.024081731938701046,1.9403030303030304,7.793221927221615
A2632,data analytics course,180,3305,187.59,14,10,0.056,1505,20241119,hyderabad,desktop,data analytics online,0.05446293494704992,1.0421666666666667,8.022815715123407
A2633,data analytics course,154,3510,211.16,26,10,0.065,1167,20241114,hyderabad,tablet,online data analytics,0.043874643874643876,1.371168831168831,5.526614889183557
A2634,data analytics course,89,3265,234.51,29,8,0.09,1505,20241128,hyderabad,tablet,data analytics course,0.027258805513016845,2.634943820224719,6.417636774551192
A2635,data analytics course,136,5977,249.89,15,9,0.066,1477,20241128,hyderabad,tablet,analytics for data,0.022753889911326753,1.8374264705882353,5.910600664292289
A2636,data analytics course,177,5409,181.75,19,4,0.046,1793,3112024,hyderabad,tablet,data analytics course,0.032723239046034386,1.0268361581920904,9.865199449793673
A2637,data analytics course,145,5523,215.57,10,0,0.046,1668,19112024,hyderabad,mobile,data analytics training,0.026253847546623212,1.4866896551724138,7.737625829197013
A2638,data analytics course,152,5421,248.08,16,6,0.035,1752,20241127,hyderabad,mobile,analytics for data,0.028039107175797825,1.6321052631578947,7.062237987745888
A2639,data analytics course,187,5181,227.15,18,10,0.046,1516,20241125,hyderabad,tablet,data analytics training,0.036093418259023353,1.2147058823529413,6.6740039621395555
A2640,data analytics course,91,5484,198.25,16,6,0.066,1981,20241120,hyderabad,mobile,data analytics training,0.016593727206418673,2.1785714285714284,9.992433795712484
A2641,data analytics course,180,5545,238.85,30,10,0.056,1971,24112024,hyderabad,desktop,data analytics course,0.032461677186654644,1.3269444444444445,8.252041029935105
A2642,data analytics course,122,4295,215.57,24,6,0.049,1349,20241110,hyderabad,desktop,data analytics course,0.02840512223515716,1.766967213114754,6.257828083685114
A2643,data analytics course,0,4314,194.56,21,9,0.046,1211,20241109,hyderabad,tablet,data analytics training,0.0,inf,6.224300986842105
A2644,data analytics course,157,4111,208.46,27,8,0.046,1187,20241105,hyderabad,tablet,data analytics training,0.038190221357333985,1.3277707006369428,5.694137964117816
A2645,data analytics course,178,5640,195.8,25,4,0.022,1807,22112024,hyderabad,mobile,data analytics online,0.03156028368794326,1.1,9.228804902962207
A2646,data analytics course,94,3805,198.19,12,8,0.085,1523,20241110,hyderabad,tablet,data analytics course,0.024704336399474378,2.108404255319149,7.684545133457793
A2647,data analytics course,130,4561,196.04,25,9,0.069,1388,18112024,hyderabad,desktop,analytics for data,0.02850252137689103,1.508,7.080187716792492
A2648,data analytics course,169,5865,200.36,19,5,0.03,1482,30112024,hyderabad,mobile,online data analytics,0.028815004262574596,1.1855621301775148,7.3966859652625265
A2649,data analytics course,176,5275,241.12,14,8,0.046,1995,15112024,hyderabad,mobile,data analytics online,0.03336492890995261,1.37,8.273888520238884
A2650,data analytics course,143,4964,207.66,21,10,0.07,1619,13112024,hyderabad,tablet,analytics for data,0.02880741337630943,1.4521678321678322,7.796397958200905
A2651,data analytics course,153,5292,225.98,21,9,0.059,1223,20241110,hyderabad,mobile,data analytics course,0.02891156462585034,1.4769934640522875,5.411983361359413
A2652,data analytics course,96,5568,210.99,19,10,0.104,1317,20241121,hyderabad,desktop,learn data analytics,0.017241379310344827,2.1978125,6.242001990615669
A2653,data analytics course,96,4849,198.41,13,5,0.052,1198,27112024,hyderabad,mobile,online data analytics,0.01979789647349969,2.0667708333333334,6.038002116828789
A2654,data analytics course,172,4128,215.57,12,7,0.041,1070,20241117,hyderabad,tablet,learn data analytics,0.041666666666666664,1.2533139534883722,4.963584914412952
A2655,data analytics course,197,4645,219.15,24,5,0.025,1911,20241130,hyderabad,mobile,online data analytics,0.04241119483315393,1.1124365482233503,8.720054757015742
A2656,data analytics course,191,5706,249.69,25,6,0.031,1821,20241116,hyderabad,desktop,data analytics online,0.03347353662811076,1.3072774869109947,7.293043373783491
A2657,data analytics course,167,3438,235.2,10,7,0.046,1229,20241117,hyderabad,desktop,data analytics online,0.04857475276323444,1.408383233532934,5.225340136054422
A2658,data analytics course,191,3610,217.44,27,6,0.031,1890,20241123,hyderabad,tablet,analytics for data,0.052908587257617726,1.1384293193717276,8.69205298013245
A2659,data analytics course,90,3828,238.12,21,6,0.06,1505,20241121,hyderabad,desktop,data analytics online,0.023510971786833857,2.645777777777778,6.320342684360826
A2660,data analytics course,115,5431,180.5,0,7,0.061,1995,20241115,hyderabad,desktop,data analytics course,0.021174737617381697,1.5695652173913044,11.052631578947368
A2661,data analytics course,188,4300,226.13,28,7,0.046,1185,20241114,hyderabad,mobile,online data analytics,0.04372093023255814,1.2028191489361701,5.240348472117809
A2662,data analytics course,173,3829,221.28,29,4,0.023,1417,20241125,hyderabad,desktop,learn data analytics,0.04518150953251502,1.2790751445086705,6.403651482284888
A2663,data analytics course,107,4165,192.18,21,10,0.093,1754,29112024,hyderabad,mobile,learn data analytics,0.025690276110444176,1.7960747663551402,9.12686023519617
A2664,data analytics course,171,5953,230.37,14,7,0.048,1436,17112024,hyderabad,tablet,analytics for data,0.028725012598689738,1.3471929824561404,6.233450536094109
A2665,data analytics course,87,4836,242.0,12,7,0.046,1665,15112024,hyderabad,desktop,learn data analytics,0.017990074441687345,2.781609195402299,6.880165289256198
A2666,data analytics course,199,3717,226.84,27,3,0.037,1449,20241125,hyderabad,mobile,data analytics training,0.05353779930051116,1.1398994974874372,6.387762299418092
A2667,data analytics course,195,5190,231.62,0,3,0.046,1429,12112024,hyderabad,tablet,data analytics course,0.03757225433526012,1.1877948717948719,6.169588118469908
A2668,data analytics course,97,3921,232.83,11,9,0.036,1886,20241116,hyderabad,tablet,analytics for data,0.024738587095128793,2.4003092783505156,8.100330713396039
A2669,data analytics course,184,3824,200.99,26,6,0.046,1023,20241126,hyderabad,mobile,data analytics online,0.04811715481171548,1.0923369565217391,5.089805462958356
A2670,data analytics course,168,5414,221.78,19,8,0.048,1715,20241129,hyderabad,mobile,data analytics training,0.031030661248614703,1.3201190476190476,7.7328884480115425
A2671,data analytics course,128,3984,222.78,26,4,0.046,1786,20241114,hyderabad,desktop,data analytics online,0.0321285140562249,1.74046875,8.016877637130802
A2672,data analytics course,117,4716,213.86,26,4,0.046,1505,20241127,hyderabad,mobile,online data analytics,0.02480916030534351,1.827863247863248,7.037314130739736
A2673,data analytics course,142,5265,183.15,19,9,0.047,1173,20241107,hyderabad,desktop,online data analytics,0.026970560303893637,1.2897887323943662,6.4045864045864045
A2674,data analytics course,194,5273,201.59,15,10,0.046,1018,20241106,hyderabad,mobile,data analytics online,0.03679120045514887,1.0391237113402063,5.049853663376159
A2675,data analytics course,141,5656,193.58,20,6,0.043,1953,26112024,hyderabad,desktop,data analytics course,0.02492927864214993,1.3729078014184397,10.088852154148155
A2676,data analytics course,137,3149,195.06,17,6,0.046,1718,20241108,hyderabad,tablet,analytics for data,0.04350587488091458,1.4237956204379563,8.807546395980724
A2677,data analytics course,162,5799,196.39,27,8,0.049,1505,20241113,hyderabad,tablet,data analytics online,0.02793585100879462,1.2122839506172838,7.663322979785122
A2678,data analytics course,151,3487,187.0,30,6,0.04,1529,13112024,hyderabad,mobile,online data analytics,0.04330369945511901,1.2384105960264902,8.176470588235293
A2679,data analytics course,87,4140,209.82,17,7,0.08,1151,23112024,hyderabad,tablet,online data analytics,0.021014492753623187,2.4117241379310346,5.4856543704127345
A2680,data analytics course,183,5659,191.88,12,7,0.038,1830,20241110,hyderabad,mobile,analytics for data,0.03233786888142781,1.0485245901639344,9.537210756722953
A2681,data analytics course,120,3629,197.43,12,0,0.053,1522,20241123,hyderabad,desktop,data analytics training,0.033066960595205294,1.64525,7.709061439497543
A2682,data analytics course,187,5531,219.88,10,5,0.05,1807,20241113,hyderabad,tablet,analytics for data,0.03380943771469897,1.1758288770053476,8.21811897398581
A2683,data analytics course,121,5275,234.88,23,4,0.033,1766,5112024,hyderabad,desktop,data analytics online,0.02293838862559242,1.9411570247933885,7.518732970027248
A2684,data analytics course,173,3190,226.32,13,0,0.046,1884,20241127,hyderabad,mobile,online data analytics,0.054231974921630094,1.308208092485549,8.324496288441146
A2685,data analytics course,165,5406,237.32,23,10,0.046,1002,25112024,hyderabad,tablet,data analytics course,0.030521642619311874,1.4383030303030302,4.222147311646721
A2686,data analytics course,192,3755,218.14,28,3,0.016,1121,20241130,hyderabad,mobile,online data analytics,0.051131824234354195,1.1361458333333332,5.138901622811039
A2687,data analytics course,193,4497,248.41,24,9,0.047,1025,20241106,hyderabad,desktop,learn data analytics,0.04291750055592617,1.287098445595855,4.126242904875005
A2688,data analytics course,138,5904,197.08,26,8,0.058,1698,20241119,hyderabad,desktop,learn data analytics,0.023373983739837397,1.4281159420289855,8.615790541911913
A2689,data analytics course,104,4212,215.57,15,6,0.046,1108,20241130,hyderabad,desktop,data analytics training,0.024691358024691357,2.0727884615384613,5.139861761840701
A2690,data analytics course,162,5979,190.69,30,6,0.043,1976,20241123,hyderabad,tablet,learn data analytics,0.027094831911690917,1.1770987654320988,10.362368241648749
A2691,data analytics course,115,4950,241.85,19,9,0.078,1343,20241116,hyderabad,tablet,online data analytics,0.023232323232323233,2.1030434782608696,5.553028736820344
A2692,data analytics course,104,3405,227.36,28,8,0.05,1970,20241127,hyderabad,mobile,data analytics course,0.030543318649045522,2.186153846153846,8.664672765657986
A2693,data analytics course,168,0,196.79,22,8,0.051,1666,20241123,hyderabad,tablet,learn data analytics,,1.1713690476190475,8.465877331165203
A2694,data analytics course,146,4624,212.67,19,9,0.046,1513,20241109,hyderabad,mobile,data analytics course,0.03157439446366782,1.4566438356164382,7.114308553157475
A2695,data analytics course,82,5241,191.23,28,9,0.11,1369,3112024,hyderabad,desktop,data analytics course,0.015645869108948673,2.3320731707317073,7.158918579720756
A2696,data analytics course,0,5947,206.33,14,9,0.047,1188,24112024,hyderabad,tablet,analytics for data,0.0,inf,5.757766684437551
A2697,data analytics course,142,3246,249.27,11,8,0.046,1667,20241105,hyderabad,mobile,data analytics online,0.04374614910659273,1.7554225352112678,6.687527580535162
A2698,data analytics course,198,5858,232.94,17,8,0.04,1903,20241122,hyderabad,desktop,analytics for data,0.03379993171730966,1.1764646464646464,8.169485704473255
A2699,data analytics course,119,5159,227.36,22,10,0.084,1448,20241116,hyderabad,mobile,data analytics training,0.023066485753052916,1.9105882352941177,6.368754398311048
A2700,data analytics course,109,4002,203.96,14,3,0.046,1430,2112024,hyderabad,mobile,data analytics course,0.02723638180909545,1.8711926605504587,7.011178662482839
A2701,data analytics course,87,3068,243.15,11,6,0.069,1356,23112024,hyderabad,tablet,online data analytics,0.028357235984354627,2.7948275862068965,5.576804441702652
A2702,data analytics course,110,4907,247.48,12,10,0.091,1205,20241126,hyderabad,desktop,data analytics training,0.022416955369879765,2.2498181818181817,4.869080329723614
A2703,data analytics course,92,5680,224.6,15,7,0.076,1505,26112024,hyderabad,desktop,online data analytics,0.01619718309859155,2.4413043478260867,6.70080142475512
A2704,data analytics course,85,3909,189.9,12,3,0.035,1216,14112024,hyderabad,tablet,online data analytics,0.02174469173701714,2.2341176470588238,6.403370194839389
A2705,data analytics course,199,3060,237.3,19,9,0.045,1527,20241104,hyderabad,mobile,data analytics online,0.0650326797385621,1.192462311557789,6.434892541087231
A2706,data analytics course,148,4558,249.74,18,8,0.054,1554,20241101,hyderabad,desktop,data analytics course,0.03247038174637999,1.6874324324324326,6.222471370225033
A2707,data analytics course,173,5992,230.26,11,5,0.029,1683,8112024,hyderabad,mobile,data analytics training,0.028871829105473965,1.3309826589595375,7.3091288109094075
A2708,data analytics course,84,5069,192.08,25,3,0.036,1738,11112024,hyderabad,desktop,online data analytics,0.016571315841388833,2.2866666666666666,9.048313202832153
A2709,data analytics course,82,4340,186.61,17,3,0.037,1092,7112024,hyderabad,desktop,data analytics training,0.01889400921658986,2.2757317073170733,5.8517764321311825
A2710,data analytics course,147,5139,245.93,29,8,0.033,1853,10112024,hyderabad,mobile,data analytics course,0.028604786923525978,1.6729931972789116,7.534664335379986
A2711,data analytics course,186,4679,241.7,19,9,0.046,1333,7112024,hyderabad,tablet,online data analytics,0.03975208377858517,1.2994623655913977,5.5151013653289205
A2712,data analytics course,143,4232,207.76,30,8,0.046,1644,20241118,hyderabad,tablet,data analytics online,0.033790170132325145,1.4528671328671328,7.912976511359261
A2713,data analytics course,133,5580,248.11,17,5,0.038,1111,20241126,hyderabad,tablet,data analytics course,0.023835125448028675,1.8654887218045113,4.4778525653943815
A2714,data analytics course,187,3972,226.62,24,7,0.037,1011,20241104,hyderabad,desktop,data analytics training,0.047079556898288015,1.2118716577540107,4.461212602594652
A2715,data analytics course,121,5205,181.81,24,5,0.037,1555,20241108,hyderabad,tablet,data analytics online,0.02324687800192123,1.5025619834710744,8.552884879819592
A2716,data analytics course,188,4521,214.58,24,3,0.016,1855,20241119,hyderabad,tablet,data analytics course,0.0415837204158372,1.1413829787234042,8.644794482244384
A2717,data analytics course,115,3924,214.52,16,7,0.04,1312,4112024,hyderabad,desktop,online data analytics,0.029306829765545363,1.865391304347826,6.115979862017527
A2718,data analytics course,0,3319,230.39,28,4,0.046,1533,19112024,hyderabad,tablet,analytics for data,0.0,inf,6.653934632579539
A2719,data analytics course,190,5141,225.14,15,10,0.053,1761,20241121,hyderabad,desktop,learn data analytics,0.03695779031316864,1.1849473684210525,7.821799769032602
A2720,data analytics course,92,5952,192.35,30,4,0.043,1335,8112024,hyderabad,mobile,data analytics online,0.015456989247311828,2.090760869565217,6.940473095918898
A2721,data analytics course,107,0,227.88,23,8,0.075,1844,20241108,hyderabad,desktop,online data analytics,,2.129719626168224,8.09197823415833
A2722,data analytics course,0,3794,225.38,13,7,0.046,1401,23112024,hyderabad,mobile,data analytics online,0.0,inf,6.216168249179164
A2723,data analytics course,186,0,185.55,11,5,0.027,1903,20241116,hyderabad,tablet,data analytics course,,0.9975806451612904,10.255995688493666
A2724,data analytics course,129,3454,223.14,17,8,0.034,1391,1112024,hyderabad,tablet,analytics for data,0.037348002316155184,1.729767441860465,6.233754593528727
A2725,data analytics course,162,3071,231.99,29,9,0.046,1603,20241118,hyderabad,tablet,online data analytics,0.05275154672745034,1.432037037037037,6.90978059399112
A2726,data analytics course,177,5954,206.76,13,4,0.06,1104,20241114,hyderabad,tablet,learn data analytics,0.02972791400738999,1.168135593220339,5.339524085896692
A2727,data analytics course,93,3473,207.92,30,9,0.046,1780,20241108,hyderabad,desktop,data analytics course,0.026778001727613014,2.2356989247311825,8.56098499422855
A2728,data analytics course,117,4341,212.29,19,8,0.068,1399,21112024,hyderabad,desktop,learn data analytics,0.026952315134761574,1.8144444444444443,6.590041923783504
A2729,data analytics course,120,3310,247.65,15,3,0.046,1584,20241121,hyderabad,mobile,online data analytics,0.03625377643504532,2.06375,6.396123561477892
A2730,data analytics course,81,3694,183.52,17,3,0.046,1156,22112024,hyderabad,mobile,online data analytics,0.02192744991878722,2.265679012345679,6.299040976460331
A2731,data analytics course,91,3576,243.02,28,8,0.088,1567,20241125,hyderabad,mobile,data analytics training,0.025447427293064876,2.6705494505494505,6.448028968809151
A2732,data analytics course,167,4856,232.1,18,7,0.042,1476,20241107,hyderabad,desktop,analytics for data,0.03439044481054366,1.389820359281437,6.359327875915554
A2733,data analytics course,175,5484,186.91,14,3,0.031,1728,20241118,hyderabad,desktop,analytics for data,0.03191101385849745,1.0680571428571428,9.245091220373443
A2734,data analytics course,121,3633,190.82,16,5,0.041,1157,20241116,hyderabad,tablet,data analytics online,0.03330580787228186,1.5770247933884296,6.063305733151662
A2735,data analytics course,85,0,190.32,13,9,0.106,1301,20241107,hyderabad,desktop,data analytics online,,2.2390588235294118,6.835855401429172
A2736,data analytics course,176,4474,215.93,28,9,0.035,1214,30112024,hyderabad,mobile,data analytics online,0.03933839964237819,1.226875,5.622192377159265
A2737,data analytics course,174,5282,240.85,10,4,0.046,1481,20241126,hyderabad,tablet,data analytics course,0.03294206739871261,1.3841954022988505,6.1490554286900565
A2738,data analytics course,180,3778,214.66,28,4,0.046,1733,14112024,hyderabad,desktop,data analytics course,0.04764425622022234,1.1925555555555556,8.073232087953043
A2739,data analytics course,156,3361,183.12,29,9,0.058,1241,20241110,hyderabad,desktop,data analytics online,0.046414757512645045,1.173846153846154,6.776976845784185
A2740,data analytics course,0,5877,223.87,21,9,0.046,1866,20241128,hyderabad,mobile,analytics for data,0.0,inf,8.335194532541207
A2741,data analytics course,161,5656,237.69,12,4,0.056,1262,20241129,hyderabad,mobile,online data analytics,0.028465346534653466,1.476335403726708,5.309436661197358
A2742,data analytics course,87,3061,192.29,15,6,0.069,1506,20241120,hyderabad,tablet,data analytics online,0.028422084286180985,2.2102298850574713,7.831920536689376
A2743,data analytics course,126,4569,204.13,10,4,0.032,1037,3112024,hyderabad,tablet,learn data analytics,0.02757715036112935,1.620079365079365,5.080096017243913
A2744,data analytics course,151,5067,199.12,13,5,0.055,1669,20241127,hyderabad,mobile,data analytics training,0.029800671008486285,1.3186754966887417,8.38188027320209
A2745,data analytics course,85,5612,245.87,12,7,0.082,1124,20241116,hyderabad,mobile,learn data analytics,0.015146115466856735,2.892588235294118,4.571521535770936
A2746,data analytics course,104,4627,200.98,28,6,0.058,1815,16112024,hyderabad,tablet,data analytics training,0.022476766803544414,1.9324999999999999,9.030749328291373
A2747,data analytics course,103,4264,214.56,27,4,0.039,1804,11112024,hyderabad,desktop,learn data analytics,0.024155722326454035,2.083106796116505,8.407904548844146
A2748,data analytics course,162,5815,198.49,11,7,0.048,1468,20241123,hyderabad,tablet,data analytics course,0.027858985382631127,1.225246913580247,7.3958385812887295
A2749,data analytics course,161,3597,218.35,29,6,0.039,1840,6112024,hyderabad,tablet,data analytics course,0.04475952182374201,1.3562111801242236,8.426837645981223
A2750,data analytics course,83,5973,224.06,25,9,0.108,1197,20241110,hyderabad,mobile,analytics for data,0.013895864724594007,2.6995180722891567,5.342319021690619
A2751,data analytics course,165,3430,248.59,26,8,0.04,1056,20241106,hyderabad,desktop,analytics for data,0.048104956268221574,1.5066060606060607,4.247958485860252
A2752,data analytics course,134,5085,186.1,18,8,0.06,1033,20241127,hyderabad,mobile,data analytics course,0.026352015732546707,1.3888059701492537,5.55077915099409
A2753,data analytics course,126,4906,222.92,16,9,0.071,1443,20241125,hyderabad,mobile,learn data analytics,0.025682837342030168,1.769206349206349,6.473174232908667
A2754,data analytics course,173,5082,198.75,16,3,0.046,1128,20241114,hyderabad,tablet,analytics for data,0.03404171585989768,1.1488439306358382,5.675471698113207
A2755,data analytics course,174,4661,200.74,0,5,0.029,1596,20241120,hyderabad,desktop,data analytics course,0.03733104484016306,1.1536781609195403,7.950582843479127
A2756,data analytics course,149,3573,247.52,20,4,0.031,1742,3112024,hyderabad,mobile,analytics for data,0.04170165127343969,1.6612080536912752,7.03781512605042
A2757,data analytics course,108,5663,213.85,0,9,0.083,1703,20241117,hyderabad,desktop,data analytics online,0.01907116369415504,1.9800925925925925,7.963525835866261
A2758,data analytics course,99,4466,214.08,14,7,0.046,1515,20241115,hyderabad,desktop,analytics for data,0.022167487684729065,2.1624242424242426,7.076793721973094
A2759,data analytics course,113,3120,249.66,20,8,0.071,1895,20241127,hyderabad,mobile,data analytics training,0.03621794871794872,2.2093805309734513,7.590322839061123
A2760,data analytics course,84,3911,206.06,13,7,0.046,1155,20241118,hyderabad,tablet,learn data analytics,0.021477882894400408,2.453095238095238,5.6051635445986605
A2761,data analytics course,182,3458,186.51,28,9,0.049,1982,20241101,hyderabad,desktop,learn data analytics,0.05263157894736842,1.0247802197802198,10.626776044179937
A2762,data analytics course,82,3261,245.34,30,8,0.046,1922,20241109,hyderabad,desktop,data analytics course,0.025145660840233057,2.9919512195121953,7.834026249286704
A2763,data analytics course,103,3844,232.39,13,7,0.068,1763,20241125,hyderabad,mobile,learn data analytics,0.02679500520291363,2.2562135922330095,7.586384956323422
A2764,data analytics course,117,4298,227.92,15,8,0.068,1512,20241121,hyderabad,tablet,online data analytics,0.027221963704048394,1.9480341880341878,6.633906633906634
A2765,data analytics course,93,4998,201.98,17,8,0.086,1216,20241112,hyderabad,desktop,data analytics course,0.018607442977190875,2.1718279569892474,6.020398059213784
A2766,data analytics course,166,5110,196.99,26,4,0.046,1431,12112024,hyderabad,tablet,data analytics online,0.0324853228962818,1.1866867469879518,7.264328138484187
A2767,data analytics course,121,5155,187.0,23,6,0.05,1510,20241105,hyderabad,tablet,data analytics course,0.023472356935014548,1.5454545454545454,8.074866310160427
A2768,data analytics course,106,5010,220.66,26,6,0.057,1345,16112024,hyderabad,desktop,data analytics course,0.021157684630738523,2.081698113207547,6.095350312698269
A2769,data analytics course,106,4362,227.02,12,9,0.085,1548,27112024,hyderabad,mobile,online data analytics,0.024300779458963778,2.141698113207547,6.8187824861245705
A2770,data analytics course,122,3662,211.05,19,6,0.049,1082,20241121,hyderabad,desktop,data analytics training,0.033315128345166575,1.7299180327868853,5.126747216299455
A2771,data analytics course,193,5464,224.15,12,3,0.056,1157,3112024,hyderabad,tablet,online data analytics,0.035322108345534405,1.16139896373057,5.161722061119786
A2772,data analytics course,146,3560,214.16,26,3,0.021,1033,20241102,hyderabad,desktop,analytics for data,0.04101123595505618,1.4668493150684931,4.823496451251401
A2773,data analytics course,0,5014,198.84,10,8,0.046,1474,20241114,hyderabad,tablet,learn data analytics,0.0,inf,7.412995373164353
A2774,data analytics course,111,3278,189.58,25,5,0.045,1882,9112024,hyderabad,mobile,data analytics training,0.0338621110433191,1.707927927927928,9.927207511340859
A2775,data analytics course,0,3149,213.67,14,8,0.046,1491,20241127,hyderabad,tablet,online data analytics,0.0,inf,6.978050264426453
A2776,data analytics course,195,4128,246.55,25,5,0.026,1105,20241109,hyderabad,mobile,data analytics training,0.047238372093023256,1.2643589743589745,4.48184952342324
A2777,data analytics course,149,5018,219.11,16,3,0.046,1795,20241126,hyderabad,desktop,data analytics training,0.0296931048226385,1.4705369127516779,8.192232212130893
A2778,data analytics course,194,5215,225.13,12,6,0.031,1107,20241122,hyderabad,tablet,data analytics online,0.03720038350910834,1.1604639175257732,4.917158974814551
A2779,data analytics course,191,3948,208.43,23,7,0.037,1450,20241124,hyderabad,tablet,data analytics course,0.048378926038500504,1.0912565445026179,6.956772057765197
A2780,data analytics course,196,4912,187.07,26,7,0.046,1720,4112024,hyderabad,desktop,data analytics course,0.039902280130293157,0.9544387755102041,9.194419201368472
A2781,data analytics course,182,5136,249.36,23,7,0.038,1846,20241103,hyderabad,desktop,learn data analytics,0.03543613707165109,1.3701098901098903,7.402951555983317
A2782,data analytics course,156,5674,193.18,29,10,0.046,1176,27112024,hyderabad,desktop,data analytics course,0.027493831512160734,1.2383333333333333,6.087586706698416
A2783,data analytics course,187,4674,201.41,18,9,0.048,1719,20241128,hyderabad,tablet,learn data analytics,0.04000855798031665,1.0770588235294118,8.534829452360857
A2784,data analytics course,117,4408,184.0,30,3,0.026,1239,14112024,hyderabad,tablet,online data analytics,0.026542649727767695,1.5726495726495726,6.733695652173913
A2785,data analytics course,135,5402,238.81,19,8,0.059,1648,28112024,hyderabad,mobile,learn data analytics,0.02499074416882636,1.768962962962963,6.9008835475901344
A2786,data analytics course,114,0,223.69,20,3,0.026,1845,8112024,hyderabad,desktop,data analytics training,,1.9621929824561404,8.248021815905942
A2787,data analytics course,184,5876,231.91,23,0,0.046,1018,20241111,hyderabad,desktop,data analytics course,0.031313818924438394,1.2603804347826086,4.389633909706352
A2788,data analytics course,115,5996,191.99,24,0,0.046,1822,20241120,hyderabad,mobile,data analytics course,0.019179452968645764,1.6694782608695653,9.490077608208761
A2789,data analytics course,149,3249,202.43,11,6,0.04,1027,4112024,hyderabad,desktop,analytics for data,0.04586026469682979,1.3585906040268456,5.073358691893494
A2790,data analytics course,136,4351,233.43,18,6,0.044,1299,12112024,hyderabad,tablet,online data analytics,0.031257182256952426,1.7163970588235296,5.564837424495566
A2791,data analytics course,119,5805,245.13,25,6,0.046,1122,20241113,hyderabad,tablet,online data analytics,0.02049956933677864,2.0599159663865545,4.5771631379268145
A2792,data analytics course,186,5685,197.15,18,10,0.046,1273,20241124,hyderabad,desktop,data analytics course,0.03271767810026385,1.0599462365591399,6.457012427085975
A2793,data analytics course,91,3199,196.04,27,4,0.044,1737,20241125,hyderabad,tablet,data analytics training,0.028446389496717725,2.1542857142857144,8.860436645582535
A2794,data analytics course,171,3490,180.82,11,8,0.047,1497,20241114,hyderabad,mobile,data analytics course,0.04899713467048711,1.0574269005847954,8.2789514434244
A2795,data analytics course,149,3584,199.9,21,8,0.054,1505,20241118,hyderabad,mobile,learn data analytics,0.04157366071428571,1.3416107382550335,7.5287643821910955
A2796,data analytics course,121,3757,241.14,16,3,0.04,1226,20241111,hyderabad,desktop,data analytics online,0.03220654777748203,1.992892561983471,5.084183461889359
A2797,data analytics course,189,3029,215.57,21,3,0.016,1016,20241105,hyderabad,desktop,data analytics training,0.06239683063717399,1.1405820105820106,4.713086236489308
A2798,data analytics course,183,3876,237.72,13,10,0.055,1682,20241111,hyderabad,mobile,data analytics online,0.04721362229102167,1.2990163934426229,7.0755510684839305
A2799,data analytics course,133,4622,243.63,26,5,0.038,1742,20241122,hyderabad,mobile,analytics for data,0.028775421895283426,1.8318045112781955,7.150186758609367
A2800,data analytics course,127,3249,244.01,25,5,0.039,1248,20241105,hyderabad,mobile,analytics for data,0.03908895044629117,1.9213385826771652,5.114544485881726
A2801,data analytics course,195,3372,225.57,10,9,0.046,1686,20241117,hyderabad,mobile,data analytics training,0.05782918149466192,1.1567692307692308,7.474398191248836
A2802,data analytics course,138,5452,210.45,16,8,0.052,1964,2112024,hyderabad,desktop,data analytics training,0.025311812179016874,1.525,9.332382988833453
A2803,data analytics course,134,3011,230.59,21,7,0.052,1224,16112024,hyderabad,mobile,online data analytics,0.04450348721355032,1.720820895522388,5.3081226419185565
A2804,data analytics course,110,3371,211.89,12,6,0.055,1743,20241109,hyderabad,tablet,data analytics course,0.03263126668644319,1.9262727272727271,8.225966303270566
A2805,data analytics course,186,5126,182.38,25,7,0.038,1856,20241118,hyderabad,tablet,data analytics online,0.03628560280920796,0.9805376344086021,10.176554446759514
A2806,data analytics course,191,5257,219.4,29,6,0.031,1730,20241104,hyderabad,mobile,data analytics online,0.03633250903557162,1.1486910994764399,7.8851412944393795
A2807,data analytics course,169,3475,247.16,12,3,0.018,1985,20241112,hyderabad,mobile,data analytics training,0.04863309352517985,1.4624852071005916,8.031234827642013
A2808,data analytics course,198,5447,225.49,16,5,0.025,1249,29112024,hyderabad,mobile,analytics for data,0.03635028456030843,1.138838383838384,5.539048294824604
A2809,data analytics course,184,3272,241.8,27,9,0.046,1969,20241108,hyderabad,mobile,learn data analytics,0.05623471882640587,1.3141304347826088,8.143093465674111
A2810,data analytics course,87,5221,217.08,13,9,0.103,1723,20241109,hyderabad,desktop,data analytics online,0.016663474430185787,2.4951724137931035,7.937166021743136
A2811,data analytics course,180,3099,241.32,23,5,0.028,1177,20241128,hyderabad,mobile,analytics for data,0.05808325266214908,1.3406666666666667,4.87734128957401
A2812,data analytics course,99,4229,183.7,24,8,0.081,1792,20241119,hyderabad,mobile,learn data analytics,0.023409789548356586,1.8555555555555554,9.7550353837779
A2813,data analytics course,148,4038,248.37,28,3,0.046,1549,8112024,hyderabad,mobile,online data analytics,0.03665180782565627,1.6781756756756756,6.2366630430406245
A2814,data analytics course,146,3960,213.7,29,6,0.041,1178,20241123,hyderabad,mobile,data analytics course,0.03686868686868687,1.4636986301369863,5.512400561534863
A2815,data analytics course,149,3865,198.54,14,4,0.034,1505,20241101,hyderabad,tablet,data analytics training,0.03855109961190168,1.33248322147651,7.580336456129747
A2816,data analytics course,88,3433,241.8,29,6,0.068,1654,20241120,hyderabad,mobile,learn data analytics,0.025633556655986017,2.747727272727273,6.840363937138131
A2817,data analytics course,154,3009,185.32,16,9,0.051,1433,14112024,hyderabad,mobile,data analytics online,0.0511797939514789,1.2033766233766234,7.732570688538744
A2818,data analytics course,137,4817,215.57,17,6,0.056,1720,8112024,hyderabad,mobile,data analytics course,0.02844093834336724,1.5735036496350365,7.978846778308671
A2819,data analytics course,125,5217,183.16,16,10,0.041,1245,20241103,hyderabad,tablet,learn data analytics,0.023960130343109065,1.46528,6.797335662808473
A2820,data analytics course,155,4870,191.54,23,8,0.052,1451,20241114,hyderabad,tablet,data analytics course,0.03182751540041068,1.235741935483871,7.575441161115172
A2821,data analytics course,111,5133,240.23,22,8,0.072,1555,22112024,hyderabad,desktop,online data analytics,0.02162478082992402,2.1642342342342342,6.472963410065354
A2822,data analytics course,141,3181,234.44,16,9,0.064,1628,20241121,hyderabad,desktop,data analytics training,0.044325683747249295,1.6626950354609928,6.944207473127452
A2823,data analytics course,153,4153,234.25,18,5,0.048,1368,20241124,hyderabad,tablet,data analytics course,0.036840837948470984,1.5310457516339868,5.83991462113127
A2824,data analytics course,176,0,191.11,11,4,0.059,1107,20241128,hyderabad,mobile,online data analytics,,1.0858522727272728,5.792475537648475
A2825,data analytics course,147,4250,223.33,17,3,0.02,1069,20241127,hyderabad,desktop,online data analytics,0.03458823529411765,1.5192517006802722,4.786638606546366
A2826,data analytics course,80,0,196.17,15,4,0.05,1252,20241108,hyderabad,desktop,learn data analytics,,2.4521249999999997,6.38221950349187
A2827,data analytics course,181,5783,231.16,24,4,0.022,1963,29112024,hyderabad,tablet,data analytics course,0.031298633927027496,1.2771270718232044,8.49195362519467
A2828,data analytics course,175,3792,227.98,17,8,0.046,1627,20241104,hyderabad,tablet,learn data analytics,0.04614978902953586,1.302742857142857,7.136590929028863
A2829,data analytics course,94,5919,220.26,18,8,0.055,1486,20241118,hyderabad,desktop,data analytics training,0.0158810609900321,2.343191489361702,6.746572232815764
A2830,data analytics course,119,4593,248.14,23,8,0.067,1595,20241108,hyderabad,mobile,learn data analytics,0.025908991944263007,2.0852100840336134,6.427823003143387
A2831,data analytics course,146,4308,181.7,27,9,0.046,1391,20241106,hyderabad,tablet,analytics for data,0.033890436397400185,1.2445205479452055,7.6554760594386355
A2832,data analytics course,122,4676,202.56,25,8,0.051,1368,20241107,hyderabad,tablet,data analytics course,0.026090675791274595,1.660327868852459,6.753554502369668
A2833,data analytics course,114,5832,215.57,28,4,0.035,1566,20241118,hyderabad,mobile,data analytics course,0.01954732510288066,1.8909649122807017,7.264461659785685
A2834,data analytics course,130,3637,215.57,25,7,0.046,1361,20241115,hyderabad,tablet,analytics for data,0.03574374484465218,1.6582307692307692,6.313494456557035
A2835,data analytics course,154,5533,207.61,14,8,0.035,1165,20241106,hyderabad,desktop,analytics for data,0.027833001988071572,1.3481168831168833,5.611483069216319
A2836,data analytics course,132,4320,229.38,15,5,0.038,1557,20241114,hyderabad,desktop,analytics for data,0.030555555555555555,1.7377272727272728,6.7878629348679045
A2837,data analytics course,170,3526,224.34,29,4,0.024,1969,20241101,hyderabad,desktop,analytics for data,0.04821327283040272,1.3196470588235294,8.776856557011678
A2838,data analytics course,85,5962,201.12,20,10,0.046,1728,20241125,hyderabad,mobile,data analytics course,0.014256960751425697,2.3661176470588234,8.591885441527445
A2839,data analytics course,85,3208,220.53,25,5,0.059,1426,2112024,hyderabad,desktop,analytics for data,0.02649625935162095,2.594470588235294,6.466240420804426
A2840,data analytics course,127,4477,199.34,20,3,0.024,1239,20241101,hyderabad,desktop,data analytics course,0.028367210185392004,1.5696062992125985,6.215511186916825
A2841,data analytics course,148,3207,207.16,22,9,0.061,1416,20241128,hyderabad,desktop,online data analytics,0.04614904895541004,1.3997297297297298,6.835296389264337
A2842,data analytics course,181,4269,227.56,24,4,0.046,1251,16112024,hyderabad,mobile,data analytics course,0.04239868821738112,1.2572375690607736,5.497451221655827
A2843,data analytics course,102,4512,183.01,0,5,0.049,1544,24112024,hyderabad,tablet,analytics for data,0.022606382978723406,1.7942156862745098,8.436697448226873
A2844,data analytics course,136,5249,199.26,25,9,0.059,1142,9112024,hyderabad,desktop,analytics for data,0.025909697085159077,1.4651470588235294,5.731205460202751
A2845,data analytics course,148,4881,213.23,14,4,0.046,1474,18112024,hyderabad,tablet,data analytics training,0.03032165539848392,1.4407432432432432,6.912723350372837
A2846,data analytics course,170,5385,198.13,21,7,0.045,1174,20241130,hyderabad,desktop,online data analytics,0.031569173630454965,1.165470588235294,5.925402513501236
A2847,data analytics course,152,4506,215.57,17,7,0.033,1678,12112024,hyderabad,mobile,learn data analytics,0.033732800710164226,1.4182236842105262,7.7840144732569465
A2848,data analytics course,128,4149,238.94,10,10,0.046,1306,20241113,hyderabad,mobile,data analytics course,0.030850807423475537,1.86671875,5.465807315644095
A2849,data analytics course,168,4517,228.0,27,6,0.036,1679,20241120,hyderabad,mobile,online data analytics,0.03719282709763117,1.3571428571428572,7.364035087719298
A2850,data analytics course,95,4075,225.18,26,7,0.074,1763,20241119,hyderabad,tablet,data analytics online,0.023312883435582823,2.3703157894736844,7.829292121858069
A2851,data analytics course,120,3903,197.56,0,7,0.046,1255,18112024,hyderabad,tablet,analytics for data,0.030745580322828592,1.6463333333333334,6.352500506175339
A2852,data analytics course,157,4477,191.69,20,10,0.064,1598,20241104,hyderabad,mobile,online data analytics,0.03506812597721689,1.2209554140127388,8.336376441128905
A2853,data analytics course,147,5580,230.15,15,3,0.058,1299,6112024,hyderabad,desktop,learn data analytics,0.026344086021505377,1.5656462585034014,5.644145122746035
A2854,data analytics course,161,3253,181.02,15,10,0.062,1340,20241107,hyderabad,desktop,data analytics training,0.04949277589917,1.1243478260869566,7.4024969616616945
A2855,data analytics course,187,3869,185.15,26,6,0.032,1881,20241104,hyderabad,mobile,data analytics training,0.048332902558800725,0.9901069518716578,10.159330272751822
A2856,data analytics course,177,5043,213.52,18,4,0.023,1117,28112024,hyderabad,tablet,data analytics course,0.03509815585960738,1.2063276836158192,5.231360059947546
A2857,data analytics course,165,4537,191.77,15,4,0.024,1783,20241104,hyderabad,tablet,analytics for data,0.03636764381750055,1.1622424242424243,9.297596078635866
A2858,data analytics course,146,3766,215.57,23,6,0.046,1760,20241105,hyderabad,desktop,analytics for data,0.038767923526287836,1.4765068493150684,8.164401354548406
A2859,data analytics course,126,3702,222.41,27,5,0.04,1489,30112024,hyderabad,desktop,analytics for data,0.03403565640194489,1.7651587301587301,6.694842857785171
A2860,data analytics course,110,4840,184.63,17,8,0.073,1013,20241122,hyderabad,mobile,data analytics online,0.022727272727272728,1.6784545454545454,5.486648973622922
A2861,data analytics course,97,4425,206.41,10,5,0.046,1219,16112024,hyderabad,desktop,data analytics course,0.02192090395480226,2.127938144329897,5.905721622014437
A2862,data analytics course,104,4213,202.54,21,8,0.077,1065,20241126,hyderabad,tablet,data analytics course,0.024685497270353667,1.9475,5.2582205984003165
A2863,data analytics course,176,5010,205.47,18,10,0.057,1709,20241124,hyderabad,tablet,data analytics course,0.035129740518962074,1.1674431818181819,8.31751593906653
A2864,data analytics course,91,4045,225.82,12,7,0.046,1828,20241113,hyderabad,tablet,online data analytics,0.02249690976514215,2.4815384615384612,8.09494287485608
A2865,data analytics course,167,5145,183.22,19,9,0.054,1021,20241122,hyderabad,desktop,online data analytics,0.032458697764820216,1.097125748502994,5.5725357493723395
A2866,data analytics course,132,3725,196.98,16,6,0.045,1094,20241101,hyderabad,desktop,analytics for data,0.03543624161073825,1.4922727272727272,5.553863336379328
A2867,data analytics course,93,4962,181.34,22,4,0.043,1100,20241130,hyderabad,desktop,analytics for data,0.018742442563482467,1.9498924731182796,6.065953457593471
A2868,data analytics course,149,3055,228.17,18,7,0.05,1382,20241117,hyderabad,desktop,learn data analytics,0.04877250409165303,1.5313422818791946,6.056887408511198
A2869,data analytics course,184,4425,221.83,30,6,0.033,1956,13112024,hyderabad,tablet,data analytics online,0.0415819209039548,1.2055978260869566,8.817562998692692
A2870,data analytics course,192,3755,215.57,16,4,0.021,1805,6112024,hyderabad,desktop,learn data analytics,0.051131824234354195,1.1227604166666667,8.37315025281811
A2871,data analytics course,115,4832,237.18,24,5,0.043,1737,20241123,hyderabad,tablet,data analytics online,0.023799668874172186,2.0624347826086957,7.323551732861118
A2872,data analytics course,81,3224,239.58,18,10,0.123,1229,20241127,hyderabad,tablet,online data analytics,0.02512406947890819,2.957777777777778,5.129810501711328
A2873,data analytics course,119,5809,224.5,11,7,0.059,1736,19112024,hyderabad,mobile,analytics for data,0.020485453606472716,1.8865546218487395,7.732739420935412
A2874,data analytics course,169,4027,193.86,22,4,0.033,1387,20241112,hyderabad,desktop,data analytics online,0.04196672460888999,1.1471005917159764,7.154647683895594
A2875,data analytics course,103,5900,231.39,24,10,0.097,1963,20241102,hyderabad,mobile,data analytics training,0.017457627118644067,2.246504854368932,8.483512684212801
A2876,data analytics course,90,3518,216.8,21,4,0.044,1781,23112024,hyderabad,mobile,learn data analytics,0.025582717453098352,2.408888888888889,8.214944649446494
A2877,data analytics course,184,4238,228.49,26,10,0.046,1003,20241109,hyderabad,tablet,learn data analytics,0.04341670599339311,1.2417934782608697,4.389688826644492
A2878,data analytics course,143,5160,248.04,21,10,0.038,1780,25112024,hyderabad,mobile,data analytics online,0.027713178294573645,1.7345454545454544,7.1762618932430255
A2879,data analytics course,123,4753,203.59,29,10,0.081,1959,20241115,hyderabad,mobile,data analytics training,0.025878392594151062,1.6552032520325204,9.622280072695123
A2880,data analytics course,155,4969,190.87,25,5,0.032,1807,20241128,hyderabad,tablet,data analytics training,0.031193399074260414,1.2314193548387098,9.467176612353958
A2881,data analytics course,140,4415,240.95,13,8,0.057,1579,20241112,hyderabad,mobile,data analytics training,0.031710079275198186,1.7210714285714286,6.553226810541607
A2882,data analytics course,110,3931,193.32,0,4,0.046,1088,20241114,hyderabad,mobile,data analytics training,0.027982701602645637,1.7574545454545454,5.627974343058142
A2883,data analytics course,103,4409,246.87,18,8,0.078,1136,20241124,hyderabad,desktop,online data analytics,0.023361306418689044,2.3967961165048544,4.601612184550573
A2884,data analytics course,127,5064,195.07,22,10,0.079,1521,20241116,hyderabad,mobile,learn data analytics,0.025078988941548183,1.5359842519685039,7.79720100476752
A2885,data analytics course,151,3905,191.4,20,10,0.048,1342,20241130,hyderabad,desktop,data analytics course,0.038668373879641484,1.2675496688741723,7.011494252873563
A2886,data analytics course,191,4710,214.24,15,6,0.042,1080,5112024,hyderabad,desktop,data analytics course,0.040552016985138,1.121675392670157,5.041075429424944
A2887,data analytics course,177,3869,198.88,23,4,0.046,1909,20241104,hyderabad,desktop,data analytics course,0.045748255363142934,1.1236158192090395,9.59875301689461
A2888,data analytics course,122,3760,233.47,22,7,0.057,1785,20241116,hyderabad,desktop,analytics for data,0.032446808510638296,1.913688524590164,7.645521908596393
A2889,data analytics course,99,3979,188.54,16,4,0.04,1244,20241120,hyderabad,tablet,data analytics training,0.02488062327217894,1.9044444444444444,6.5980693751988975
A2890,data analytics course,0,3027,205.67,0,7,0.046,1593,20241107,hyderabad,tablet,learn data analytics,0.0,inf,7.745417416249332
A2891,data analytics course,114,4540,185.04,10,4,0.035,1561,20241128,hyderabad,mobile,data analytics course,0.025110132158590308,1.6231578947368421,8.43601383484652
A2892,data analytics course,92,4466,244.46,18,6,0.039,1912,20241107,hyderabad,desktop,learn data analytics,0.020600089565606806,2.6571739130434784,7.821320461425182
A2893,data analytics course,0,4865,206.18,25,9,0.046,1836,8112024,hyderabad,desktop,data analytics online,0.0,inf,8.904840430691628
A2894,data analytics course,157,5890,221.53,27,0,0.046,1122,11112024,hyderabad,mobile,data analytics training,0.0266553480475382,1.4110191082802548,5.064776779668668
A2895,data analytics course,91,4010,229.84,11,6,0.046,1634,2112024,hyderabad,mobile,analytics for data,0.022693266832917707,2.525714285714286,7.109293421510616
A2896,data analytics course,91,4641,182.84,12,9,0.046,1235,20241125,hyderabad,mobile,data analytics online,0.0196078431372549,2.0092307692307694,6.754539488077007
A2897,data analytics course,99,5669,202.47,24,7,0.071,1862,11112024,hyderabad,desktop,online data analytics,0.017463397424589876,2.045151515151515,9.196424161604188
A2898,data analytics course,160,3000,201.69,28,9,0.056,1103,20241116,hyderabad,desktop,data analytics online,0.05333333333333334,1.2605625,5.4687887351876645
A2899,data analytics course,0,3979,241.3,25,10,0.046,1488,10112024,hyderabad,desktop,data analytics course,0.0,inf,6.166597596353087
A2900,data analytics course,185,0,192.6,23,5,0.027,1180,20241101,hyderabad,desktop,learn data analytics,,1.041081081081081,6.12668743509865
A2901,data analytics course,137,5049,180.58,26,3,0.022,1808,18112024,hyderabad,desktop,data analytics training,0.027134085957615368,1.318102189781022,10.012182965998448
A2902,data analytics course,159,3662,203.93,20,4,0.025,1776,20241110,hyderabad,tablet,data analytics course,0.0434188967777171,1.2825786163522013,8.708870690923355
A2903,data analytics course,155,5822,227.47,10,4,0.046,1373,20241128,hyderabad,mobile,data analytics online,0.02662315355547922,1.4675483870967743,6.03596078603772
A2904,data analytics course,103,3762,187.11,12,9,0.046,1096,20241124,hyderabad,mobile,learn data analytics,0.02737905369484317,1.816601941747573,5.8575169686280795
A2905,data analytics course,134,3647,209.89,21,7,0.032,1744,20241103,hyderabad,desktop,learn data analytics,0.03674252810529202,1.5663432835820894,8.309114297965602
A2906,data analytics course,128,3448,235.69,27,8,0.062,1373,17112024,hyderabad,desktop,data analytics course,0.037122969837587005,1.841328125,5.8254486825915395
A2907,data analytics course,156,3776,213.3,30,4,0.026,1013,20241119,hyderabad,tablet,online data analytics,0.0413135593220339,1.3673076923076923,4.749179559306142
A2908,data analytics course,154,5763,240.35,20,10,0.046,1816,25112024,hyderabad,mobile,data analytics online,0.0267221933020996,1.5607142857142857,7.555648013313918
A2909,data analytics course,176,3835,210.11,10,3,0.046,1025,5112024,hyderabad,tablet,data analytics course,0.04589308996088657,1.1938068181818182,4.878397030127076
A2910,data analytics course,0,4079,243.8,23,6,0.047,1909,20241129,hyderabad,tablet,learn data analytics,0.0,inf,7.830188679245283
A2911,data analytics course,182,4444,188.86,19,9,0.045,1555,25112024,hyderabad,desktop,data analytics course,0.04095409540954095,1.0376923076923077,8.233612199512866
A2912,data analytics course,84,3859,182.85,17,8,0.095,1145,20241109,hyderabad,mobile,data analytics training,0.021767297227260948,2.1767857142857143,6.26196335794367
A2913,data analytics course,192,3752,240.61,23,8,0.042,1504,20241113,hyderabad,desktop,data analytics course,0.0511727078891258,1.2531770833333333,6.25077926935705
A2914,data analytics course,133,5487,243.45,22,7,0.053,1059,20241118,hyderabad,desktop,data analytics online,0.024239110625113906,1.8304511278195488,4.349969192852742
A2915,data analytics course,81,4864,238.27,15,7,0.086,1278,1112024,hyderabad,desktop,analytics for data,0.01665296052631579,2.941604938271605,5.363663071305662
A2916,data analytics course,196,3834,216.22,10,3,0.046,1727,20241103,hyderabad,mobile,data analytics online,0.05112154407929056,1.1031632653061225,7.987235223383591
A2917,data analytics course,103,5859,210.86,15,7,0.068,1079,15112024,hyderabad,mobile,online data analytics,0.01757979177334016,2.0471844660194174,5.117139334155364
A2918,data analytics course,107,4428,187.08,28,8,0.075,1764,20241126,hyderabad,tablet,data analytics course,0.024164408310749775,1.7484112149532711,9.42912123155869
A2919,data analytics course,199,5649,223.62,11,4,0.02,1075,20241122,hyderabad,desktop,data analytics course,0.03522747388918392,1.1237185929648241,4.807262320007155
A2920,data analytics course,133,4116,248.26,14,3,0.033,1160,20241120,hyderabad,mobile,data analytics course,0.03231292517006803,1.8666165413533833,4.672520744380892
A2921,data analytics course,192,5026,209.89,25,9,0.046,1981,20241130,hyderabad,tablet,data analytics course,0.03820135296458416,1.0931770833333332,9.438277192815285
A2922,data analytics course,189,4969,245.1,11,9,0.046,1993,5112024,hyderabad,tablet,online data analytics,0.03803582209700141,1.2968253968253969,8.131374949000408
A2923,data analytics course,197,4441,220.84,26,6,0.03,1505,20241116,hyderabad,desktop,online data analytics,0.04435937851835172,1.121015228426396,6.814888607136388
A2924,data analytics course,142,4854,220.73,25,9,0.063,1891,20241101,hyderabad,desktop,data analytics online,0.029254223320972394,1.5544366197183097,8.567027590268655
A2925,data analytics course,0,4010,238.31,12,3,0.046,1895,20241105,hyderabad,tablet,analytics for data,0.0,inf,7.951827451638622
A2926,data analytics course,134,4790,182.49,19,5,0.06,1082,20241125,hyderabad,desktop,analytics for data,0.027974947807933193,1.3618656716417912,5.929092005041372
A2927,data analytics course,198,4953,201.7,22,8,0.046,1716,20241129,hyderabad,mobile,data analytics training,0.039975772259236826,1.0186868686868686,8.507684680218146
A2928,data analytics course,142,4818,233.74,24,5,0.043,1575,20241103,hyderabad,desktop,analytics for data,0.0294728102947281,1.646056338028169,6.738256182082655
A2929,data analytics course,91,4394,215.57,21,0,0.046,1926,20241115,hyderabad,tablet,online data analytics,0.020710059171597635,2.368901098901099,8.934452845943314
A2930,data analytics course,81,3855,185.69,21,9,0.051,1310,14112024,hyderabad,desktop,learn data analytics,0.021011673151750974,2.292469135802469,7.054768700522376
A2931,data analytics course,160,3781,241.99,23,3,0.019,1772,20241105,hyderabad,tablet,data analytics online,0.04231684739486908,1.5124375,7.322616637051118
A2932,data analytics course,106,3309,217.2,25,4,0.057,1507,20241103,hyderabad,tablet,data analytics course,0.03203384708371109,2.0490566037735847,6.9383057090239415
A2933,data analytics course,148,4930,211.01,24,6,0.058,1378,20241119,hyderabad,mobile,data analytics training,0.03002028397565923,1.425743243243243,6.530496185014928
A2934,data analytics course,83,4830,184.98,12,10,0.12,1041,20241101,hyderabad,desktop,learn data analytics,0.017184265010351966,2.2286746987951807,5.627635420045411
A2935,data analytics course,89,5422,199.91,12,6,0.067,1903,20241109,hyderabad,desktop,data analytics training,0.016414607156030984,2.2461797752808987,9.519283677654945
A2936,data analytics course,123,4658,211.76,30,3,0.024,1201,20241115,hyderabad,desktop,online data analytics,0.02640618291112065,1.7216260162601624,5.671514922553834
A2937,data analytics course,103,3249,232.85,13,4,0.039,1397,20241104,hyderabad,desktop,data analytics course,0.0317020621729763,2.2606796116504855,5.999570538973589
A2938,data analytics course,130,4393,198.66,19,7,0.054,1236,20241111,hyderabad,desktop,data analytics online,0.029592533576143866,1.5281538461538462,6.221685291452734
A2939,data analytics course,193,4953,243.75,14,3,0.016,1118,20241104,hyderabad,mobile,analytics for data,0.03896628306077125,1.2629533678756477,4.586666666666667
A2940,data analytics course,185,5208,227.26,16,4,0.022,1953,20241108,hyderabad,mobile,data analytics training,0.03552227342549923,1.2284324324324323,8.593681246149785
A2941,data analytics course,163,4114,224.8,18,8,0.046,1493,20241124,hyderabad,desktop,online data analytics,0.03962080700048615,1.3791411042944786,6.6414590747330955
A2942,data analytics course,197,3508,181.04,20,4,0.02,1824,20241116,hyderabad,mobile,data analytics training,0.056157354618015964,0.918984771573604,10.075121520106054
A2943,data analytics course,89,5733,215.33,22,9,0.101,1323,20241115,hyderabad,tablet,data analytics online,0.015524158381301239,2.419438202247191,6.144057957553522
A2944,data analytics course,99,3948,198.65,22,4,0.04,1444,20241119,hyderabad,mobile,data analytics training,0.02507598784194529,2.0065656565656567,7.269066196828593
A2945,data analytics course,110,4488,210.69,27,10,0.046,1872,20241112,hyderabad,mobile,data analytics training,0.024509803921568627,1.9153636363636364,8.88509184109355
A2946,data analytics course,124,4747,234.97,24,10,0.081,1505,20241117,hyderabad,desktop,online data analytics,0.02612176111228144,1.8949193548387098,6.405072988041026
A2947,data analytics course,120,5363,221.17,17,4,0.033,1345,20241108,hyderabad,tablet,analytics for data,0.02237553608055193,1.8430833333333332,6.081294931500656
A2948,data analytics course,97,0,184.76,25,10,0.103,1505,14112024,hyderabad,tablet,data analytics online,,1.904742268041237,8.145702533015804
A2949,data analytics course,108,5611,224.38,29,8,0.074,1886,11112024,hyderabad,mobile,analytics for data,0.019247905899126717,2.0775925925925924,8.405383724039575
A2950,data analytics course,143,4788,213.2,24,7,0.049,1359,1112024,hyderabad,desktop,analytics for data,0.029866332497911444,1.4909090909090907,6.374296435272045
A2951,data analytics course,129,5899,216.85,15,9,0.046,1574,20241130,hyderabad,desktop,data analytics course,0.021868113239532125,1.6810077519379845,7.258473599262163
A2952,data analytics course,165,4121,224.59,30,7,0.042,1569,20241103,hyderabad,mobile,data analytics course,0.04003882552778452,1.3611515151515152,6.986063493477002
A2953,data analytics course,155,5030,234.41,13,5,0.032,1113,8112024,hyderabad,mobile,online data analytics,0.030815109343936383,1.5123225806451612,4.748090951751205
A2954,data analytics course,156,3533,211.7,22,9,0.058,1399,20241110,hyderabad,mobile,data analytics course,0.04415510897254458,1.357051282051282,6.608408124704772
A2955,data analytics course,94,5751,205.37,10,9,0.096,1155,20241119,hyderabad,tablet,data analytics course,0.016344983481133717,2.1847872340425534,5.623995715050883
A2956,data analytics course,170,5484,210.28,20,9,0.053,1319,23112024,hyderabad,tablet,data analytics training,0.03099927060539752,1.2369411764705882,6.272588929046985
A2957,data analytics course,90,5457,233.5,17,9,0.1,1159,19112024,hyderabad,desktop,data analytics course,0.016492578339747113,2.5944444444444446,4.963597430406852
A2958,data analytics course,0,3314,215.57,26,10,0.046,1731,27112024,hyderabad,desktop,analytics for data,0.0,inf,8.029874286774598
A2959,data analytics course,80,5808,240.44,12,4,0.036,1542,20241116,hyderabad,desktop,data analytics online,0.013774104683195593,3.0055,6.413242388953585
A2960,data analytics course,166,5567,199.13,29,5,0.03,1474,20241108,hyderabad,mobile,learn data analytics,0.029818573738099517,1.199578313253012,7.402199568121328
A2961,data analytics course,149,5936,246.58,14,6,0.046,1396,20241101,hyderabad,desktop,learn data analytics,0.025101078167115903,1.6548993288590605,5.661448617081677
A2962,data analytics course,151,4966,223.67,15,3,0.046,1411,20241109,hyderabad,tablet,analytics for data,0.03040676600886025,1.4812582781456953,6.3084007689900305
A2963,data analytics course,186,4790,233.42,10,3,0.046,1201,20241125,hyderabad,desktop,data analytics training,0.03883089770354906,1.2549462365591397,5.145231771056465
A2964,data analytics course,143,4932,206.35,20,9,0.063,1132,22112024,hyderabad,desktop,data analytics course,0.02899432278994323,1.4430069930069929,5.4858250545190215
A2965,data analytics course,180,3991,200.43,10,10,0.056,1427,21112024,hyderabad,tablet,online data analytics,0.045101478326234026,1.1135,7.119692660779324
A2966,data analytics course,141,3306,188.29,30,9,0.041,1561,20241118,hyderabad,tablet,analytics for data,0.0426497277676951,1.3353900709219857,8.290403101598598
A2967,data analytics course,80,3432,226.03,0,9,0.113,1254,20241107,hyderabad,desktop,learn data analytics,0.023310023310023312,2.825375,5.547936114675043
A2968,data analytics course,152,4683,223.33,12,7,0.046,1697,20241118,hyderabad,tablet,data analytics course,0.032457826179799275,1.4692763157894737,7.598620874938431
A2969,data analytics course,189,3635,229.08,17,9,0.048,1225,13112024,hyderabad,tablet,online data analytics,0.051994497936726274,1.212063492063492,5.34747686397765
A2970,data analytics course,121,4638,198.88,14,6,0.046,1964,20241108,hyderabad,desktop,learn data analytics,0.02608883139284174,1.6436363636363636,9.875301689460981
A2971,data analytics course,140,5095,223.77,28,7,0.05,1233,14112024,hyderabad,tablet,learn data analytics,0.02747791952894995,1.598357142857143,5.510122000268132
A2972,data analytics course,183,5749,213.66,23,7,0.046,1187,20241122,hyderabad,mobile,online data analytics,0.03183162289093756,1.1675409836065573,5.555555555555555
A2973,data analytics course,156,3964,184.42,22,6,0.038,1893,20241130,hyderabad,tablet,online data analytics,0.039354187689202826,1.182179487179487,10.264613382496476
A2974,data analytics course,136,5645,195.55,26,4,0.029,1773,1112024,hyderabad,tablet,learn data analytics,0.02409211691762622,1.4378676470588236,9.066734850421886
A2975,data analytics course,107,5272,223.18,16,8,0.075,1110,28112024,hyderabad,desktop,learn data analytics,0.020295902883156296,2.0857943925233644,4.973563939421095
A2976,data analytics course,86,4824,231.61,20,7,0.046,1390,20241110,hyderabad,tablet,data analytics online,0.01782752902155887,2.6931395348837213,6.001467984974742
A2977,data analytics course,165,5455,191.75,30,5,0.03,1145,20241102,hyderabad,desktop,data analytics training,0.03024747937671861,1.162121212121212,5.971316818774446
A2978,data analytics course,145,3779,182.65,27,4,0.046,1364,20241124,hyderabad,tablet,analytics for data,0.03836993913733792,1.2596551724137932,7.4678346564467555
A2979,data analytics course,99,5981,243.89,16,9,0.091,1876,20241111,hyderabad,desktop,data analytics online,0.016552415983949173,2.4635353535353532,7.691992291606873
A2980,data analytics course,0,5954,216.02,27,10,0.046,1880,20241128,hyderabad,desktop,data analytics training,0.0,inf,8.702897879825942
A2981,data analytics course,139,5055,215.57,19,8,0.058,1696,29112024,hyderabad,tablet,online data analytics,0.027497527200791294,1.550863309352518,7.867514032564828
A2982,data analytics course,153,4524,224.15,20,4,0.026,1083,20241105,hyderabad,tablet,learn data analytics,0.033819628647214856,1.4650326797385622,4.831585991523533
A2983,data analytics course,184,5903,182.5,15,10,0.05,1230,20241125,hyderabad,mobile,learn data analytics,0.03117059122480095,0.9918478260869565,6.739726027397261
A2984,data analytics course,119,5050,180.57,12,8,0.067,1243,20241104,hyderabad,mobile,analytics for data,0.023564356435643564,1.5173949579831931,6.883756991748353
A2985,data analytics course,109,4816,182.9,27,8,0.046,1123,21112024,hyderabad,desktop,data analytics training,0.022632890365448504,1.6779816513761467,6.139967195188627
A2986,data analytics course,168,4070,222.99,29,7,0.046,1733,20241112,hyderabad,mobile,data analytics training,0.041277641277641275,1.3273214285714285,7.771648952867841
A2987,data analytics course,0,5827,190.93,14,3,0.046,1731,20241130,hyderabad,desktop,data analytics course,0.0,inf,9.066149897868328
A2988,data analytics course,82,4922,234.82,27,10,0.033,1556,20241117,hyderabad,desktop,data analytics training,0.016659894351889477,2.863658536585366,6.626352099480453
A2989,data analytics course,112,4277,249.65,27,3,0.046,1953,20241126,hyderabad,tablet,data analytics online,0.02618657937806874,2.2290178571428574,7.82295213298618
A2990,data analytics course,99,3418,195.91,19,10,0.101,1242,4112024,hyderabad,desktop,data analytics training,0.028964306612053833,1.978888888888889,6.33964575570415
A2991,data analytics course,89,3363,220.07,26,0,0.046,1939,20241109,hyderabad,desktop,data analytics course,0.02646446625037169,2.472696629213483,8.8108329167992
A2992,data analytics course,154,4828,233.39,24,6,0.046,1661,2112024,hyderabad,tablet,learn data analytics,0.03189726594863297,1.5155194805194805,7.11684305240156
A2993,data analytics course,155,4135,226.66,26,7,0.057,1442,20241122,hyderabad,tablet,analytics for data,0.037484885126964934,1.4623225806451612,6.361951822112415
A2994,data analytics course,188,5254,190.43,27,7,0.037,1821,16112024,hyderabad,desktop,online data analytics,0.03578226113437381,1.0129255319148938,9.562568922963818
A2995,data analytics course,83,4439,232.13,28,7,0.084,1570,19112024,hyderabad,mobile,data analytics training,0.01869790493354359,2.796746987951807,6.763451514237712
A2996,data analytics course,127,3053,183.57,10,8,0.063,1669,20241113,hyderabad,tablet,data analytics course,0.041598427775958076,1.4454330708661416,9.091899547856404
A2997,data analytics course,141,5550,213.82,0,10,0.046,1545,20241115,hyderabad,tablet,data analytics online,0.025405405405405406,1.5164539007092197,7.225703863062389
A2998,data analytics course,149,4678,241.41,11,6,0.046,1106,4112024,hyderabad,desktop,analytics for data,0.03185121846943138,1.620201342281879,4.581417505488588
A2999,data analytics course,152,3036,210.78,12,6,0.046,1074,20241110,hyderabad,tablet,data analytics online,0.05006587615283267,1.3867105263157895,5.095360091090236
A3000,data analytics course,123,5050,247.93,11,8,0.065,1755,29112024,hyderabad,tablet,analytics for data,0.024356435643564357,2.015691056910569,7.078610898237406
A3001,data analytics course,137,5057,194.11,11,6,0.044,1206,20241109,hyderabad,desktop,data analytics course,0.027091160767253313,1.4168613138686132,6.2129720261707275
A3002,data analytics course,93,5346,197.78,15,8,0.086,1036,20241115,hyderabad,tablet,data analytics online,0.01739618406285073,2.1266666666666665,5.238143391647285
A3003,data analytics course,150,5580,204.73,24,10,0.067,1505,17112024,hyderabad,tablet,data analytics course,0.026881720430107527,1.3648666666666667,7.351145411029161
A3004,data analytics course,122,3351,196.49,13,3,0.025,1362,30112024,hyderabad,desktop,data analytics course,0.03640704267382871,1.6105737704918033,6.931650465672553
A3005,data analytics course,168,3128,184.27,30,7,0.046,1957,1112024,hyderabad,tablet,data analytics course,0.05370843989769821,1.0968452380952383,10.620285450697345
A3006,data analytics course,113,0,215.57,26,8,0.071,1285,12112024,hyderabad,mobile,data analytics course,,1.9076991150442477,5.9609407617015355
A3007,data analytics course,124,5402,222.16,21,7,0.059,1091,20241127,hyderabad,desktop,data analytics training,0.022954461310625694,1.7916129032258064,4.910875045012603
A3008,data analytics course,95,4653,193.63,17,4,0.042,1688,27112024,hyderabad,desktop,data analytics course,0.02041693531055233,2.0382105263157895,8.717657387801477
A3009,data analytics course,185,4599,248.28,15,5,0.027,1673,6112024,hyderabad,desktop,data analytics online,0.04022613611654707,1.342054054054054,6.738359916223619
A3010,data analytics course,144,3120,221.66,24,0,0.046,1061,20241113,hyderabad,mobile,data analytics training,0.046153846153846156,1.5393055555555555,4.78661012361274
A3011,data analytics course,175,3521,210.11,14,9,0.051,1140,20241128,hyderabad,mobile,analytics for data,0.04970178926441352,1.2006285714285716,5.425729379848651
A3012,data analytics course,88,5823,246.67,12,9,0.102,1514,1112024,hyderabad,mobile,data analytics course,0.015112484973381418,2.8030681818181815,6.137754895204119
A3013,data analytics course,90,5569,196.6,27,4,0.053,1516,20112024,hyderabad,desktop,data analytics online,0.01616089064463997,2.1844444444444444,7.711088504577823
A3014,data analytics course,94,4255,221.06,13,5,0.053,1623,20241120,hyderabad,desktop,learn data analytics,0.02209165687426557,2.3517021276595744,7.341898127205283
A3015,data analytics course,191,4910,232.7,14,10,0.052,1080,20241103,hyderabad,tablet,analytics for data,0.03890020366598778,1.2183246073298428,4.641168886978943
A3016,data analytics course,167,5675,222.56,15,4,0.024,1862,20241117,hyderabad,tablet,analytics for data,0.029427312775330398,1.3326946107784432,8.36628324946082
A3017,data analytics course,136,3777,186.5,11,4,0.029,1027,20241105,hyderabad,mobile,learn data analytics,0.03600741329097167,1.3713235294117647,5.506702412868632
A3018,data analytics course,110,5790,215.57,23,9,0.046,1463,8112024,hyderabad,tablet,data analytics online,0.018998272884283247,1.9597272727272728,6.7866586259683634
A3019,data analytics course,171,3055,215.57,26,5,0.029,1701,20241118,hyderabad,mobile,data analytics training,0.05597381342062193,1.2606432748538012,7.890708354594795
A3020,data analytics course,134,5620,231.4,28,7,0.052,1499,20241129,hyderabad,desktop,data analytics training,0.02384341637010676,1.7268656716417912,6.477960242005186
A3021,data analytics course,170,4594,193.2,27,9,0.053,1319,27112024,hyderabad,mobile,analytics for data,0.037004788855028295,1.1364705882352941,6.82712215320911
A3022,data analytics course,151,4907,248.32,10,4,0.026,1948,23112024,hyderabad,desktop,data analytics course,0.03077236600774404,1.644503311258278,7.844716494845361
A3023,data analytics course,124,5437,180.54,29,7,0.046,1564,9112024,hyderabad,desktop,analytics for data,0.022806694868493654,1.4559677419354837,8.662900188323917
A3024,data analytics course,88,4794,242.28,11,3,0.034,1210,20241107,hyderabad,mobile,data analytics training,0.01835627868168544,2.7531818181818184,4.9942215618292884
A3025,data analytics course,118,5326,199.76,19,8,0.068,1195,20241124,hyderabad,tablet,analytics for data,0.022155463762673678,1.6928813559322033,5.982178614337205
A3026,data analytics course,160,5642,200.82,25,0,0.046,1505,29112024,hyderabad,mobile,learn data analytics,0.02835873803615739,1.255125,7.494273478737178
A3027,data analytics course,112,4594,236.12,29,8,0.071,1569,23112024,hyderabad,mobile,data analytics training,0.024379625598606878,2.108214285714286,6.644926308656615
A3028,data analytics course,186,4352,223.95,29,3,0.016,1290,6112024,hyderabad,mobile,data analytics training,0.042738970588235295,1.204032258064516,5.760214333556598
A3029,data analytics course,139,4220,206.02,21,5,0.036,1671,20241121,hyderabad,desktop,learn data analytics,0.03293838862559242,1.482158273381295,8.110863023007475
A3030,data analytics course,164,4909,245.06,13,3,0.045,1601,4112024,hyderabad,mobile,learn data analytics,0.03340802607455694,1.494268292682927,6.533093936178895
A3031,data analytics course,89,3148,219.25,13,4,0.045,1533,20241106,hyderabad,desktop,data analytics online,0.028271918678526048,2.4634831460674156,6.992018244013683
A3032,data analytics course,107,3105,195.46,20,10,0.037,1455,20241119,hyderabad,mobile,data analytics online,0.03446054750402577,1.826728971962617,7.443978307582114
A3033,data analytics course,179,5062,214.66,18,4,0.05,1815,24112024,hyderabad,mobile,data analytics course,0.03536151718688266,1.199217877094972,8.45523152892947
A3034,data analytics course,136,4096,228.79,19,10,0.039,1054,20241126,hyderabad,desktop,data analytics training,0.033203125,1.6822794117647057,4.606844704751082
A3035,data analytics course,140,4283,205.02,22,7,0.046,1674,20241111,hyderabad,mobile,data analytics course,0.03268736866682232,1.4644285714285714,8.16505706760316
A3036,data analytics course,137,4189,208.84,17,0,0.046,1211,20241109,hyderabad,mobile,online data analytics,0.03270470279302936,1.5243795620437957,5.798697567515801
A3037,data analytics course,199,4818,230.19,11,7,0.038,1714,20241108,hyderabad,desktop,online data analytics,0.041303445413034455,1.1567336683417084,7.4460228506885615
A3038,data analytics course,95,5256,235.84,12,8,0.052,1324,20241124,hyderabad,mobile,data analytics training,0.018074581430745813,2.4825263157894737,5.613975576662144
A3039,data analytics course,182,3980,191.75,16,5,0.027,1050,20241108,hyderabad,tablet,online data analytics,0.0457286432160804,1.0535714285714286,5.475880052151239
A3040,data analytics course,132,4359,237.12,29,3,0.046,1872,1112024,hyderabad,mobile,online data analytics,0.030282174810736407,1.7963636363636364,7.894736842105263
A3041,data analytics course,139,5326,241.7,29,5,0.036,1423,8112024,hyderabad,mobile,analytics for data,0.02609838527975967,1.7388489208633093,5.887463798096815
A3042,data analytics course,134,5614,220.52,14,6,0.036,1505,15112024,hyderabad,desktop,data analytics online,0.02386889918061988,1.6456716417910449,6.82477779793216
A3043,data analytics course,166,3746,213.81,16,5,0.03,1750,20241108,hyderabad,mobile,data analytics online,0.04431393486385478,1.288012048192771,8.18483700481736
A3044,data analytics course,121,5608,219.92,19,4,0.049,1209,20241114,hyderabad,tablet,data analytics training,0.021576319543509272,1.8175206611570247,5.497453619498
A3045,data analytics course,173,4582,204.99,17,5,0.029,1703,20241121,hyderabad,desktop,data analytics training,0.03775643823657791,1.184913294797688,8.307722327918434
A3046,data analytics course,132,4438,232.68,24,7,0.046,1959,20241109,hyderabad,desktop,analytics for data,0.029743127534925643,1.7627272727272727,8.419288292934501
A3047,data analytics course,136,5011,236.62,25,5,0.037,1582,20241103,hyderabad,mobile,data analytics course,0.027140291359010176,1.7398529411764707,6.685825374017412
A3048,data analytics course,174,5864,190.45,26,5,0.045,1508,20241127,hyderabad,mobile,data analytics training,0.029672578444747612,1.0945402298850575,7.918088737201366
A3049,data analytics course,168,5114,186.75,10,3,0.018,1530,20241118,hyderabad,desktop,online data analytics,0.032850997262416894,1.1116071428571428,8.19277108433735
A3050,data analytics course,117,5658,191.48,13,3,0.032,1779,20241125,hyderabad,mobile,learn data analytics,0.020678685047720042,1.6365811965811965,9.290787549613537
A3051,data analytics course,187,4876,192.2,16,5,0.027,1396,20241109,hyderabad,tablet,analytics for data,0.038351107465135356,1.027807486631016,7.263267429760666
A3052,data analytics course,0,5139,212.2,20,10,0.046,1613,20241118,hyderabad,tablet,online data analytics,0.0,inf,7.601319509896324
A3053,data analytics course,0,5470,210.97,0,7,0.046,1928,20241121,hyderabad,desktop,data analytics online,0.0,inf,9.138740105228232
A3054,data analytics course,112,5143,242.96,18,3,0.027,1029,7112024,hyderabad,mobile,data analytics training,0.02177717285630955,2.1692857142857145,4.2352650642081
A3055,data analytics course,124,0,209.92,15,4,0.032,1505,20241125,hyderabad,desktop,data analytics online,,1.6929032258064516,7.169397865853659
A3056,data analytics course,132,4769,236.41,15,4,0.03,1505,26112024,hyderabad,tablet,analytics for data,0.027678758649612077,1.7909848484848485,6.366058965356795
A3057,data analytics course,167,3366,213.02,28,4,0.059,1159,20241114,hyderabad,mobile,data analytics course,0.04961378490790255,1.275568862275449,5.440803680405596
A3058,data analytics course,165,5228,199.73,27,3,0.04,1829,5112024,hyderabad,mobile,analytics for data,0.031560826319816375,1.2104848484848485,9.157362439293045
A3059,data analytics course,108,4266,220.02,24,5,0.046,1282,23112024,hyderabad,mobile,data analytics training,0.02531645569620253,2.0372222222222223,5.826743023361512
A3060,data analytics course,182,5102,226.22,16,10,0.06,1600,20241107,hyderabad,mobile,data analytics course,0.03567228537828303,1.242967032967033,7.07276102908673
A3061,data analytics course,91,3787,226.17,26,8,0.088,1493,10112024,hyderabad,tablet,data analytics course,0.024029574861367836,2.485384615384615,6.601229163903259
A3062,data analytics course,194,4598,233.86,25,4,0.046,1565,5112024,hyderabad,tablet,data analytics online,0.04219225750326229,1.2054639175257733,6.6920379714359015
A3063,data analytics course,189,5404,218.41,17,10,0.053,1418,20241124,hyderabad,mobile,learn data analytics,0.034974093264248704,1.1556084656084655,6.492376722677533
A3064,data analytics course,85,4432,214.79,22,7,0.082,1262,23112024,hyderabad,tablet,data analytics online,0.01917870036101083,2.5269411764705882,5.87550630848736
A3065,data analytics course,162,4016,224.48,28,10,0.041,1060,20241119,hyderabad,mobile,data analytics training,0.04033864541832669,1.385679012345679,4.722024233784747
A3066,data analytics course,0,5379,248.46,28,5,0.046,1881,27112024,hyderabad,desktop,online data analytics,0.0,inf,7.570635112291717
A3067,data analytics course,88,5093,222.28,13,9,0.05,1185,9112024,hyderabad,desktop,online data analytics,0.017278617710583154,2.525909090909091,5.3311139103833005
A3068,data analytics course,121,5092,219.15,21,6,0.05,1864,20241104,hyderabad,desktop,analytics for data,0.02376276512175962,1.8111570247933886,8.505589778690394
A3069,data analytics course,81,3015,218.69,10,7,0.086,1550,20241127,hyderabad,desktop,learn data analytics,0.026865671641791045,2.6998765432098764,7.087658329141708
A3070,data analytics course,125,3745,206.93,24,3,0.024,1619,20241108,hyderabad,tablet,data analytics course,0.03337783711615487,1.65544,7.823901802541922
A3071,data analytics course,188,5046,202.52,18,10,0.06,1625,20241105,hyderabad,tablet,online data analytics,0.0372572334522394,1.0772340425531914,8.023898874185265
A3072,data analytics course,99,4032,186.45,19,5,0.046,1074,20241103,hyderabad,desktop,data analytics course,0.024553571428571428,1.8833333333333333,5.760257441673371
A3073,data analytics course,170,3879,245.0,29,0,0.046,1202,20241126,hyderabad,tablet,data analytics course,0.04382572828048466,1.4411764705882353,4.906122448979592
A3074,data analytics course,105,4968,188.38,14,5,0.046,1135,20241121,hyderabad,tablet,learn data analytics,0.021135265700483092,1.794095238095238,6.025055738401104
A3075,data analytics course,173,5872,190.3,24,5,0.029,1953,26112024,hyderabad,tablet,data analytics online,0.029461852861035424,1.1,10.26274303730951
A3076,data analytics course,186,3058,230.71,27,7,0.038,1505,23112024,hyderabad,mobile,analytics for data,0.060824068018312624,1.2403763440860216,6.523340990854319
A3077,data analytics course,143,3109,246.92,22,5,0.035,1589,13112024,hyderabad,tablet,learn data analytics,0.0459954969443551,1.7267132867132866,6.435282682650252
A3078,data analytics course,124,5415,217.55,0,4,0.032,1258,27112024,hyderabad,desktop,data analytics online,0.022899353647276084,1.754435483870968,5.7825787175361985
A3079,data analytics course,154,5633,245.95,29,7,0.035,1604,20241103,hyderabad,tablet,learn data analytics,0.027338895792650454,1.597077922077922,6.521650742020737
A3080,data analytics course,85,5402,191.95,18,7,0.082,1002,26112024,hyderabad,desktop,data analytics training,0.015734912995186968,2.258235294117647,5.2201094034904925
A3081,data analytics course,167,4059,209.18,17,4,0.024,1742,16112024,hyderabad,tablet,learn data analytics,0.04114313870411431,1.2525748502994012,8.327755999617555
A3082,data analytics course,139,3172,227.83,20,10,0.072,1130,28112024,hyderabad,tablet,analytics for data,0.04382093316519546,1.6390647482014389,4.959838476056708
A3083,data analytics course,193,5716,224.53,19,9,0.047,1167,20241113,hyderabad,desktop,online data analytics,0.03376487053883835,1.1633678756476684,5.197523716207188
A3084,data analytics course,127,4816,245.25,23,3,0.049,1985,7112024,hyderabad,tablet,learn data analytics,0.026370431893687707,1.9311023622047243,8.093781855249745
A3085,data analytics course,80,3742,247.16,0,10,0.055,1686,20241108,hyderabad,tablet,analytics for data,0.021378941742383754,3.0895,6.8214921508334685
A3086,data analytics course,174,4469,215.98,14,8,0.046,1619,20241107,hyderabad,desktop,online data analytics,0.03893488476169165,1.241264367816092,7.496064450412075
A3087,data analytics course,127,3454,209.19,19,10,0.058,1937,20241105,hyderabad,desktop,data analytics training,0.03676896352055588,1.6471653543307085,9.259524833883074
A3088,data analytics course,151,3702,245.02,22,9,0.06,1983,4112024,hyderabad,tablet,learn data analytics,0.040788762830902214,1.6226490066225165,8.093216880254673
A3089,data analytics course,113,4258,232.25,16,10,0.088,1374,20241124,hyderabad,mobile,online data analytics,0.026538280883043684,2.0553097345132745,5.916038751345533
A3090,data analytics course,159,4047,205.62,24,3,0.05,1177,9112024,hyderabad,tablet,analytics for data,0.039288361749444035,1.2932075471698115,5.724151347145219
A3091,data analytics course,197,3319,215.83,26,10,0.051,1342,18112024,hyderabad,desktop,analytics for data,0.059355227478156074,1.0955837563451778,6.217856646434694
A3092,data analytics course,106,5661,181.96,17,3,0.028,1250,20241111,hyderabad,desktop,data analytics online,0.018724606959901077,1.7166037735849058,6.869641679489997
A3093,data analytics course,143,4914,222.69,12,7,0.05,1280,12112024,hyderabad,desktop,analytics for data,0.0291005291005291,1.5572727272727274,5.747900669091562
A3094,data analytics course,111,5382,219.59,29,5,0.032,1464,20241125,hyderabad,desktop,analytics for data,0.020624303232998884,1.9782882882882884,6.666970262762421
A3095,data analytics course,98,5898,186.46,20,6,0.038,1505,20241109,hyderabad,mobile,data analytics online,0.016615801966768397,1.9026530612244898,8.07143623297222
A3096,data analytics course,98,3967,214.51,12,5,0.051,1180,20241108,hyderabad,desktop,analytics for data,0.024703806402823294,2.188877551020408,5.5009090485292065
A3097,data analytics course,109,3089,190.0,0,7,0.038,1779,20241101,hyderabad,tablet,data analytics online,0.03528650048559404,1.7431192660550459,9.363157894736842
A3098,data analytics course,168,3219,193.16,12,7,0.037,1395,20241123,hyderabad,mobile,online data analytics,0.0521901211556384,1.1497619047619048,7.221992130875958
A3099,data analytics course,127,4039,247.92,20,8,0.063,1505,20241127,hyderabad,mobile,learn data analytics,0.03144342659074028,1.9521259842519685,6.070506615037109
A3100,data analytics course,136,4051,194.29,25,5,0.046,1505,20241128,hyderabad,tablet,learn data analytics,0.03357195754134781,1.4286029411764705,7.746152658397242
A3101,data analytics course,173,5270,233.33,11,7,0.04,1783,16112024,hyderabad,desktop,analytics for data,0.03282732447817837,1.348728323699422,7.641537736253374
A3102,data analytics course,184,3239,221.33,25,10,0.054,1557,20241104,hyderabad,desktop,online data analytics,0.05680765668416178,1.2028804347826088,7.034744499164144
A3103,data analytics course,174,4054,201.25,15,7,0.046,1514,23112024,hyderabad,mobile,learn data analytics,0.04292057227429699,1.1566091954022988,7.522981366459628
A3104,data analytics course,196,5448,232.55,30,8,0.041,1694,20241114,hyderabad,desktop,learn data analytics,0.035976505139500736,1.1864795918367348,7.284454955923457
A3105,data analytics course,193,0,238.8,20,5,0.04,1327,20241102,hyderabad,mobile,data analytics training,,1.2373056994818654,5.556951423785595
A3106,data analytics course,97,3937,197.37,14,10,0.103,1160,20241122,hyderabad,tablet,learn data analytics,0.024638049276098552,2.0347422680412373,5.877286315042813
A3107,data analytics course,128,4175,200.11,12,10,0.059,1599,20241120,hyderabad,desktop,data analytics online,0.03065868263473054,1.563359375,7.990605167158063
A3108,data analytics course,143,5780,237.51,24,4,0.054,1440,15112024,hyderabad,mobile,data analytics online,0.024740484429065745,1.660909090909091,6.062902614626752
A3109,data analytics course,0,3809,202.28,17,9,0.059,1031,20241117,hyderabad,desktop,data analytics course,0.0,inf,5.096895392525212
A3110,data analytics course,83,3684,203.47,0,0,0.046,1805,17112024,hyderabad,tablet,data analytics course,0.02252985884907709,2.45144578313253,8.8710866466801
A3111,data analytics course,189,3226,236.68,14,6,0.032,1364,20241106,hyderabad,tablet,analytics for data,0.058586484810911346,1.2522751322751322,5.763055602501267
A3112,data analytics course,165,4978,180.25,12,4,0.058,1123,14112024,hyderabad,tablet,online data analytics,0.03314584170349538,1.0924242424242425,6.230235783633842
A3113,data analytics course,172,5041,189.31,22,10,0.046,1645,20241107,hyderabad,mobile,data analytics training,0.034120214243205715,1.100639534883721,8.68945116475622
A3114,data analytics course,183,4124,186.66,24,6,0.033,1183,20241128,hyderabad,tablet,data analytics course,0.04437439379243453,1.02,6.337726347369549
A3115,data analytics course,196,3143,238.22,28,7,0.036,1234,20241108,hyderabad,mobile,data analytics online,0.062360801781737196,1.2154081632653062,5.1800856351271936
A3116,data analytics course,98,4505,209.36,27,5,0.046,1186,29112024,hyderabad,tablet,learn data analytics,0.021753607103218647,2.136326530612245,5.664883454337026
A3117,data analytics course,158,3736,226.99,11,8,0.046,1606,20241129,hyderabad,tablet,data analytics training,0.04229122055674518,1.4366455696202531,7.075201550729107
A3118,data analytics course,104,5949,216.6,28,4,0.038,1102,10112024,hyderabad,mobile,analytics for data,0.0174819297360901,2.082692307692308,5.087719298245614
A3119,data analytics course,84,4625,226.02,13,5,0.046,1969,14112024,hyderabad,desktop,online data analytics,0.01816216216216216,2.690714285714286,8.711618440845943
A3120,data analytics course,128,5022,188.96,26,6,0.047,1108,20241102,hyderabad,mobile,data analytics training,0.025487853444842692,1.47625,5.863674851820491
A3121,data analytics course,99,5483,180.04,0,5,0.05,1687,4112024,hyderabad,desktop,analytics for data,0.018055808863760715,1.8185858585858585,9.370139968895801
A3122,data analytics course,107,5491,217.98,17,10,0.093,1480,11112024,hyderabad,mobile,online data analytics,0.019486432343835368,2.0371962616822428,6.789613726029911
A3123,data analytics course,86,4078,208.92,26,3,0.035,1698,20241106,hyderabad,mobile,data analytics course,0.021088769004413928,2.429302325581395,8.127512923607123
A3124,data analytics course,0,3052,245.45,24,6,0.046,1769,20241128,hyderabad,desktop,data analytics online,0.0,inf,7.207170503157466
A3125,data analytics course,88,3708,225.76,10,5,0.036,1667,12112024,hyderabad,tablet,data analytics training,0.023732470334412083,2.5654545454545454,7.383947554925585
A3126,data analytics course,141,5314,184.34,29,10,0.071,1271,20241119,hyderabad,mobile,online data analytics,0.026533684606699286,1.3073758865248226,6.894868178366062
A3127,data analytics course,193,3566,212.73,19,7,0.036,1311,20241104,hyderabad,desktop,data analytics online,0.05412226584408301,1.1022279792746112,6.16274150331406
A3128,data analytics course,185,4839,193.99,26,6,0.032,1492,4112024,hyderabad,desktop,data analytics training,0.038231039470965074,1.0485945945945947,7.691118098871075
A3129,data analytics course,117,5145,244.44,12,8,0.068,1505,10112024,hyderabad,mobile,data analytics online,0.022740524781341108,2.089230769230769,6.156930126002291
A3130,data analytics course,147,4371,243.04,26,9,0.061,1776,20241118,hyderabad,desktop,online data analytics,0.033630748112560054,1.6533333333333333,7.307439104674128
A3131,data analytics course,197,5697,243.72,13,3,0.046,1154,6112024,hyderabad,mobile,learn data analytics,0.03457960329998245,1.2371573604060913,4.7349417364188415
A3132,data analytics course,81,3096,228.47,22,3,0.037,1386,20241122,hyderabad,tablet,analytics for data,0.02616279069767442,2.820617283950617,6.066441983630236
A3133,data analytics course,198,4163,218.64,11,6,0.03,1904,30112024,hyderabad,tablet,learn data analytics,0.04756185443190007,1.1042424242424242,8.708379070618369
A3134,data analytics course,155,5150,224.6,24,7,0.039,1146,20241104,hyderabad,tablet,data analytics course,0.030097087378640777,1.449032258064516,5.102404274265361
A3135,data analytics course,181,3948,223.51,17,4,0.057,1075,10112024,hyderabad,mobile,analytics for data,0.04584599797365755,1.2348618784530385,4.809628204554606
A3136,data analytics course,108,3126,248.94,12,3,0.028,1942,20241116,hyderabad,tablet,analytics for data,0.0345489443378119,2.305,7.801076564634048
A3137,data analytics course,114,5551,195.44,30,5,0.044,1255,20241115,hyderabad,tablet,analytics for data,0.020536840208971358,1.7143859649122808,6.421408104789194
A3138,data analytics course,146,5712,221.73,26,5,0.046,1201,20241112,hyderabad,mobile,analytics for data,0.025560224089635854,1.5186986301369862,5.416497542055653
A3139,data analytics course,89,4175,194.22,11,3,0.055,1370,20241122,hyderabad,desktop,data analytics training,0.021317365269461076,2.182247191011236,7.053856451446813
A3140,data analytics course,82,0,215.57,30,8,0.098,1511,17112024,hyderabad,desktop,learn data analytics,,2.6289024390243902,7.009324117456047
A3141,data analytics course,98,5728,230.52,14,10,0.046,1322,7112024,hyderabad,mobile,data analytics training,0.017108938547486033,2.3522448979591837,5.7348603158077385
A3142,data analytics course,87,3161,244.49,24,8,0.092,1161,20241106,hyderabad,tablet,data analytics online,0.027522935779816515,2.8102298850574714,4.748660476911121
A3143,data analytics course,146,4773,248.27,30,6,0.041,1304,20241101,hyderabad,tablet,online data analytics,0.030588728263146868,1.7004794520547946,5.2523462359527935
A3144,data analytics course,0,3385,208.31,25,10,0.046,1972,20241116,hyderabad,mobile,analytics for data,0.0,inf,9.466660265949786
A3145,data analytics course,122,5600,223.06,12,3,0.025,1061,20241118,hyderabad,tablet,learn data analytics,0.021785714285714287,1.828360655737705,4.756567739621627
A3146,data analytics course,153,4218,228.36,16,7,0.046,1178,3112024,hyderabad,mobile,data analytics online,0.03627311522048364,1.4925490196078433,5.158521632510071
A3147,data analytics course,108,3358,184.1,28,4,0.037,1888,20241116,hyderabad,desktop,analytics for data,0.03216200119118523,1.7046296296296295,10.255296034763715
A3148,data analytics course,147,3021,200.17,20,4,0.027,1718,18112024,hyderabad,mobile,analytics for data,0.04865938430983118,1.3617006802721088,8.582704701004147
A3149,data analytics course,121,4477,224.77,28,10,0.083,1604,17112024,hyderabad,tablet,data analytics online,0.02702702702702703,1.857603305785124,7.136183654402277
A3150,data analytics course,112,4073,180.24,30,4,0.046,1628,20241112,hyderabad,tablet,data analytics training,0.027498158605450528,1.6092857142857144,9.032401242787394
A3151,data analytics course,127,5172,204.19,10,4,0.031,1183,20241120,hyderabad,mobile,data analytics online,0.024555297757153906,1.6077952755905511,5.7936235858759
A3152,data analytics course,192,5896,201.18,30,9,0.05,1589,30112024,hyderabad,desktop,data analytics course,0.032564450474898234,1.0478125,7.89839944328462
A3153,data analytics course,174,3427,223.77,20,7,0.036,1293,15112024,hyderabad,desktop,analytics for data,0.050773271082579514,1.2860344827586208,5.778254457702104
A3154,data analytics course,166,4176,243.1,16,9,0.041,1147,20241124,hyderabad,desktop,learn data analytics,0.03975095785440613,1.4644578313253012,4.718222953517071
A3155,data analytics course,98,5835,232.82,19,6,0.046,1989,20241102,hyderabad,mobile,data analytics online,0.016795201371036846,2.3757142857142854,8.543080491366721
A3156,data analytics course,191,5438,244.1,19,5,0.046,1203,20241108,hyderabad,tablet,learn data analytics,0.03512320706141964,1.2780104712041884,4.928308070462925
A3157,data analytics course,89,4936,199.91,16,4,0.059,1543,20241114,hyderabad,desktop,data analytics course,0.018030794165316045,2.2461797752808987,7.718473312990846
A3158,data analytics course,180,3526,215.57,15,7,0.039,1336,20241116,hyderabad,mobile,online data analytics,0.05104934770277935,1.1976111111111112,6.1975228464072
A3159,data analytics course,91,5509,186.22,29,5,0.055,1928,20241102,hyderabad,mobile,learn data analytics,0.016518424396442185,2.0463736263736263,10.353345505316293
A3160,data analytics course,114,5748,184.76,16,8,0.07,1490,20241121,hyderabad,desktop,data analytics online,0.019832985386221295,1.6207017543859648,8.064516129032258
A3161,data analytics course,80,5155,217.3,28,5,0.046,1316,12112024,hyderabad,tablet,data analytics course,0.015518913676042677,2.71625,6.056143580303727
A3162,data analytics course,127,4537,247.11,17,7,0.043,1451,20241118,hyderabad,tablet,analytics for data,0.02799206524134891,1.9457480314960631,5.871878920318886
A3163,data analytics course,84,5468,227.36,13,4,0.048,1228,20241126,hyderabad,tablet,data analytics course,0.015362106803218726,2.706666666666667,5.40112596762843
A3164,data analytics course,182,4390,239.33,11,7,0.052,1799,20241127,hyderabad,tablet,data analytics training,0.04145785876993166,1.3150000000000002,7.516817782977478
A3165,data analytics course,105,5883,180.07,20,4,0.038,1586,20241105,hyderabad,mobile,data analytics course,0.017848036715961243,1.7149523809523808,8.807685899927806
A3166,data analytics course,162,3120,245.58,30,6,0.037,1952,6112024,hyderabad,mobile,data analytics training,0.051923076923076926,1.515925925925926,7.948530010587181
A3167,data analytics course,118,4377,219.81,21,4,0.034,1290,20241114,hyderabad,desktop,analytics for data,0.02695910440941284,1.8627966101694915,5.868704790500887
A3168,data analytics course,131,5719,183.69,12,7,0.053,1555,23112024,hyderabad,mobile,data analytics training,0.02290610246546599,1.4022137404580153,8.46534922968044
A3169,data analytics course,116,4250,186.34,12,3,0.026,1043,20241130,hyderabad,desktop,analytics for data,0.027294117647058823,1.6063793103448276,5.597295266716754
A3170,data analytics course,80,5648,239.26,10,6,0.075,1005,20241120,hyderabad,mobile,data analytics course,0.014164305949008499,2.99075,4.200451391791357
A3171,data analytics course,81,3394,187.24,12,6,0.074,1227,12112024,hyderabad,tablet,data analytics course,0.023865645256334708,2.311604938271605,6.5530869472334965
A3172,data analytics course,189,5117,197.9,20,8,0.042,1710,28112024,hyderabad,mobile,analytics for data,0.036935704514363885,1.047089947089947,8.640727640222334
A3173,data analytics course,128,3861,232.11,30,10,0.046,1636,18112024,hyderabad,tablet,data analytics course,0.033152033152033154,1.813359375,7.048382232562147
A3174,data analytics course,182,3303,238.4,17,4,0.022,1695,20241105,hyderabad,desktop,data analytics online,0.05510142294883439,1.30989010989011,7.10989932885906
A3175,data analytics course,124,4192,184.42,12,6,0.048,1505,5112024,hyderabad,tablet,data analytics course,0.029580152671755726,1.4872580645161289,8.160720095434336
A3176,data analytics course,137,3720,237.22,24,5,0.036,1811,10112024,hyderabad,mobile,online data analytics,0.03682795698924731,1.7315328467153284,7.634263552820167
A3177,data analytics course,106,5789,183.62,19,3,0.028,1838,20241116,hyderabad,desktop,data analytics online,0.018310589048194853,1.7322641509433963,10.009802853719638
A3178,data analytics course,102,5113,206.65,27,6,0.059,1466,20241119,hyderabad,mobile,data analytics course,0.01994914922745942,2.0259803921568627,7.094120493588193
A3179,data analytics course,155,3234,204.47,12,4,0.026,1401,20241116,hyderabad,desktop,learn data analytics,0.0479282622139765,1.3191612903225807,6.851860908690761
A3180,data analytics course,85,3088,234.24,24,4,0.047,1210,20241107,hyderabad,tablet,analytics for data,0.027525906735751296,2.755764705882353,5.165642076502732
A3181,data analytics course,126,5114,233.27,30,5,0.046,1197,15112024,hyderabad,tablet,data analytics online,0.024638247946812672,1.8513492063492065,5.13139280661894
A3182,data analytics course,96,5070,210.63,27,10,0.104,1653,20241118,hyderabad,tablet,online data analytics,0.01893491124260355,2.1940625,7.847884916678536
A3183,data analytics course,128,4445,200.52,14,4,0.031,1861,20241105,hyderabad,tablet,learn data analytics,0.028796400449943756,1.5665625,9.280869738679433
A3184,data analytics course,151,3656,199.96,26,7,0.051,1566,20241117,hyderabad,desktop,online data analytics,0.0413019693654267,1.3242384105960265,7.831566313262652
A3185,data analytics course,95,3583,223.37,22,9,0.033,1821,29112024,hyderabad,desktop,online data analytics,0.026514094334356683,2.3512631578947367,8.152392890719433
A3186,data analytics course,193,4790,247.69,23,5,0.026,1687,24112024,hyderabad,mobile,data analytics online,0.04029227557411273,1.2833678756476683,6.810933021115104
A3187,data analytics course,90,3235,211.4,29,10,0.111,1290,20241119,hyderabad,tablet,analytics for data,0.027820710973724884,2.348888888888889,6.102175969725638
A3188,data analytics course,175,3832,245.61,27,5,0.029,1388,20241126,hyderabad,desktop,data analytics online,0.045668058455114825,1.4034857142857144,5.6512356988721955
A3189,data analytics course,153,4261,230.25,27,7,0.046,1027,20241105,hyderabad,desktop,analytics for data,0.03590706406946726,1.5049019607843137,4.460369163952226
A3190,data analytics course,103,4796,180.64,26,7,0.046,1102,20241103,hyderabad,mobile,data analytics training,0.021476230191826522,1.7537864077669902,6.1005314437555365
A3191,data analytics course,102,5229,208.55,30,5,0.049,1065,20241115,hyderabad,mobile,analytics for data,0.019506597819850834,2.044607843137255,5.106689043394869
A3192,data analytics course,199,3754,220.16,26,0,0.045,1262,20241120,hyderabad,tablet,data analytics course,0.05301012253596164,1.1063316582914573,5.732194767441861
A3193,data analytics course,96,4851,229.12,27,6,0.046,1271,20241103,hyderabad,tablet,data analytics training,0.019789734075448363,2.3866666666666667,5.547311452513966
A3194,data analytics course,107,4816,243.41,20,5,0.046,1505,20241125,hyderabad,tablet,data analytics course,0.022217607973421927,2.2748598130841122,6.1829834435725735
A3195,data analytics course,170,5404,218.24,24,5,0.046,1818,29112024,hyderabad,desktop,data analytics online,0.03145817912657291,1.283764705882353,8.330278592375366
A3196,data analytics course,145,3068,237.7,24,7,0.046,1494,20241119,hyderabad,mobile,data analytics course,0.04726205997392438,1.639310344827586,6.285233487589399
A3197,data analytics course,148,5877,213.84,25,8,0.046,1371,18112024,hyderabad,desktop,learn data analytics,0.025182916453973116,1.444864864864865,6.4113355780022445
A3198,data analytics course,141,4188,228.12,16,9,0.046,1204,30112024,hyderabad,desktop,data analytics online,0.0336676217765043,1.617872340425532,5.277923899701912
A3199,data analytics course,89,5676,183.58,14,0,0.046,1254,20241116,hyderabad,mobile,data analytics online,0.015680056377730796,2.0626966292134834,6.8308094563677955
A3200,data analytics course,140,4677,223.74,20,9,0.064,1610,20241104,hyderabad,mobile,learn data analytics,0.029933718195424418,1.5981428571428573,7.1958523285956915
A3201,data analytics course,135,3793,190.88,24,9,0.053,1505,20241119,hyderabad,desktop,data analytics online,0.03559187977853941,1.4139259259259258,7.884534786253144
A3202,data analytics course,105,3548,216.8,30,7,0.054,1663,14112024,hyderabad,tablet,learn data analytics,0.02959413754227734,2.064761904761905,7.670664206642066
A3203,data analytics course,119,5944,225.75,24,0,0.046,1516,13112024,hyderabad,tablet,analytics for data,0.020020188425302825,1.8970588235294117,6.715393133997785
A3204,data analytics course,128,4662,187.28,23,9,0.046,1710,20241113,hyderabad,desktop,data analytics training,0.027456027456027456,1.463125,9.130713370354549
A3205,data analytics course,120,4453,240.34,23,8,0.067,1452,20241126,hyderabad,tablet,online data analytics,0.026948124859645182,2.0028333333333332,6.041441291503703
A3206,data analytics course,163,5052,234.73,24,6,0.046,1848,17112024,hyderabad,mobile,online data analytics,0.032264449722882026,1.4400613496932515,7.8728752183359605
A3207,data analytics course,94,4457,246.18,14,6,0.053,1492,20241115,hyderabad,tablet,data analytics online,0.021090419564729637,2.618936170212766,6.0606060606060606
A3208,data analytics course,0,5528,185.93,21,5,0.045,1719,15112024,hyderabad,mobile,data analytics training,0.0,inf,9.245414941106867
A3209,data analytics course,146,4474,190.94,18,10,0.046,1872,20241107,hyderabad,tablet,data analytics online,0.03263299061242736,1.3078082191780822,9.80412695087462
A3210,data analytics course,193,5129,243.78,13,10,0.052,1583,20241106,hyderabad,tablet,data analytics course,0.03762916747904075,1.2631088082901554,6.493559767003036
A3211,data analytics course,96,5210,223.05,10,8,0.083,1483,20241129,hyderabad,tablet,online data analytics,0.018426103646833013,2.3234375000000003,6.648733467832324
A3212,data analytics course,150,3456,242.22,16,7,0.047,1215,20241102,hyderabad,desktop,data analytics training,0.043402777777777776,1.6148,5.016101065147387
A3213,data analytics course,130,4109,207.1,19,6,0.046,1521,20241116,hyderabad,mobile,learn data analytics,0.03163786809442687,1.593076923076923,7.344278126508933
A3214,data analytics course,99,3522,210.01,28,9,0.034,1932,20241123,hyderabad,mobile,analytics for data,0.028109028960817718,2.1213131313131313,9.19956192562259
A3215,data analytics course,143,3600,238.14,26,7,0.049,1891,20241109,hyderabad,tablet,analytics for data,0.03972222222222222,1.6653146853146852,7.9407071470563535
A3216,data analytics course,116,3026,209.03,24,9,0.046,1819,10112024,hyderabad,desktop,data analytics online,0.038334434897554524,1.8019827586206896,8.702100177008084
A3217,data analytics course,120,0,214.76,29,5,0.042,1926,20241130,hyderabad,mobile,data analytics training,,1.7896666666666665,8.968150493574223
A3218,data analytics course,115,4857,195.05,29,9,0.078,1644,20241117,hyderabad,desktop,data analytics training,0.023677166975499278,1.6960869565217391,8.428608049218148
A3219,data analytics course,175,5915,223.39,23,8,0.042,1595,20241108,hyderabad,tablet,learn data analytics,0.029585798816568046,1.2765142857142857,7.139979408209857
A3220,data analytics course,100,3948,230.56,30,6,0.046,1234,20241112,hyderabad,tablet,analytics for data,0.025329280648429583,2.3056,5.352185981956974
A3221,data analytics course,114,5446,207.62,11,8,0.046,1355,20241112,hyderabad,mobile,data analytics online,0.02093279471171502,1.8212280701754386,6.526346209421058
A3222,data analytics course,109,5388,205.68,22,6,0.055,1339,19112024,hyderabad,desktop,data analytics training,0.020230141054194507,1.8869724770642202,6.510112796577207
A3223,data analytics course,154,5138,194.15,17,7,0.045,1295,20241117,hyderabad,mobile,data analytics course,0.02997275204359673,1.2607142857142857,6.67010043780582
A3224,data analytics course,199,3534,238.67,24,5,0.025,1776,20241121,hyderabad,mobile,data analytics training,0.056310130164119974,1.1993467336683417,7.44123685423388
A3225,data analytics course,98,4302,183.4,16,9,0.092,1765,20241119,hyderabad,desktop,data analytics course,0.02278010227801023,1.8714285714285714,9.623773173391493
A3226,data analytics course,196,4367,238.44,20,7,0.046,1931,27112024,hyderabad,desktop,data analytics online,0.04488207007098695,1.216530612244898,8.098473410501594
A3227,data analytics course,81,3721,222.89,17,4,0.046,1690,20241115,hyderabad,desktop,data analytics course,0.021768341843590434,2.751728395061728,7.582215442595002
A3228,data analytics course,150,4351,203.7,26,8,0.046,1765,20241118,hyderabad,desktop,data analytics training,0.0344748333716387,1.3579999999999999,8.664702994599903
A3229,data analytics course,121,3122,237.57,29,6,0.05,1796,7112024,hyderabad,mobile,learn data analytics,0.038757206918641894,1.963388429752066,7.559877088858021
A3230,data analytics course,124,3924,188.66,24,6,0.041,1472,20241104,hyderabad,tablet,data analytics training,0.03160040774719674,1.5214516129032258,7.802395844376126
A3231,data analytics course,108,4126,219.33,22,3,0.028,1275,20241129,hyderabad,mobile,data analytics course,0.02617547261269995,2.0308333333333333,5.813158254684721
A3232,data analytics course,192,3499,237.83,20,10,0.043,1505,20241112,hyderabad,tablet,analytics for data,0.05487282080594456,1.2386979166666667,6.328049447084052
A3233,data analytics course,178,3708,192.77,20,10,0.056,1292,16112024,hyderabad,tablet,data analytics online,0.04800431499460626,1.0829775280898877,6.702287700368315
A3234,data analytics course,191,3302,207.75,18,9,0.047,1505,26112024,hyderabad,mobile,learn data analytics,0.05784373107207753,1.087696335078534,7.244283995186522
A3235,data analytics course,147,3131,242.53,10,4,0.046,1231,20241118,hyderabad,desktop,data analytics course,0.04694985627595018,1.6498639455782314,5.075660743000866
A3236,data analytics course,88,5145,242.9,16,10,0.043,1963,20241114,hyderabad,tablet,analytics for data,0.017103984450923225,2.7602272727272728,8.081515026759984
A3237,data analytics course,92,5241,223.48,23,9,0.046,1050,20241118,hyderabad,desktop,data analytics online,0.017553901927113147,2.4291304347826084,4.6984070162878115
A3238,data analytics course,148,4149,223.33,30,6,0.041,1318,20241108,hyderabad,tablet,data analytics course,0.03567124608339359,1.5089864864864866,5.9015806206062775
A3239,data analytics course,127,3791,231.06,11,6,0.046,1351,3112024,hyderabad,desktop,online data analytics,0.03350039567396465,1.8193700787401574,5.846966155976802
A3240,data analytics course,156,4375,249.33,26,6,0.038,1663,15112024,hyderabad,tablet,data analytics course,0.03565714285714286,1.5982692307692308,6.6698752657121085
A3241,data analytics course,176,3753,201.76,11,4,0.023,1070,20241107,hyderabad,mobile,data analytics training,0.04689581667998934,1.1463636363636363,5.303330689928628
A3242,data analytics course,145,4275,185.05,25,7,0.036,1574,9112024,hyderabad,desktop,data analytics training,0.03391812865497076,1.2762068965517241,8.505809240745744
A3243,data analytics course,136,4332,234.52,19,6,0.043,1162,20241118,hyderabad,desktop,learn data analytics,0.03139427516158818,1.7244117647058825,4.95480129626471
A3244,data analytics course,150,4001,219.1,25,6,0.046,1365,20241109,hyderabad,tablet,online data analytics,0.03749062734316421,1.4606666666666666,6.2300319488817895
A3245,data analytics course,145,4436,190.63,13,10,0.069,1502,20241121,hyderabad,tablet,data analytics course,0.032687105500450855,1.3146896551724137,7.8791375963909145
A3246,data analytics course,165,5661,215.57,28,6,0.036,1848,20241102,hyderabad,desktop,data analytics online,0.029146793852676205,1.3064848484848484,8.572621422275827
A3247,data analytics course,183,5746,248.15,14,5,0.053,1012,25112024,hyderabad,tablet,data analytics course,0.03184824225548207,1.3560109289617486,4.078178521055813
A3248,data analytics course,176,3906,214.0,29,4,0.037,1382,25112024,hyderabad,tablet,online data analytics,0.04505888376856119,1.2159090909090908,6.457943925233645
A3249,data analytics course,164,5127,194.76,20,5,0.046,1505,20241112,hyderabad,tablet,analytics for data,0.03198751706651063,1.187560975609756,7.72745943725611
A3250,data analytics course,0,4093,230.81,15,6,0.046,1713,2112024,hyderabad,desktop,data analytics course,0.0,inf,7.421688834972488
A3251,data analytics course,95,4933,220.04,15,3,0.046,1366,20241104,hyderabad,mobile,data analytics training,0.01925805797689033,2.3162105263157895,6.2079621886929655
A3252,data analytics course,83,5180,209.62,30,4,0.046,1972,20241113,hyderabad,desktop,analytics for data,0.016023166023166023,2.525542168674699,9.407499284419426
A3253,data analytics course,91,4988,217.34,10,10,0.11,1508,29112024,hyderabad,mobile,learn data analytics,0.018243785084202085,2.3883516483516485,6.938437471243213
A3254,data analytics course,107,5510,216.1,14,8,0.075,1857,19112024,hyderabad,mobile,online data analytics,0.019419237749546278,2.019626168224299,8.593243868579362
A3255,data analytics course,83,3187,215.57,25,10,0.034,1571,20241107,hyderabad,mobile,learn data analytics,0.026043300909946658,2.5972289156626505,7.287655981815652
A3256,data analytics course,166,3788,238.56,18,8,0.048,1657,6112024,hyderabad,mobile,learn data analytics,0.04382259767687434,1.4371084337349398,6.945841716968477
A3257,data analytics course,182,4575,233.74,24,10,0.046,1844,20241113,hyderabad,mobile,learn data analytics,0.039781420765027324,1.2842857142857143,7.88910755540344
A3258,data analytics course,188,4382,249.5,12,9,0.049,1746,13112024,hyderabad,desktop,analytics for data,0.042902784116841626,1.327127659574468,6.997995991983968
A3259,data analytics course,107,4605,230.74,17,7,0.046,1590,20241118,hyderabad,tablet,online data analytics,0.023235613463626494,2.156448598130841,6.890872843893559
A3260,data analytics course,169,4857,194.79,18,7,0.041,1391,20241122,hyderabad,mobile,data analytics online,0.03479514103355981,1.152603550295858,7.1410236665126545
A3261,data analytics course,165,3150,190.3,18,3,0.018,1129,20241118,hyderabad,desktop,data analytics training,0.05238095238095238,1.1533333333333333,5.932737782448765
A3262,data analytics course,137,4630,201.14,10,4,0.029,1680,27112024,hyderabad,tablet,learn data analytics,0.02958963282937365,1.4681751824817517,8.352391369195585
A3263,data analytics course,135,3712,207.14,14,3,0.048,1788,20241121,hyderabad,tablet,data analytics training,0.03636853448275862,1.5343703703703702,8.631843197837211
A3264,data analytics course,130,5739,215.57,23,8,0.062,1505,30112024,hyderabad,mobile,data analytics online,0.022652029970378115,1.6582307692307692,6.981490931020087
A3265,data analytics course,193,0,230.95,26,8,0.041,1055,11112024,hyderabad,desktop,data analytics online,,1.1966321243523315,4.568088330807535
A3266,data analytics course,122,4556,243.84,26,4,0.052,1164,20241124,hyderabad,mobile,online data analytics,0.026777875329236173,1.998688524590164,4.7736220472440944
A3267,data analytics course,167,5824,204.18,0,0,0.046,1452,20241109,hyderabad,mobile,data analytics course,0.028674450549450548,1.2226347305389222,7.111372318542462
A3268,data analytics course,145,5765,240.62,18,6,0.041,1056,19112024,hyderabad,desktop,data analytics training,0.02515177797051171,1.659448275862069,4.388662621560967
A3269,data analytics course,80,5653,228.06,19,8,0.1,1795,20241113,hyderabad,tablet,analytics for data,0.014151777817088271,2.85075,7.870735771288257
A3270,data analytics course,0,4379,238.75,24,8,0.046,1505,20241110,hyderabad,mobile,data analytics training,0.0,inf,6.303664921465969
A3271,data analytics course,141,5612,224.45,19,5,0.046,1150,16112024,hyderabad,mobile,online data analytics,0.02512473271560941,1.5918439716312056,5.123635553575407
A3272,data analytics course,180,3102,198.37,19,3,0.046,1505,20241129,hyderabad,mobile,online data analytics,0.058027079303675046,1.1020555555555556,7.586832686394112
A3273,data analytics course,196,5812,246.88,22,9,0.046,1715,20241114,hyderabad,mobile,online data analytics,0.03372333103922918,1.2595918367346939,6.946694750486066
A3274,data analytics course,168,4904,219.0,22,5,0.03,1541,15112024,hyderabad,tablet,online data analytics,0.03425774877650897,1.3035714285714286,7.036529680365297
A3275,data analytics course,0,4562,183.58,17,9,0.046,1668,30112024,hyderabad,desktop,data analytics course,0.0,inf,9.085957075934196
A3276,data analytics course,178,4708,237.77,14,10,0.046,1449,21112024,hyderabad,mobile,learn data analytics,0.037807986406117246,1.3357865168539327,6.094124574168314
A3277,data analytics course,93,3945,189.53,27,3,0.032,1560,20241118,hyderabad,tablet,learn data analytics,0.023574144486692015,2.037956989247312,8.230886930828893
A3278,data analytics course,138,5863,201.19,30,10,0.072,1898,20241118,hyderabad,desktop,analytics for data,0.023537438171584515,1.4578985507246376,9.433868482528952
A3279,data analytics course,143,4470,214.42,14,8,0.056,1353,20241122,hyderabad,mobile,data analytics course,0.031991051454138705,1.4994405594405593,6.310045704691727
A3280,data analytics course,0,5800,215.57,22,9,0.046,1369,20241114,hyderabad,tablet,data analytics course,0.0,inf,6.350605371804982
A3281,data analytics course,147,4041,229.19,16,10,0.055,1558,27112024,hyderabad,desktop,analytics for data,0.03637713437268003,1.5591156462585034,6.797853309481217
A3282,data analytics course,101,3449,188.39,16,10,0.099,1318,20241108,hyderabad,desktop,online data analytics,0.0292838503914178,1.8652475247524751,6.996125059716546
A3283,data analytics course,195,4195,231.87,13,10,0.034,1834,20241125,hyderabad,desktop,learn data analytics,0.04648390941597139,1.1890769230769231,7.909604519774011
A3284,data analytics course,142,5365,237.95,17,10,0.07,1548,20241127,hyderabad,tablet,data analytics online,0.02646784715750233,1.6757042253521126,6.505568396722
A3285,data analytics course,139,3854,234.73,10,3,0.022,1802,20241118,hyderabad,tablet,learn data analytics,0.036066424494032176,1.688705035971223,7.676905380650109
A3286,data analytics course,84,5597,244.39,22,10,0.046,1685,20241103,hyderabad,tablet,data analytics training,0.015008040021440057,2.909404761904762,6.894717459797865
A3287,data analytics course,103,5488,237.06,21,7,0.049,1874,20241122,hyderabad,tablet,analytics for data,0.018768221574344022,2.3015533980582523,7.905171686492871
A3288,data analytics course,108,3676,203.45,29,8,0.074,1369,1112024,hyderabad,mobile,data analytics online,0.029379760609358,1.8837962962962962,6.728926026050627
A3289,data analytics course,171,4307,220.89,0,8,0.038,1187,20241101,hyderabad,tablet,data analytics online,0.03970280938007894,1.291754385964912,5.37371542396668
A3290,data analytics course,80,4204,226.79,14,3,0.037,1434,21112024,hyderabad,tablet,data analytics course,0.019029495718363463,2.834875,6.323030115966312
A3291,data analytics course,169,3589,237.83,15,3,0.018,1754,20241121,hyderabad,mobile,analytics for data,0.0470883254388409,1.4072781065088757,7.375015767565067
A3292,data analytics course,0,3048,189.48,22,7,0.046,1740,20241118,hyderabad,mobile,analytics for data,0.0,inf,9.183027232425585
A3293,data analytics course,92,4631,233.3,19,10,0.109,1521,27112024,hyderabad,mobile,learn data analytics,0.01986611962858994,2.5358695652173915,6.519502786112302
A3294,data analytics course,189,5624,248.03,23,7,0.037,1505,20241110,hyderabad,tablet,analytics for data,0.03360597439544808,1.3123280423280423,6.067814377293069
A3295,data analytics course,124,5931,214.41,21,3,0.046,1906,20241105,hyderabad,tablet,online data analytics,0.02090709829708312,1.7291129032258064,8.889510750431416
A3296,data analytics course,138,5891,247.47,14,7,0.051,1138,20241114,hyderabad,desktop,online data analytics,0.023425564420302157,1.7932608695652175,4.59853719642785
A3297,data analytics course,186,5774,236.22,15,6,0.032,1288,12112024,hyderabad,mobile,learn data analytics,0.03221337028056807,1.27,5.45254423842181
A3298,data analytics course,100,4869,234.37,21,7,0.07,1890,1112024,hyderabad,tablet,data analytics online,0.020538098172109262,2.3437,8.064172035670094
A3299,data analytics course,151,5403,180.74,22,3,0.046,1610,20241129,hyderabad,tablet,data analytics online,0.027947436609291134,1.196953642384106,8.907823392718822
A3300,data analytics course,176,4577,207.98,23,0,0.046,1396,20241129,hyderabad,tablet,data analytics training,0.03845313524142451,1.1817045454545454,6.7121838638330615
A3301,data analytics course,0,3978,230.19,23,9,0.046,1792,19112024,hyderabad,desktop,analytics for data,0.0,inf,7.78487336548069
A3302,data analytics course,141,4483,240.23,25,4,0.028,1516,14112024,hyderabad,tablet,analytics for data,0.03145215257639973,1.703758865248227,6.310618990134455
A3303,data analytics course,117,5754,228.8,0,3,0.026,1505,14112024,hyderabad,mobile,data analytics online,0.020333680917622523,1.9555555555555557,6.5777972027972025
A3304,data analytics course,131,5528,182.38,27,6,0.046,1168,20241103,hyderabad,desktop,analytics for data,0.02369753979739508,1.3922137404580153,6.404210988046935
A3305,data analytics course,173,3639,225.73,10,4,0.023,1804,27112024,hyderabad,tablet,data analytics online,0.04754053311349272,1.3047976878612717,7.991848668763567
A3306,data analytics course,195,4067,220.61,20,8,0.041,1767,8112024,hyderabad,desktop,data analytics course,0.04794688959921318,1.1313333333333333,8.009609718507773
A3307,data analytics course,126,3931,212.16,20,9,0.058,1537,9112024,hyderabad,desktop,learn data analytics,0.03205291274484864,1.6838095238095239,7.244532428355958
A3308,data analytics course,119,3602,191.83,26,3,0.046,1052,20241110,hyderabad,tablet,analytics for data,0.033037201554691836,1.6120168067226892,5.484022311421571
A3309,data analytics course,141,5663,237.57,16,3,0.045,1269,20241118,hyderabad,tablet,data analytics course,0.024898463711813527,1.6848936170212765,5.341583533274403
A3310,data analytics course,182,4021,215.57,24,7,0.038,1444,30112024,hyderabad,tablet,online data analytics,0.045262372544143246,1.1844505494505495,6.698520202254488
A3311,data analytics course,192,4551,223.93,22,10,0.052,1231,19112024,hyderabad,desktop,data analytics training,0.04218852999340804,1.1663020833333333,5.497253606037601
A3312,data analytics course,0,5123,231.93,18,9,0.046,1031,20241118,hyderabad,desktop,analytics for data,0.0,inf,4.445306773595481
A3313,data analytics course,160,3816,207.93,27,9,0.056,1884,20241103,hyderabad,mobile,analytics for data,0.041928721174004195,1.2995625,9.060741595729331
A3314,data analytics course,140,3154,212.73,21,4,0.029,1024,20241114,hyderabad,tablet,learn data analytics,0.04438807863031072,1.5194999999999999,4.813613500681615
A3315,data analytics course,134,3700,226.57,28,7,0.056,1836,20241104,hyderabad,tablet,data analytics online,0.036216216216216214,1.690820895522388,8.10345588559827
A3316,data analytics course,92,3963,219.39,22,10,0.046,1834,26112024,hyderabad,mobile,online data analytics,0.0232147363108756,2.384673913043478,8.35954236747345
A3317,data analytics course,163,3978,232.7,25,9,0.046,1380,20241108,hyderabad,desktop,data analytics online,0.04097536450477627,1.4276073619631902,5.930382466695316
A3318,data analytics course,155,5105,239.11,20,5,0.032,1009,20241105,hyderabad,mobile,analytics for data,0.030362389813907934,1.5426451612903227,4.219815147839906
A3319,data analytics course,194,3559,205.78,15,9,0.046,1765,3112024,hyderabad,desktop,online data analytics,0.054509693734195,1.0607216494845362,8.577121197395277
A3320,data analytics course,165,3005,239.14,23,6,0.036,1989,20241127,hyderabad,tablet,learn data analytics,0.05490848585690516,1.4493333333333331,8.317303671489505
A3321,data analytics course,135,4740,235.55,24,4,0.03,1715,20241107,hyderabad,desktop,analytics for data,0.028481012658227847,1.7448148148148148,7.280832095096582
A3322,data analytics course,87,4379,209.25,29,10,0.046,1348,20241105,hyderabad,desktop,learn data analytics,0.019867549668874173,2.4051724137931036,6.4420549581839905
A3323,data analytics course,164,4151,219.97,30,9,0.055,1505,25112024,hyderabad,desktop,online data analytics,0.03950855215610696,1.341280487804878,6.841842069373096
A3324,data analytics course,0,3185,217.33,21,3,0.046,1505,15112024,hyderabad,mobile,data analytics training,0.0,inf,6.924952836699949
A3325,data analytics course,84,5652,191.93,30,8,0.095,1729,20241113,hyderabad,mobile,data analytics online,0.014861995753715499,2.2848809523809526,9.008492679622778
A3326,data analytics course,158,4819,185.34,17,9,0.046,1066,24112024,hyderabad,mobile,data analytics training,0.03278688524590164,1.1730379746835444,5.751591669364411
A3327,data analytics course,90,4472,237.16,28,10,0.059,1629,13112024,hyderabad,mobile,learn data analytics,0.020125223613595707,2.635111111111111,6.868780570079272
A3328,data analytics course,197,3186,194.44,19,6,0.03,1857,20241114,hyderabad,tablet,data analytics course,0.061833019460138104,0.987005076142132,9.550504011520264
A3329,data analytics course,133,4241,197.26,25,9,0.068,1325,20241126,hyderabad,tablet,data analytics training,0.031360528177316674,1.483157894736842,6.717023218087803
A3330,data analytics course,149,5035,234.52,28,5,0.034,1304,20241104,hyderabad,desktop,online data analytics,0.029592850049652432,1.5739597315436242,5.560293365171414
A3331,data analytics course,197,5686,239.76,27,9,0.056,1462,20241117,hyderabad,desktop,data analytics online,0.03464650017587056,1.2170558375634517,6.097764431097764
A3332,data analytics course,157,4062,223.72,24,8,0.051,1505,20241125,hyderabad,tablet,data analytics online,0.03865091088133924,1.4249681528662421,6.727158948685857
A3333,data analytics course,102,3113,202.77,22,7,0.069,1997,20241106,hyderabad,desktop,online data analytics,0.03276582075168648,1.9879411764705883,9.848596932485082
A3334,data analytics course,175,3958,193.52,23,8,0.046,1064,20241104,hyderabad,mobile,data analytics course,0.04421424962102072,1.1058285714285714,5.498139727159983
A3335,data analytics course,101,3317,215.57,23,4,0.04,1716,20241110,hyderabad,desktop,data analytics course,0.030449201085318057,2.1343564356435643,7.960291320684696
A3336,data analytics course,127,4226,184.46,10,9,0.071,1427,20241108,hyderabad,desktop,data analytics course,0.030052058684335067,1.4524409448818898,7.736094546243088
A3337,data analytics course,148,3469,212.07,14,9,0.046,1898,30112024,hyderabad,tablet,data analytics online,0.04266359181320265,1.4329054054054053,8.949875041259961
A3338,data analytics course,181,3859,246.36,22,9,0.056,1769,1112024,hyderabad,mobile,online data analytics,0.046903342834931326,1.3611049723756907,7.18054879038805
A3339,data analytics course,140,3389,183.33,28,6,0.043,1385,20241108,hyderabad,mobile,online data analytics,0.041310120979640014,1.3095,7.554682812414771
A3340,data analytics course,146,5075,215.57,13,9,0.056,1353,20241126,hyderabad,tablet,analytics for data,0.02876847290640394,1.4765068493150684,6.276383541309087
A3341,data analytics course,148,3269,191.73,18,9,0.061,1396,10112024,hyderabad,mobile,learn data analytics,0.04527378403181401,1.2954729729729728,7.281072341313306
A3342,data analytics course,101,4814,191.43,17,7,0.069,1112,20112024,hyderabad,desktop,learn data analytics,0.02098047361861238,1.8953465346534655,5.8089118737919865
A3343,data analytics course,179,5145,223.04,29,9,0.05,1002,20241108,hyderabad,mobile,data analytics training,0.0347910592808552,1.2460335195530725,4.492467718794835
A3344,data analytics course,151,4107,183.81,21,10,0.066,1872,20241111,hyderabad,desktop,data analytics course,0.03676649622595569,1.2172847682119206,10.184429574016647
A3345,data analytics course,195,3221,185.08,19,10,0.042,1905,20241126,hyderabad,tablet,data analytics course,0.06054020490530891,0.9491282051282052,10.292846336719256
A3346,data analytics course,169,4846,230.53,15,8,0.046,1103,4112024,hyderabad,mobile,data analytics training,0.034874122988031366,1.3640828402366865,4.7846267297097995
A3347,data analytics course,161,3160,229.71,17,3,0.019,1817,20241101,hyderabad,mobile,data analytics training,0.050949367088607596,1.4267701863354039,7.909973444778198
A3348,data analytics course,156,5095,214.32,30,9,0.046,1444,27112024,hyderabad,mobile,data analytics online,0.030618253189401375,1.3738461538461537,6.73758865248227
A3349,data analytics course,148,3957,215.57,20,10,0.068,1288,10112024,hyderabad,tablet,data analytics online,0.037402072276977505,1.456554054054054,5.974857354919516
A3350,data analytics course,126,4920,182.36,27,5,0.04,1933,4112024,hyderabad,tablet,data analytics online,0.025609756097560974,1.4473015873015873,10.599912261460846
A3351,data analytics course,189,3588,191.74,22,9,0.046,1893,25112024,hyderabad,desktop,data analytics course,0.052675585284280936,1.0144973544973546,9.872744341295505
A3352,data analytics course,119,4927,223.35,16,3,0.046,1377,14112024,hyderabad,mobile,data analytics training,0.024152628374264257,1.876890756302521,6.165211551376763
A3353,data analytics course,0,0,200.54,30,5,0.032,1505,20241101,hyderabad,desktop,analytics for data,,inf,7.504737209534258
A3354,data analytics course,127,5742,233.98,13,4,0.031,1743,20241112,hyderabad,tablet,data analytics course,0.02211772901428074,1.8423622047244093,7.449354645696213
A3355,data analytics course,106,4474,181.48,17,10,0.094,1189,20241120,hyderabad,tablet,analytics for data,0.023692445239159587,1.712075471698113,6.551686136213357
A3356,data analytics course,119,4322,183.0,24,5,0.046,1108,20241106,hyderabad,mobile,data analytics online,0.02753354928273947,1.5378151260504203,6.054644808743169
A3357,data analytics course,81,4144,180.01,18,3,0.037,1648,20241120,hyderabad,mobile,data analytics online,0.019546332046332045,2.2223456790123457,9.155046941836565
A3358,data analytics course,152,5007,208.84,19,10,0.066,1628,20241124,hyderabad,mobile,online data analytics,0.03035749950069902,1.3739473684210526,7.795441486305306
A3359,data analytics course,153,5388,219.93,16,4,0.026,1602,20241111,hyderabad,tablet,data analytics course,0.02839643652561247,1.437450980392157,7.284135861410449
A3360,data analytics course,120,4229,244.13,20,9,0.075,1380,20241112,hyderabad,desktop,data analytics course,0.028375502482856467,2.0344166666666665,5.652726006635809
A3361,data analytics course,167,5140,228.32,28,9,0.051,1056,8112024,hyderabad,mobile,data analytics online,0.03249027237354086,1.367185628742515,4.625087596355992
A3362,data analytics course,116,5001,186.67,17,5,0.043,1340,20241107,hyderabad,desktop,analytics for data,0.023195360927814438,1.6092241379310344,7.178443242084963
A3363,data analytics course,93,3802,215.52,22,7,0.034,1513,20241123,hyderabad,mobile,online data analytics,0.024460810099947397,2.3174193548387096,7.020230141054194
A3364,data analytics course,159,5584,249.46,18,8,0.05,1176,20241109,hyderabad,desktop,analytics for data,0.028474212034383953,1.568930817610063,4.714182634490499
A3365,data analytics course,146,5105,224.77,12,7,0.038,1440,20241105,hyderabad,mobile,analytics for data,0.02859941234084231,1.5395205479452057,6.406548916670374
A3366,data analytics course,136,5714,190.3,19,8,0.059,1694,20241130,hyderabad,desktop,data analytics training,0.023801190059502975,1.399264705882353,8.901734104046243
A3367,data analytics course,159,5025,208.68,16,4,0.051,1779,20241121,hyderabad,mobile,online data analytics,0.03164179104477612,1.3124528301886793,8.525014376078206
A3368,data analytics course,83,3781,220.82,11,4,0.048,1866,15112024,hyderabad,mobile,data analytics training,0.021951864586088336,2.660481927710843,8.450321528847025
A3369,data analytics course,136,3318,215.86,20,8,0.032,1712,20241121,hyderabad,tablet,data analytics online,0.040988547317661245,1.5872058823529414,7.931066431946632
A3370,data analytics course,136,3939,213.66,16,6,0.044,1708,21112024,hyderabad,tablet,online data analytics,0.034526529576034526,1.571029411764706,7.99400917345315
A3371,data analytics course,166,3546,221.99,10,3,0.018,1796,20241112,hyderabad,desktop,learn data analytics,0.046813310772701636,1.3372891566265062,8.090454524978602
A3372,data analytics course,192,5845,247.56,28,3,0.046,1542,19112024,hyderabad,desktop,analytics for data,0.032848588537211294,1.289375,6.22879301987397
A3373,data analytics course,0,3580,223.48,21,6,0.046,1555,20241127,hyderabad,tablet,data analytics course,0.0,inf,6.958117057454806
A3374,data analytics course,108,4019,199.85,25,8,0.059,1657,2112024,hyderabad,tablet,learn data analytics,0.02687235630753919,1.850462962962963,8.291218413810357
A3375,data analytics course,175,3345,185.48,23,9,0.051,1193,20112024,hyderabad,desktop,data analytics online,0.052316890881913304,1.0598857142857143,6.431960319171878
A3376,data analytics course,80,4413,245.4,10,5,0.062,1650,20241103,hyderabad,mobile,data analytics course,0.018128257421255383,3.0675,6.723716381418093
A3377,data analytics course,192,4969,234.27,30,5,0.026,1627,17112024,hyderabad,tablet,data analytics course,0.03863956530489032,1.22015625,6.944978016818201
A3378,data analytics course,85,5083,181.19,13,3,0.05,1048,20241111,hyderabad,mobile,data analytics course,0.016722408026755852,2.1316470588235292,5.783983663557591
A3379,data analytics course,91,4176,216.63,20,8,0.088,1502,9112024,hyderabad,mobile,data analytics course,0.0217911877394636,2.3805494505494504,6.933481050639339
A3380,data analytics course,94,5389,220.53,11,10,0.106,1670,27112024,hyderabad,mobile,data analytics training,0.017442939320838746,2.346063829787234,7.572665850451186
A3381,data analytics course,119,4653,224.68,0,4,0.046,1773,14112024,hyderabad,tablet,learn data analytics,0.025574897915323448,1.8880672268907563,7.89122307281467
A3382,data analytics course,198,3926,195.25,25,7,0.035,1060,20241112,hyderabad,desktop,data analytics online,0.05043301069791136,0.9861111111111112,5.428937259923176
A3383,data analytics course,87,4154,232.88,13,3,0.034,1099,20241110,hyderabad,desktop,online data analytics,0.020943668753009147,2.676781609195402,4.719168670559945
A3384,data analytics course,101,3286,196.59,12,9,0.089,1034,20241102,hyderabad,tablet,analytics for data,0.030736457699330495,1.9464356435643564,5.25967750139885
A3385,data analytics course,142,4593,230.69,20,5,0.035,1537,20241122,hyderabad,mobile,data analytics course,0.03091661223601132,1.6245774647887323,6.662620833152716
A3386,data analytics course,111,5689,195.94,12,4,0.046,1377,20241114,hyderabad,desktop,analytics for data,0.019511337669186148,1.7652252252252252,7.027661529039502
A3387,data analytics course,152,5040,238.61,30,9,0.04,1795,15112024,hyderabad,desktop,data analytics course,0.03015873015873016,1.5698026315789475,7.522735845102887
A3388,data analytics course,89,3623,218.35,22,6,0.067,1311,20241101,hyderabad,mobile,learn data analytics,0.02456527739442451,2.453370786516854,6.004121822761621
A3389,data analytics course,115,3999,216.67,16,6,0.031,1777,20241105,hyderabad,mobile,data analytics course,0.02875718929732433,1.884086956521739,8.201412285964832
A3390,data analytics course,131,4320,223.08,30,7,0.058,1505,20241104,hyderabad,mobile,analytics for data,0.030324074074074073,1.7029007633587787,6.746458669535592
A3391,data analytics course,153,4027,182.11,10,5,0.033,1332,20241128,hyderabad,tablet,learn data analytics,0.0379935435808294,1.1902614379084968,7.314260611718192
A3392,data analytics course,108,0,208.9,10,0,0.046,1313,20241129,hyderabad,desktop,learn data analytics,,1.9342592592592593,6.2853039731929154
A3393,data analytics course,172,5712,204.06,28,7,0.034,1407,21112024,hyderabad,tablet,analytics for data,0.03011204481792717,1.1863953488372092,6.8950308732725665
A3394,data analytics course,118,5514,237.88,27,9,0.076,1401,27112024,hyderabad,mobile,analytics for data,0.02140007254261879,2.0159322033898306,5.889524129813351
A3395,data analytics course,90,3776,186.92,19,4,0.04,1053,15112024,hyderabad,tablet,learn data analytics,0.023834745762711863,2.0768888888888886,5.633426064626579
A3396,data analytics course,97,3370,236.35,20,7,0.072,1505,20241104,hyderabad,mobile,data analytics course,0.028783382789317507,2.4365979381443297,6.367675058176434
A3397,data analytics course,149,3814,213.11,13,7,0.047,1057,20241106,hyderabad,mobile,analytics for data,0.03906659674882013,1.430268456375839,4.959879874243348
A3398,data analytics course,137,5434,182.57,10,7,0.051,1852,20241129,hyderabad,desktop,online data analytics,0.02521163047478837,1.3326277372262774,10.144054335323437
A3399,data analytics course,172,4079,183.05,20,8,0.047,1988,20241128,hyderabad,desktop,data analytics course,0.04216719784260848,1.0642441860465117,10.860420650095602
A3400,data analytics course,116,4252,180.05,18,8,0.069,1568,17112024,hyderabad,desktop,online data analytics,0.027281279397930385,1.5521551724137932,8.708692029991669
A3401,data analytics course,187,4793,186.41,30,9,0.046,1120,20241103,hyderabad,desktop,data analytics course,0.03901523054454413,0.9968449197860962,6.008261359369133
A3402,data analytics course,126,4140,193.49,19,0,0.046,1340,19112024,hyderabad,tablet,data analytics course,0.030434782608695653,1.5356349206349207,6.925422502454907
A3403,data analytics course,123,5844,201.7,12,6,0.046,1636,10112024,hyderabad,desktop,data analytics online,0.02104722792607803,1.6398373983739836,8.11105602379772
A3404,data analytics course,132,5845,249.74,19,0,0.05,1067,3112024,hyderabad,mobile,analytics for data,0.022583404619332764,1.891969696969697,4.272443341074718
A3405,data analytics course,118,3371,191.98,10,6,0.046,1458,13112024,hyderabad,mobile,learn data analytics,0.03500444971818451,1.6269491525423727,7.594541098031045
A3406,data analytics course,92,4853,189.19,23,9,0.046,1189,18112024,hyderabad,desktop,online data analytics,0.018957345971563982,2.056413043478261,6.284687351339923
A3407,data analytics course,100,5781,202.96,30,7,0.07,1132,20241118,hyderabad,desktop,data analytics training,0.01729804532087874,2.0296000000000003,5.577453685455262
A3408,data analytics course,100,5435,205.99,13,6,0.031,1607,20241127,hyderabad,tablet,analytics for data,0.01839926402943882,2.0599000000000003,7.801349580076702
A3409,data analytics course,89,3915,207.63,10,7,0.046,1454,20241102,hyderabad,desktop,data analytics course,0.0227330779054917,2.3329213483146067,7.002841593218706
A3410,data analytics course,147,4231,186.73,20,5,0.046,1271,20241115,hyderabad,desktop,learn data analytics,0.034743559442212246,1.2702721088435374,6.806619182777272
A3411,data analytics course,153,3225,240.34,20,8,0.052,1313,20241128,hyderabad,tablet,data analytics online,0.04744186046511628,1.5708496732026145,5.463093950237164
A3412,data analytics course,164,3996,202.56,19,10,0.061,1880,29112024,hyderabad,desktop,data analytics online,0.04104104104104104,1.2351219512195122,9.281200631911533
A3413,data analytics course,124,5949,218.12,11,10,0.046,1019,6112024,hyderabad,mobile,online data analytics,0.02084383930072281,1.7590322580645161,4.67174032642582
A3414,data analytics course,189,5740,231.73,28,5,0.046,1306,20241103,hyderabad,tablet,online data analytics,0.032926829268292684,1.226084656084656,5.6358693306865755
A3415,data analytics course,142,5354,247.32,17,4,0.048,1828,20241101,hyderabad,desktop,online data analytics,0.02652222637280538,1.7416901408450705,7.391234028788614
A3416,data analytics course,127,4587,199.63,17,5,0.043,1319,27112024,hyderabad,tablet,data analytics course,0.027686941356006103,1.5718897637795275,6.60722336322196
A3417,data analytics course,174,3957,181.56,12,3,0.046,1385,20241102,hyderabad,desktop,data analytics training,0.04397270659590599,1.043448275862069,7.628332231769112
A3418,data analytics course,183,5971,207.43,10,7,0.038,1325,20241125,hyderabad,tablet,online data analytics,0.030648132641098644,1.133497267759563,6.387697054427999
A3419,data analytics course,190,3455,213.11,18,7,0.037,1730,20241113,hyderabad,desktop,data analytics training,0.05499276410998553,1.1216315789473685,8.117873398714279
A3420,data analytics course,116,5748,188.91,11,7,0.046,1368,20241114,hyderabad,desktop,data analytics online,0.020180932498260265,1.6285344827586206,7.241543592186756
A3421,data analytics course,199,4387,206.92,20,9,0.038,1054,24112024,hyderabad,mobile,data analytics training,0.04536129473444267,1.0397989949748743,5.093756040982022
A3422,data analytics course,181,4103,215.57,24,8,0.044,1103,20241125,hyderabad,mobile,data analytics online,0.04411406288081891,1.1909944751381214,5.116667439810734
A3423,data analytics course,197,3253,243.38,17,3,0.034,1606,20241122,hyderabad,tablet,data analytics course,0.06055948355364279,1.2354314720812183,6.59873448927603
A3424,data analytics course,136,4492,205.0,10,4,0.046,1319,22112024,hyderabad,tablet,online data analytics,0.030276046304541407,1.5073529411764706,6.434146341463415
A3425,data analytics course,128,3153,236.34,16,6,0.046,1050,20241109,hyderabad,desktop,online data analytics,0.04059625753250872,1.84640625,4.442751967504443
A3426,data analytics course,163,4794,204.35,26,3,0.052,1978,16112024,hyderabad,tablet,data analytics online,0.03400083437630371,1.253680981595092,9.679471494984096
A3427,data analytics course,199,5210,212.53,30,10,0.05,1749,20241126,hyderabad,mobile,analytics for data,0.0381957773512476,1.0679899497487437,8.229426433915211
A3428,data analytics course,169,5326,215.57,30,5,0.03,1030,25112024,hyderabad,desktop,data analytics online,0.03173113030416823,1.2755621301775149,4.778030338173215
A3429,data analytics course,138,3961,247.45,13,3,0.022,1601,20241118,hyderabad,mobile,data analytics course,0.03483968694774047,1.7931159420289855,6.469993938169328
A3430,data analytics course,0,5937,231.01,25,4,0.057,1448,20112024,hyderabad,tablet,online data analytics,0.0,inf,6.268126920912515
A3431,data analytics course,154,4904,247.11,11,8,0.052,1505,22112024,hyderabad,tablet,learn data analytics,0.031402936378466556,1.6046103896103896,6.090405082756667
A3432,data analytics course,105,3149,233.19,13,10,0.095,1135,20241109,hyderabad,tablet,learn data analytics,0.033343918704350585,2.2208571428571426,4.867275612161756
A3433,data analytics course,89,5963,209.41,29,9,0.101,1066,20241118,hyderabad,desktop,online data analytics,0.014925373134328358,2.3529213483146068,5.09049233560957
A3434,data analytics course,125,3808,191.42,29,7,0.056,1783,20241110,hyderabad,tablet,data analytics course,0.03282563025210084,1.5313599999999998,9.314596175948177
A3435,data analytics course,175,3938,186.09,22,9,0.046,1218,20241105,hyderabad,mobile,analytics for data,0.044438801422041645,1.0633714285714286,6.545220054812187
A3436,data analytics course,175,5521,207.4,25,3,0.017,1616,4112024,hyderabad,mobile,online data analytics,0.03169715631226227,1.1851428571428573,7.791706846673096
A3437,data analytics course,183,0,198.12,27,10,0.055,1505,20241122,hyderabad,mobile,data analytics course,,1.082622950819672,7.596406218453462
A3438,data analytics course,182,5466,206.3,26,4,0.037,1816,20241118,hyderabad,tablet,data analytics course,0.03329674350530552,1.1335164835164835,8.802714493456131
A3439,data analytics course,0,4528,235.96,30,4,0.046,1926,28112024,hyderabad,mobile,data analytics training,0.0,inf,8.162400406848619
A3440,data analytics course,168,4904,220.19,23,6,0.036,1870,20241111,hyderabad,desktop,learn data analytics,0.03425774877650897,1.310654761904762,8.4926654253145
A3441,data analytics course,150,5057,220.26,24,5,0.033,1505,1112024,hyderabad,desktop,data analytics training,0.029661854854656913,1.4684,6.832833923544902
A3442,data analytics course,152,3390,209.39,18,6,0.039,1620,20241104,hyderabad,desktop,online data analytics,0.044837758112094395,1.3775657894736841,7.736759157552893
A3443,data analytics course,113,3532,247.57,29,6,0.055,1273,20241120,hyderabad,mobile,learn data analytics,0.03199320498301246,2.1908849557522125,5.141980046047583
A3444,data analytics course,93,3683,201.45,11,10,0.108,1331,20241114,hyderabad,mobile,learn data analytics,0.025251153950583763,2.1661290322580644,6.607098535616779
A3445,data analytics course,141,5031,189.92,23,5,0.035,1093,20241101,hyderabad,desktop,data analytics online,0.02802623732856291,1.346950354609929,5.755054759898905
A3446,data analytics course,191,5660,192.49,21,5,0.056,1023,3112024,hyderabad,mobile,data analytics course,0.03374558303886926,1.0078010471204188,5.314561795417943
A3447,data analytics course,187,3450,234.31,18,9,0.046,1609,20241118,hyderabad,tablet,online data analytics,0.05420289855072464,1.252994652406417,6.866971106653579
A3448,data analytics course,118,4804,227.98,28,9,0.039,1064,28112024,hyderabad,mobile,learn data analytics,0.024562864279766863,1.9320338983050847,4.667076059303448
A3449,data analytics course,184,5983,242.62,25,6,0.046,1538,20241103,hyderabad,desktop,data analytics course,0.030753802440247367,1.3185869565217392,6.339131151595087
A3450,data analytics course,167,5051,202.95,21,10,0.06,1812,20241110,hyderabad,mobile,learn data analytics,0.033062759849534745,1.2152694610778443,8.928307464892832
A3451,data analytics course,162,3815,221.44,13,7,0.04,1728,20241121,hyderabad,desktop,data analytics course,0.04246395806028833,1.3669135802469137,7.803468208092486
A3452,data analytics course,125,5370,183.67,18,10,0.042,1815,14112024,hyderabad,tablet,data analytics course,0.023277467411545624,1.46936,9.881853323896118
A3453,data analytics course,102,4451,219.15,29,7,0.046,1491,29112024,hyderabad,mobile,data analytics online,0.022916198607054593,2.148529411764706,6.803559206023271
A3454,data analytics course,141,4243,190.94,24,6,0.046,1505,20241122,hyderabad,desktop,data analytics training,0.033231204336554326,1.3541843971631204,7.882057190740547
A3455,data analytics course,121,3844,242.19,29,3,0.046,1897,20241110,hyderabad,mobile,learn data analytics,0.031477627471383975,2.001570247933884,7.832693339939717
A3456,data analytics course,142,4023,186.79,17,3,0.021,1172,20241123,hyderabad,tablet,data analytics training,0.03529704200845141,1.3154225352112676,6.2744258257936725
A3457,data analytics course,150,4409,223.45,23,7,0.047,1578,20241113,hyderabad,desktop,learn data analytics,0.034021320027217056,1.4896666666666667,7.061982546430969
A3458,data analytics course,117,3109,239.1,21,3,0.026,1505,20241127,hyderabad,tablet,data analytics course,0.037632679318108715,2.0435897435897434,6.2944374738603095
A3459,data analytics course,142,5613,180.45,11,9,0.063,1978,20241128,hyderabad,mobile,data analytics training,0.025298414395154106,1.2707746478873239,10.961485175949017
A3460,data analytics course,103,4821,214.54,30,6,0.058,1408,13112024,hyderabad,tablet,data analytics online,0.0213648620618129,2.082912621359223,6.562878717255524
A3461,data analytics course,187,3289,186.04,23,5,0.027,1645,20241106,hyderabad,desktop,data analytics course,0.056856187290969896,0.9948663101604278,8.842184476456676
A3462,data analytics course,172,4441,209.18,17,10,0.043,1505,20241129,hyderabad,desktop,data analytics online,0.038730015762215714,1.2161627906976744,7.194760493355005
A3463,data analytics course,105,3000,185.97,17,6,0.057,1993,20241129,hyderabad,mobile,data analytics online,0.035,1.7711428571428571,10.716782276711298
A3464,data analytics course,181,4156,245.68,22,10,0.031,1336,20241114,hyderabad,mobile,learn data analytics,0.043551491819056785,1.3573480662983426,5.437968088570498
A3465,data analytics course,172,5314,240.69,14,9,0.046,1998,20241123,hyderabad,tablet,learn data analytics,0.0323673315769665,1.399360465116279,8.301134239062694
A3466,data analytics course,98,4655,182.99,21,10,0.102,1918,25112024,hyderabad,desktop,data analytics course,0.021052631578947368,1.8672448979591838,10.48144707361058
A3467,data analytics course,92,3226,236.27,17,6,0.046,1473,10112024,hyderabad,tablet,data analytics training,0.02851828890266584,2.5681521739130435,6.234392855631269
A3468,data analytics course,102,5246,234.71,20,4,0.039,1903,25112024,hyderabad,tablet,data analytics training,0.019443385436523065,2.301078431372549,8.10787780665502
A3469,data analytics course,143,5545,246.64,26,9,0.063,1105,20241108,hyderabad,mobile,learn data analytics,0.025788999098286743,1.7247552447552446,4.480214077197535
A3470,data analytics course,111,4069,203.57,25,4,0.033,1724,20241107,hyderabad,mobile,data analytics training,0.027279429835340378,1.833963963963964,8.468831360220072
A3471,data analytics course,116,4689,198.9,27,3,0.026,1553,20241124,hyderabad,mobile,data analytics training,0.02473875026658136,1.714655172413793,7.807943690296631
A3472,data analytics course,148,3907,199.43,11,7,0.047,1253,20241120,hyderabad,desktop,data analytics online,0.03788072690043512,1.3475000000000001,6.282906282906283
A3473,data analytics course,90,5137,219.64,21,7,0.078,1958,20241130,hyderabad,mobile,online data analytics,0.017519953280124588,2.440444444444444,8.914587506829358
A3474,data analytics course,80,3836,209.37,20,7,0.046,1937,28112024,hyderabad,tablet,online data analytics,0.020855057351407715,2.617125,9.2515642164589
A3475,data analytics course,188,4727,245.59,12,6,0.032,1321,24112024,hyderabad,mobile,learn data analytics,0.039771525280304636,1.3063297872340425,5.378883505028706
A3476,data analytics course,114,3880,215.57,18,3,0.026,1217,20241118,hyderabad,mobile,data analytics online,0.029381443298969072,1.8909649122807017,5.645497982093984
A3477,data analytics course,112,3639,185.6,27,7,0.062,1517,20241117,hyderabad,tablet,analytics for data,0.0307776861775213,1.657142857142857,8.173491379310345
A3478,data analytics course,96,3858,199.81,15,7,0.046,1672,15112024,hyderabad,mobile,data analytics online,0.024883359253499222,2.081354166666667,8.36794955207447
A3479,data analytics course,0,3699,186.22,23,0,0.046,1218,20241123,hyderabad,tablet,analytics for data,0.0,inf,6.5406508430888195
A3480,data analytics course,172,5955,216.07,15,7,0.038,1323,20241102,hyderabad,mobile,learn data analytics,0.028883291351805205,1.2562209302325582,6.12301568935993
A3481,data analytics course,134,5520,189.43,22,10,0.046,1319,30112024,hyderabad,desktop,data analytics online,0.02427536231884058,1.4136567164179106,6.962994245895581
A3482,data analytics course,148,3884,233.46,14,5,0.034,1138,20241111,hyderabad,mobile,data analytics online,0.03810504634397528,1.5774324324324325,4.874496701790457
A3483,data analytics course,191,5361,220.04,17,10,0.052,1034,20241109,hyderabad,mobile,analytics for data,0.03562768140272337,1.152041884816754,4.699145609889111
A3484,data analytics course,168,5384,235.64,28,3,0.018,1505,20241116,hyderabad,mobile,data analytics course,0.031203566121842496,1.4026190476190474,6.386861313868613
A3485,data analytics course,84,4388,238.98,29,4,0.048,1271,14112024,hyderabad,mobile,analytics for data,0.019143117593436645,2.8449999999999998,5.3184366892627
A3486,data analytics course,80,5699,213.94,17,6,0.075,1511,25112024,hyderabad,mobile,learn data analytics,0.01403755044744692,2.67425,7.062727867626437
A3487,data analytics course,136,3705,212.05,16,9,0.046,1471,20241114,hyderabad,desktop,analytics for data,0.03670715249662618,1.5591911764705884,6.937043150200424
A3488,data analytics course,0,3256,233.35,15,7,0.046,1106,10112024,hyderabad,tablet,analytics for data,0.0,inf,4.739661452753375
A3489,data analytics course,157,4026,192.69,19,3,0.019,1028,20241109,hyderabad,tablet,analytics for data,0.03899652260307998,1.2273248407643311,5.334994031864653
A3490,data analytics course,0,3148,182.49,21,3,0.032,1493,20241122,hyderabad,tablet,data analytics course,0.0,inf,8.181270206586662
A3491,data analytics course,137,5244,187.79,20,0,0.046,1915,20241111,hyderabad,tablet,online data analytics,0.02612509534706331,1.3707299270072992,10.197561105490175
A3492,data analytics course,121,5220,200.98,21,5,0.041,1773,20241113,hyderabad,desktop,data analytics online,0.02318007662835249,1.66099173553719,8.821773310777193
A3493,data analytics course,169,5430,233.01,27,0,0.053,2000,20241110,hyderabad,mobile,learn data analytics,0.031123388581952117,1.3787573964497042,8.58332260418008
A3494,data analytics course,83,4693,188.45,24,6,0.072,1539,20241116,hyderabad,mobile,analytics for data,0.0176859151928404,2.2704819277108435,8.166622446272221
A3495,data analytics course,175,4723,237.92,19,0,0.046,1906,20241112,hyderabad,mobile,online data analytics,0.03705272072835063,1.3595428571428572,8.01109616677875
A3496,data analytics course,123,5812,180.11,25,4,0.033,1293,20241121,hyderabad,tablet,data analytics online,0.021163110805230558,1.464308943089431,7.178946199544722
A3497,data analytics course,135,4611,215.57,17,7,0.046,1697,14112024,hyderabad,desktop,online data analytics,0.029277813923227064,1.5968148148148147,7.872152896970822
A3498,data analytics course,126,4960,228.68,30,3,0.058,1114,26112024,hyderabad,mobile,online data analytics,0.025403225806451612,1.814920634920635,4.871436067867763
A3499,data analytics course,171,4549,181.87,18,3,0.046,1965,9112024,hyderabad,mobile,analytics for data,0.03759067927016927,1.0635672514619883,10.804420740089075
A3500,data analytics course,185,4803,248.77,30,5,0.027,1806,20241105,hyderabad,mobile,learn data analytics,0.03851759317093483,1.3447027027027028,7.2597178116332355
A3501,data analytics course,157,3164,227.73,20,3,0.034,1505,20112024,hyderabad,mobile,data analytics training,0.049620733249051835,1.4505095541401274,6.608703288982567
A3502,data analytics course,123,3343,190.66,14,5,0.041,1562,17112024,hyderabad,mobile,data analytics course,0.03679329943164822,1.550081300813008,8.192594146648485
A3503,data analytics course,122,5718,211.65,14,4,0.033,1857,19112024,hyderabad,tablet,data analytics online,0.021336131514515563,1.7348360655737705,8.77391920623671
A3504,data analytics course,97,3754,180.42,24,10,0.103,1011,20241116,hyderabad,tablet,analytics for data,0.025839104954714972,1.8599999999999999,5.603591619554374
A3505,data analytics course,88,3684,198.73,30,4,0.045,1195,2112024,hyderabad,mobile,online data analytics,0.023887079261672096,2.2582954545454546,6.0131837166004125
A3506,data analytics course,81,5068,204.53,0,9,0.044,1773,20241103,hyderabad,tablet,data analytics online,0.015982636148382006,2.5250617283950616,8.668654965041803
A3507,data analytics course,96,5538,188.79,28,6,0.062,1181,20241118,hyderabad,mobile,online data analytics,0.01733477789815818,1.9665625,6.2556279463954665
A3508,data analytics course,163,4813,190.77,22,8,0.049,1505,20241125,hyderabad,desktop,online data analytics,0.03386661126116767,1.1703680981595093,7.8890810924149495
A3509,data analytics course,0,3003,210.63,16,10,0.046,1756,20241116,hyderabad,tablet,data analytics training,0.0,inf,8.336894079665765
A3510,data analytics course,142,3348,242.31,12,8,0.046,1220,20241121,hyderabad,tablet,online data analytics,0.04241338112305854,1.7064084507042254,5.034872683752218
A3511,data analytics course,83,3926,186.63,21,5,0.06,1407,20241106,hyderabad,tablet,data analytics online,0.021141110545084055,2.2485542168674697,7.538980871242566
A3512,data analytics course,188,3069,214.16,26,4,0.021,1563,20241114,hyderabad,desktop,learn data analytics,0.06125773867709352,1.1391489361702127,7.298281658573029
A3513,data analytics course,193,3978,231.8,20,3,0.046,1126,20241116,hyderabad,mobile,online data analytics,0.048516842634489694,1.2010362694300518,4.857635893011216
A3514,data analytics course,181,3652,206.2,27,7,0.039,1690,20241103,hyderabad,tablet,analytics for data,0.0495618838992333,1.1392265193370166,8.19592628516004
A3515,data analytics course,199,4400,228.05,26,8,0.04,1025,20241109,hyderabad,tablet,learn data analytics,0.04522727272727273,1.1459798994974875,4.494628370971278
A3516,data analytics course,167,5503,232.28,19,9,0.054,1644,20241105,hyderabad,mobile,data analytics training,0.03034708340904961,1.3908982035928144,7.077664887205097
A3517,data analytics course,189,4955,215.87,21,3,0.033,1238,20241117,hyderabad,mobile,data analytics online,0.038143289606458124,1.1421693121693122,5.73493306156483
A3518,data analytics course,125,3469,192.84,16,8,0.036,1259,20241117,hyderabad,desktop,data analytics course,0.03603343903142116,1.54272,6.528728479568554
A3519,data analytics course,166,4096,204.43,28,5,0.03,1579,6112024,hyderabad,desktop,learn data analytics,0.04052734375,1.2315060240963855,7.7239152766228045
A3520,data analytics course,181,5171,208.69,14,4,0.022,1628,20241123,hyderabad,mobile,data analytics course,0.03500290079288339,1.1529834254143647,7.801044611624898
A3521,data analytics course,0,4878,183.26,25,3,0.046,1986,20241123,hyderabad,desktop,learn data analytics,0.0,inf,10.8370620975663
A3522,data analytics course,127,3682,215.57,21,9,0.071,1384,20241122,hyderabad,tablet,data analytics training,0.034492123845736015,1.6974015748031495,6.420188337894883
A3523,data analytics course,83,3933,214.61,29,6,0.048,1427,20112024,hyderabad,tablet,data analytics training,0.021103483346046274,2.58566265060241,6.649270770234378
A3524,data analytics course,80,3240,221.11,29,0,0.046,1263,14112024,hyderabad,desktop,learn data analytics,0.024691358024691357,2.763875,5.7120890054723885
A3525,data analytics course,105,3030,185.91,24,5,0.048,1263,20241102,hyderabad,desktop,data analytics course,0.034653465346534656,1.7705714285714285,6.793609811198968
A3526,data analytics course,155,4676,219.3,26,0,0.046,1787,20241102,hyderabad,tablet,learn data analytics,0.03314798973481608,1.4148387096774195,8.148654810761514
A3527,data analytics course,185,0,208.41,25,3,0.047,1006,20241113,hyderabad,mobile,data analytics training,,1.1265405405405404,4.827023655294852
A3528,data analytics course,132,5616,215.57,28,7,0.053,1491,26112024,hyderabad,desktop,data analytics online,0.023504273504273504,1.6331060606060606,6.916546829336179
A3529,data analytics course,198,5736,227.53,14,9,0.045,1607,20241118,hyderabad,mobile,learn data analytics,0.034518828451882845,1.1491414141414142,7.062804904847712
A3530,data analytics course,184,3641,189.0,22,7,0.038,1905,20241115,hyderabad,tablet,data analytics training,0.05053556715188135,1.0271739130434783,10.079365079365079
A3531,data analytics course,190,5429,243.6,23,8,0.037,1505,20241123,hyderabad,tablet,data analytics course,0.034997237060232084,1.2821052631578946,6.17816091954023
A3532,data analytics course,127,4327,220.57,24,5,0.046,1017,21112024,hyderabad,mobile,data analytics course,0.02935058932285648,1.736771653543307,4.610781157909054
A3533,data analytics course,130,5340,221.95,27,0,0.046,1488,20241102,hyderabad,tablet,data analytics online,0.024344569288389514,1.7073076923076922,6.704212660509124
A3534,data analytics course,172,3612,191.27,25,10,0.046,1243,20241118,hyderabad,mobile,analytics for data,0.047619047619047616,1.1120348837209304,6.498666806085637
A3535,data analytics course,0,4195,226.79,27,3,0.05,1117,13112024,hyderabad,desktop,data analytics course,0.0,inf,4.925261254905419
A3536,data analytics course,144,5968,224.21,21,6,0.032,1993,20241110,hyderabad,desktop,online data analytics,0.024128686327077747,1.557013888888889,8.888988002319254
A3537,data analytics course,148,5431,216.71,20,6,0.041,1200,20241120,hyderabad,mobile,online data analytics,0.027250966672804272,1.4642567567567568,5.537354067648009
A3538,data analytics course,189,3420,181.35,26,6,0.032,1692,18112024,hyderabad,desktop,data analytics training,0.05526315789473684,0.9595238095238094,9.330024813895783
A3539,data analytics course,143,4701,222.43,29,4,0.028,1953,20241107,hyderabad,tablet,data analytics online,0.03041905977451606,1.5554545454545454,8.7802904284494
A3540,data analytics course,185,4958,201.3,21,5,0.027,1965,6112024,hyderabad,desktop,analytics for data,0.03731343283582089,1.088108108108108,9.761549925484351
A3541,data analytics course,172,5295,204.31,26,8,0.046,1218,20241129,hyderabad,tablet,data analytics course,0.032483474976392826,1.1878488372093023,5.9615290489941755
A3542,data analytics course,121,3577,239.27,29,3,0.046,1735,20241126,hyderabad,desktop,data analytics online,0.033827229521945765,1.9774380165289258,7.251222468341204
A3543,data analytics course,158,3766,222.89,27,0,0.056,1673,20241122,hyderabad,mobile,learn data analytics,0.04195432819968136,1.4106962025316454,7.505944636367715
A3544,data analytics course,137,4287,231.9,14,7,0.046,1829,20241129,hyderabad,desktop,analytics for data,0.03195707954280382,1.6927007299270074,7.887020267356619
A3545,data analytics course,150,5630,239.21,26,4,0.027,1302,30112024,hyderabad,tablet,analytics for data,0.02664298401420959,1.5947333333333333,5.442916266042389
A3546,data analytics course,93,4157,206.1,30,8,0.086,1129,8112024,hyderabad,mobile,learn data analytics,0.02237190281452971,2.2161290322580642,5.477923338185347
A3547,data analytics course,101,5983,185.86,10,5,0.05,1019,6112024,hyderabad,tablet,online data analytics,0.01688116329600535,1.8401980198019803,5.4826213278812
A3548,data analytics course,178,3109,180.7,25,10,0.056,1709,12112024,hyderabad,desktop,data analytics course,0.057253136056609845,1.0151685393258427,9.457664637520754
A3549,data analytics course,96,3365,225.77,27,8,0.083,1884,30112024,hyderabad,tablet,data analytics course,0.02852897473997028,2.3517708333333336,8.344775656641715
A3550,data analytics course,170,5380,204.62,20,4,0.024,1473,20241115,hyderabad,desktop,data analytics course,0.031598513011152414,1.2036470588235295,7.198709803538266
A3551,data analytics course,176,5036,221.48,13,3,0.031,1072,22112024,hyderabad,mobile,data analytics training,0.03494837172359015,1.2584090909090908,4.840166154957559
A3552,data analytics course,178,4176,198.49,30,4,0.022,1717,12112024,hyderabad,desktop,learn data analytics,0.042624521072796934,1.1151123595505619,8.650309839286614
A3553,data analytics course,99,5663,187.48,22,5,0.034,1394,20241129,hyderabad,desktop,online data analytics,0.017481900052975455,1.8937373737373737,7.435459782376787
A3554,data analytics course,0,5852,181.96,19,4,0.046,1816,20241122,hyderabad,tablet,data analytics online,0.0,inf,9.98021543196307
A3555,data analytics course,164,4725,224.43,18,10,0.061,1140,20241130,hyderabad,mobile,data analytics training,0.03470899470899471,1.3684756097560975,5.079534821547921
A3556,data analytics course,94,5762,202.12,23,5,0.053,1694,20241123,hyderabad,tablet,online data analytics,0.016313779937521693,2.150212765957447,8.38115970710469
A3557,data analytics course,82,4773,226.66,10,6,0.033,1189,20241120,hyderabad,desktop,data analytics training,0.017179970668342762,2.7641463414634146,5.245742521838878
A3558,data analytics course,194,4198,217.66,16,10,0.052,1619,20241129,hyderabad,tablet,online data analytics,0.04621248213434969,1.121958762886598,7.43820637691813
A3559,data analytics course,176,5314,188.23,17,8,0.045,1725,20241104,hyderabad,mobile,analytics for data,0.03312006021829131,1.0694886363636362,9.164320246506934
A3560,data analytics course,170,3401,235.7,10,0,0.046,1047,20241115,hyderabad,mobile,online data analytics,0.049985298441634816,1.3864705882352941,4.442087399236318
A3561,data analytics course,144,3509,193.65,28,3,0.021,1361,16112024,hyderabad,tablet,analytics for data,0.04103733257338273,1.3447916666666666,7.028143557965401
A3562,data analytics course,127,4850,235.92,25,10,0.079,1057,20241112,hyderabad,desktop,data analytics course,0.026185567010309278,1.8576377952755905,4.480332316039336
A3563,data analytics course,108,5245,227.35,12,5,0.046,1384,20241127,hyderabad,tablet,data analytics training,0.020591039084842708,2.1050925925925927,6.087530239718496
A3564,data analytics course,96,5474,201.65,16,8,0.03,1376,29112024,hyderabad,mobile,learn data analytics,0.0175374497625137,2.1005208333333334,6.823704438383337
A3565,data analytics course,103,4913,180.45,12,3,0.029,1178,28112024,hyderabad,mobile,learn data analytics,0.020964787299002648,1.7519417475728154,6.528124134109172
A3566,data analytics course,160,5975,212.18,14,0,0.046,1507,20241104,hyderabad,tablet,data analytics course,0.026778242677824266,1.326125,7.102460175322839
A3567,data analytics course,141,5451,246.96,13,4,0.028,1725,20241112,hyderabad,tablet,learn data analytics,0.025866813428728673,1.7514893617021277,6.984936831875607
A3568,data analytics course,121,4538,216.98,27,4,0.033,1874,19112024,hyderabad,desktop,data analytics course,0.026663728514764215,1.7932231404958676,8.636740713429809
A3569,data analytics course,176,4285,245.13,28,9,0.046,1321,20241108,hyderabad,mobile,learn data analytics,0.041073512252042005,1.392784090909091,5.388977277363032
A3570,data analytics course,125,5041,228.64,21,6,0.048,1403,20241129,hyderabad,desktop,online data analytics,0.02479666732791113,1.8291199999999999,6.136284114765571
A3571,data analytics course,0,5386,220.23,23,5,0.046,1462,8112024,hyderabad,desktop,data analytics online,0.0,inf,6.638514280524906
A3572,data analytics course,137,5168,230.04,0,7,0.051,1377,13112024,hyderabad,desktop,data analytics course,0.026509287925696595,1.6791240875912408,5.985915492957747
A3573,data analytics course,174,4308,190.54,24,10,0.057,1948,20241121,hyderabad,tablet,data analytics online,0.0403899721448468,1.0950574712643677,10.223575102340716
A3574,data analytics course,177,3884,219.75,29,5,0.028,1626,5112024,hyderabad,desktop,analytics for data,0.04557157569515963,1.2415254237288136,7.399317406143345
A3575,data analytics course,155,4312,231.52,30,3,0.019,1003,20241106,hyderabad,mobile,data analytics course,0.03594619666048238,1.4936774193548388,4.332239115411196
A3576,data analytics course,129,3482,184.89,23,9,0.046,1667,20241129,hyderabad,mobile,online data analytics,0.03704767375071798,1.4332558139534883,9.016171777813836
A3577,data analytics course,91,4893,222.3,29,10,0.11,1430,20241121,hyderabad,mobile,learn data analytics,0.01859799713876967,2.442857142857143,6.432748538011696
A3578,data analytics course,0,3075,239.32,12,10,0.046,1966,20241122,hyderabad,mobile,data analytics course,0.0,inf,8.214942336620425
A3579,data analytics course,126,4558,195.36,23,3,0.024,1020,20241126,hyderabad,desktop,online data analytics,0.027643703378674857,1.5504761904761906,5.22113022113022
A3580,data analytics course,87,3248,220.5,13,6,0.046,1871,20241128,hyderabad,mobile,data analytics online,0.026785714285714284,2.5344827586206895,8.485260770975056
A3581,data analytics course,0,5297,215.57,27,9,0.046,1268,23112024,hyderabad,desktop,data analytics course,0.0,inf,5.882080066799648
A3582,data analytics course,107,3589,183.25,19,0,0.046,1571,29112024,hyderabad,desktop,data analytics course,0.029813318473112287,1.7126168224299065,8.572987721691678
A3583,data analytics course,124,3383,224.63,21,7,0.046,1263,20241110,hyderabad,desktop,data analytics online,0.03665385752290866,1.8115322580645161,5.622579352713351
A3584,data analytics course,124,5629,189.62,14,9,0.073,1626,20241127,hyderabad,desktop,data analytics training,0.022028779534553206,1.5291935483870969,8.575044826495095
A3585,data analytics course,97,5914,226.47,15,7,0.046,1889,20241108,hyderabad,tablet,online data analytics,0.016401758539059858,2.334742268041237,8.341060626131496
A3586,data analytics course,186,3314,237.84,11,5,0.046,1864,20241105,hyderabad,tablet,data analytics online,0.05612552806276403,1.278709677419355,7.837201479986545
A3587,data analytics course,165,5262,211.33,24,3,0.018,1075,20112024,hyderabad,desktop,data analytics online,0.03135689851767389,1.2807878787878788,5.086831022571333
A3588,data analytics course,110,3088,205.09,13,7,0.064,1061,5112024,hyderabad,tablet,data analytics course,0.03562176165803109,1.8644545454545456,5.1733385343020135
A3589,data analytics course,191,4753,200.39,24,9,0.047,1702,20241105,hyderabad,mobile,analytics for data,0.04018514622343783,1.0491623036649214,8.49343779629722
A3590,data analytics course,136,3036,201.48,20,7,0.046,1811,20241113,hyderabad,tablet,data analytics training,0.04479578392621871,1.481470588235294,8.98848520945007
A3591,data analytics course,146,5743,190.39,18,3,0.021,1108,13112024,hyderabad,mobile,data analytics training,0.025422253177781646,1.304041095890411,5.819633384106308
A3592,data analytics course,152,5061,234.42,12,5,0.046,1566,10112024,hyderabad,tablet,online data analytics,0.030033590199565304,1.542236842105263,6.68031737906322
A3593,data analytics course,189,5944,202.89,28,5,0.046,1360,8112024,hyderabad,mobile,data analytics course,0.03179676985195155,1.0734920634920635,6.703139632313077
A3594,data analytics course,99,4446,233.53,11,6,0.061,1189,20241105,hyderabad,tablet,data analytics training,0.022267206477732792,2.358888888888889,5.091422943519034
A3595,data analytics course,88,5344,242.07,17,9,0.054,1418,29112024,hyderabad,mobile,online data analytics,0.016467065868263474,2.7507954545454543,5.857809724459867
A3596,data analytics course,154,3211,248.28,14,6,0.039,1950,20241128,hyderabad,tablet,data analytics online,0.04796013702896294,1.6122077922077922,7.854035766070566
A3597,data analytics course,113,3808,233.25,18,4,0.035,1085,20241102,hyderabad,desktop,data analytics training,0.02967436974789916,2.064159292035398,4.651661307609861
A3598,data analytics course,196,5853,220.13,16,7,0.036,1558,20241108,hyderabad,tablet,data analytics training,0.03348710063215445,1.1231122448979591,7.0776359423976745
A3599,data analytics course,0,5453,215.57,12,5,0.046,1174,20241122,hyderabad,desktop,analytics for data,0.0,inf,5.4460268126362665
