Ad_ID,Campaign_Name,Clicks,Impressions,Cost,Leads,Conversions,Conversion Rate,Sale_Amount,Ad_Date,Location,Device,Keyword
A1000,data analytics course,104,4498,231.88,14,7,0.058,1892,20241116,hyderabad,desktop,learn data analytics
A1001,data analytics course,173,5107,216.84,10,8,0.046,1679,20112024,hyderabad,mobile,data analytics course
A1002,data analytics course,90,4544,203.66,26,9,0.046,1624,20241116,hyderabad,desktop,data analytics online
A1003,data analytics course,142,3185,237.66,17,6,0.046,1225,20241126,hyderabad,tablet,data analytics training
A1004,data analytics course,156,3361,195.9,30,8,0.046,1091,20241122,hyderabad,desktop,online data analytics
A1005,data analytics course,195,3776,243.57,10,8,0.046,1315,16112024,hyderabad,mobile,data analytics training
A1006,data analytics course,116,4480,237.79,17,5,0.043,1640,6112024,hyderabad,tablet,data analytics course
A1007,data analytics course,184,5060,229.61,23,3,0.016,1509,20241124,hyderbad,tablet,analytics for data
A1008,data analytics course,113,5434,215.57,27,4,0.058,1362,20241124,hyderbad,tablet,data analytics training
A1009,data analytics course,166,3355,186.78,24,9,0.054,1029,20241112,hyderbad,mobile,online data analytics
A1010,data analytics course,101,5399,236.79,20,6,0.059,1900,14112024,hyderabad,desktop,learn data analytics
A1011,data analytics course,101,3613,208.12,24,5,0.05,1130,20241122,hyderabad,desktop,online data analytics
A1012,data analytics course,125,3259,191.3,18,3,0.024,1959,20241127,hyderabad,desktop,data analytics online
A1013,data analytics course,196,3742,207.46,10,7,0.038,1623,12112024,hyderabad,mobile,data analytics training
A1014,data analytics course,181,4311,185.09,11,9,0.05,1538,20241104,hyderbad,desktop,data analytics training
A1015,data analytics course,102,5461,201.69,22,8,0.078,1755,20241129,hyderabad,desktop,data analytics course
A1016,data analytics course,193,5159,215.57,15,9,0.047,1614,20241110,hyderabad,mobile,learn data analytics
A1017,data analytics course,149,4431,207.4,19,9,0.06,1693,12112024,hyderabad,mobile,learn data analytics
A1018,data analytics course,150,3113,217.41,20,5,0.046,1785,20241107,hyderabad,mobile,analytics for data
A1019,data analytics course,145,5278,215.57,25,6,0.041,1516,20241105,hyderabad,desktop,data analytics course
A1020,data analytics course,184,4143,223.3,10,10,0.044,1735,20241121,hyderbad,tablet,learn data analytics
A1021,data analytics course,171,4154,184.23,30,7,0.041,1803,20241108,hyderabad,tablet,data analytics online
A1022,data analytics course,122,5187,211.24,27,6,0.049,1322,20241120,hyderabad,desktop,online data analytics
A1023,data analytics course,188,5798,230.17,28,5,0.047,1452,30112024,hyderabad,tablet,data analytics course
A1024,data analytics course,87,3718,215.57,12,3,0.034,1652,20112024,hyderbad,tablet,learn data analytics
A1025,data analytics course,88,3349,181.92,22,8,0.091,1456,20241120,hyderabad,tablet,learn data analytics
A1026,data analytics course,119,5323,205.92,17,10,0.06,1656,20241102,hyderbad,desktop,online data analytics
A1027,data analytics course,0,5286,234.89,22,10,0.046,1688,20241121,hyderabad,desktop,data analytics training
A1028,data analytics course,128,5469,188.49,16,3,0.046,1783,20241123,hyderbad,mobile,learn data analytics
A1029,data analytics course,86,3351,237.75,21,9,0.105,1975,20241113,hyderabad,mobile,analytics for data
A1030,data analytics course,188,4834,213.58,15,4,0.021,1590,20241108,hyderbad,tablet,online data analytics
A1031,data analytics course,113,5065,212.37,11,5,0.046,1111,22112024,hyderabad,desktop,online data analytics
A1032,data analytics course,0,3872,244.38,20,4,0.046,1041,12112024,hyderabad,tablet,data analytics online
A1033,data analytics course,176,5509,234.59,19,7,0.054,1710,20241103,hyderbad,tablet,data analytics course
A1034,data analytics course,121,5610,214.96,23,8,0.046,1505,20241125,hyderabad,mobile,data analytics course
A1035,data analytics course,104,5275,236.48,16,9,0.031,1824,1112024,hyderabad,desktop,data analytics training
A1036,data analytics course,146,5939,242.9,11,8,0.035,1833,20241107,hyderabad,desktop,data analytics training
A1037,data analytics course,123,5131,215.57,19,5,0.041,1307,9112024,hyderabad,mobile,learn data analytics
A1038,data analytics course,90,5786,197.55,11,6,0.043,1704,16112024,hyderabad,mobile,online data analytics
A1039,data analytics course,171,4304,192.61,17,10,0.058,1427,20241126,hyderabad,mobile,learn data analytics
A1040,data analytics course,94,5549,231.23,25,9,0.096,1849,20241112,hyderbad,mobile,data analytics training
A1041,data analytics course,112,4271,196.07,27,6,0.046,1209,20241114,hyderabad,desktop,data analytics online
A1042,data analytics course,113,4418,191.55,27,10,0.046,1634,20241109,hyderbad,mobile,data analytics course
A1043,data analytics course,145,3721,180.95,21,7,0.048,1960,29112024,hyderabad,desktop,data analytics online
A1044,data analytics course,197,5783,204.46,23,6,0.046,1729,1112024,hyderabad,tablet,data analytics training
A1045,data analytics course,109,4866,236.78,27,5,0.046,1585,15112024,hyderabad,mobile,online data analytics
A1046,data analytics course,188,5857,222.98,20,4,0.048,1303,11112024,hyderabad,desktop,data analytics training
A1047,data analytics course,142,5103,234.1,24,3,0.021,1835,20241108,hyderbad,mobile,analytics for data
A1048,data analytics course,168,4653,240.84,27,9,0.054,1367,20241124,hyderabad,mobile,online data analytics
A1049,data analytics course,110,3524,248.86,19,10,0.091,1524,21112024,hyderbad,mobile,learn data analytics
A1050,data analytics course,192,5938,182.84,26,5,0.039,1080,20241112,hyderabad,mobile,analytics for data
A1051,data analytics course,101,3942,206.62,16,5,0.05,1746,20241124,hyderabad,tablet,analytics for data
A1052,data analytics course,157,3315,189.56,15,10,0.064,1026,20241125,hyderabad,mobile,online data analytics
A1053,data analytics course,113,4945,187.66,15,10,0.046,1564,20241126,hyderabad,tablet,learn data analytics
A1054,data analytics course,96,3166,196.15,29,7,0.073,1902,26112024,hyderabad,desktop,learn data analytics
A1055,data analytics course,125,4223,183.68,15,6,0.046,1267,20241105,hyderabad,desktop,data analytics online
A1056,data analytics course,104,4798,210.1,18,3,0.046,1340,21112024,hyderabad,desktop,analytics for data
A1057,data analytics course,194,5655,208.58,13,6,0.031,1692,20241116,hyderabad,mobile,data analytics training
A1058,data analytics course,144,5140,219.48,19,8,0.047,1054,18112024,hyderbad,desktop,data analytics online
A1059,data analytics course,179,3025,238.81,17,3,0.017,1505,20241111,hyderabad,mobile,data analytics online
A1060,data analytics course,166,5223,189.76,18,7,0.042,1219,16112024,hyderbad,tablet,data analytics course
A1061,data analytics course,166,5089,215.57,26,7,0.042,1946,11112024,hyderbad,tablet,analytics for data
A1062,data analytics course,118,5016,204.31,19,9,0.045,1833,20241108,hyderabad,desktop,analytics for data
A1063,data analytics course,185,3617,222.32,24,7,0.038,1963,23112024,hyderabad,mobile,data analytics course
A1064,data analytics course,116,3764,232.03,28,10,0.086,1348,20241120,hyderabad,tablet,data analytics course
A1065,data analytics course,99,4489,183.73,15,6,0.061,1264,20241105,hyderabad,desktop,online data analytics
A1066,data analytics course,172,4441,221.18,14,8,0.047,1771,27112024,hyderabad,mobile,analytics for data
A1067,data analytics course,138,5751,199.11,26,9,0.052,1337,20241110,hyderbad,desktop,data analytics online
A1068,data analytics course,84,4036,234.22,23,10,0.119,1287,4112024,hyderbad,desktop,learn data analytics
A1069,data analytics course,124,4942,240.59,18,3,0.024,1922,20241116,hyderabad,desktop,learn data analytics
A1070,data analytics course,122,4989,215.48,12,5,0.041,1975,20241106,hyderabad,mobile,data analytics online
A1071,data analytics course,180,3006,228.14,22,7,0.039,1556,20241104,hyderabad,tablet,learn data analytics
A1072,data analytics course,133,3728,199.13,11,10,0.046,1505,20241109,hyderabad,desktop,data analytics online
A1073,data analytics course,164,3734,225.39,27,8,0.04,1728,12112024,hyderabad,tablet,learn data analytics
A1074,data analytics course,150,4621,246.3,15,6,0.049,1554,20241109,hyderabad,desktop,data analytics online
A1075,data analytics course,97,3212,212.55,27,10,0.103,1994,23112024,hyderabad,desktop,analytics for data
A1076,data analytics course,128,4225,228.24,30,4,0.031,1618,20241108,hyderbad,mobile,learn data analytics
A1077,data analytics course,99,4779,233.78,26,10,0.101,1086,20241105,hyderabad,desktop,online data analytics
A1078,data analytics course,86,5352,234.05,11,5,0.058,1364,20241109,hyderabad,tablet,online data analytics
A1079,data analytics course,118,5405,187.28,25,7,0.058,1836,20241105,hyderabad,tablet,analytics for data
A1080,data analytics course,127,5430,199.13,14,6,0.047,1932,20241125,hyderabad,mobile,analytics for data
A1081,data analytics course,83,4808,241.35,20,7,0.084,1038,30112024,hyderbad,mobile,learn data analytics
A1082,data analytics course,149,3587,217.53,23,8,0.046,1505,17112024,hyderabad,mobile,data analytics online
A1083,data analytics course,168,4683,215.28,30,8,0.048,1327,20241128,hyderabad,mobile,data analytics online
A1084,data analytics course,112,5814,227.38,11,8,0.071,1467,20241103,hyderbad,tablet,analytics for data
A1085,data analytics course,123,3292,233.2,28,6,0.049,1174,20241119,hyderabad,desktop,data analytics training
A1086,data analytics course,174,4305,206.02,20,3,0.034,1057,20241123,hyderabad,desktop,learn data analytics
A1087,data analytics course,143,4368,215.57,27,7,0.049,1199,3112024,hyderabad,tablet,analytics for data
A1088,data analytics course,195,5935,209.68,23,9,0.046,1966,20241107,hyderabad,tablet,online data analytics
A1089,data analytics course,176,5847,241.04,13,6,0.034,1194,20241102,hyderabad,desktop,online data analytics
A1090,data analytics course,141,4851,227.39,28,5,0.046,1821,20241115,hyderabad,desktop,analytics for data
A1091,data analytics course,108,4710,204.16,19,10,0.093,1731,20241120,hyderbad,tablet,data analytics online
A1092,data analytics course,112,3345,215.57,11,6,0.047,1859,20241123,hyderbad,tablet,analytics for data
A1093,data analytics course,0,5903,184.41,23,9,0.046,1188,20112024,hyderbad,tablet,online data analytics
A1094,data analytics course,145,5004,216.45,22,5,0.034,1496,20241101,hyderabad,tablet,data analytics online
A1095,data analytics course,183,3947,197.3,15,8,0.044,1645,20241114,hyderbad,desktop,data analytics training
A1096,data analytics course,113,3690,229.42,20,5,0.044,1915,20241128,hyderabad,tablet,learn data analytics
A1097,data analytics course,101,5943,187.32,27,6,0.059,1614,20241115,hyderabad,tablet,data analytics online
A1098,data analytics course,189,5357,222.5,24,3,0.05,1839,20241125,hyderabad,tablet,data analytics course
A1099,data analytics course,154,3596,236.14,30,9,0.058,1036,20241106,hyderabad,tablet,online data analytics
A1100,data analytics course,179,5162,246.76,16,5,0.05,1052,20241129,hyderbad,desktop,online data analytics
A1101,data analytics course,148,3747,244.41,18,8,0.054,1092,20241117,hyderabad,tablet,learn data analytics
A1102,data analytics course,177,4822,197.03,26,9,0.051,1909,20241104,hyderbad,mobile,online data analytics
A1103,data analytics course,119,5800,221.36,11,8,0.046,1505,29112024,hyderabad,desktop,analytics for data
A1104,data analytics course,89,3594,215.57,14,6,0.067,1026,20241115,hyderabad,tablet,data analytics course
A1105,data analytics course,146,4765,230.22,23,5,0.034,1944,20241128,hyderabad,tablet,analytics for data
A1106,data analytics course,109,4128,183.65,12,5,0.046,1505,20241130,hyderabad,desktop,data analytics online
A1107,data analytics course,159,5127,197.16,21,4,0.025,1867,20241103,hyderabad,tablet,learn data analytics
A1108,data analytics course,144,5674,235.36,12,3,0.021,1505,20241122,hyderabad,desktop,analytics for data
A1109,data analytics course,122,3793,237.22,19,8,0.066,1842,20241120,hyderabad,tablet,online data analytics
A1110,data analytics course,112,4315,235.33,28,9,0.08,1116,20241108,hyderabad,mobile,data analytics course
A1111,data analytics course,174,4704,192.32,21,10,0.049,1501,20241124,hyderabad,mobile,learn data analytics
A1112,data analytics course,168,3349,235.6,23,9,0.054,1894,20241109,hyderabad,mobile,online data analytics
A1113,data analytics course,173,3501,223.9,28,10,0.044,1179,20241125,hyderbad,mobile,data analytics course
A1114,data analytics course,91,0,203.52,0,9,0.099,1838,20112024,hyderabad,desktop,data analytics course
A1115,data analytics course,140,5405,195.69,21,8,0.046,1094,21112024,hyderabad,desktop,data analytics training
A1116,data analytics course,93,3425,229.76,26,4,0.043,1344,24112024,hyderbad,mobile,online data analytics
A1117,data analytics course,114,5263,189.13,23,5,0.044,1434,5112024,hyderabad,mobile,data analytics course
A1118,data analytics course,172,3889,215.57,21,10,0.046,1766,20241116,hyderabad,tablet,online data analytics
A1119,data analytics course,188,3327,193.76,24,6,0.047,1220,3112024,hyderabad,tablet,online data analytics
A1120,data analytics course,117,0,214.18,29,4,0.034,1348,20241123,hyderabad,mobile,learn data analytics
A1121,data analytics course,113,5471,215.57,27,9,0.038,1123,20241123,hyderabad,mobile,analytics for data
A1122,data analytics course,109,3550,240.33,14,8,0.073,1982,20241124,hyderabad,tablet,learn data analytics
A1123,data analytics course,174,3178,225.67,18,10,0.057,1140,20112024,hyderabad,desktop,data analytics online
A1124,data analytics course,96,4673,192.88,24,5,0.052,1962,20241110,hyderabad,mobile,learn data analytics
A1125,data analytics course,110,4254,187.87,11,4,0.046,1172,20241104,hyderabad,mobile,data analytics training
A1126,data analytics course,163,3658,237.63,23,7,0.043,1699,20241123,hyderbad,tablet,online data analytics
A1127,data analytics course,161,5319,235.98,13,4,0.025,1423,20241118,hyderbad,mobile,learn data analytics
A1128,data analytics course,195,5278,193.49,30,7,0.047,1456,20241104,hyderabad,mobile,data analytics course
A1129,data analytics course,84,3755,218.88,14,9,0.047,1299,20241105,hyderbad,tablet,analytics for data
A1130,data analytics course,113,4580,194.82,11,6,0.059,1248,20241128,hyderbad,tablet,data analytics course
A1131,data analytics course,117,3809,225.14,12,5,0.032,1495,20241109,hyderabad,desktop,data analytics training
A1132,data analytics course,135,5118,219.99,27,6,0.044,1089,20241120,hyderabad,mobile,online data analytics
A1133,data analytics course,92,5766,186.14,28,7,0.076,1013,27112024,hyderabad,tablet,data analytics training
A1134,data analytics course,188,3934,206.21,16,9,0.048,1505,4112024,hyderabad,desktop,data analytics course
A1135,data analytics course,101,4724,228.38,13,7,0.034,1243,20241120,hyderabad,desktop,learn data analytics
A1136,data analytics course,111,5895,205.25,29,4,0.036,1693,20241104,hyderabad,mobile,data analytics course
A1137,data analytics course,122,4048,202.23,28,10,0.082,1505,26112024,hyderabad,mobile,online data analytics
A1138,data analytics course,99,3169,237.68,21,6,0.046,1509,20241122,hyderabad,mobile,online data analytics
A1139,data analytics course,154,4535,229.29,11,3,0.019,1434,20241101,hyderabad,tablet,data analytics training
A1140,data analytics course,129,3849,249.29,22,10,0.078,1767,20241111,hyderabad,desktop,analytics for data
A1141,data analytics course,0,4259,182.98,10,10,0.031,1048,16112024,hyderabad,mobile,analytics for data
A1142,data analytics course,143,3628,215.57,18,9,0.063,1566,17112024,hyderabad,tablet,data analytics course
A1143,data analytics course,80,3269,215.57,12,4,0.05,1753,23112024,hyderbad,desktop,data analytics online
A1144,data analytics course,134,3724,188.02,26,9,0.047,1891,20241107,hyderabad,desktop,online data analytics
A1145,data analytics course,174,4838,242.35,21,3,0.017,1599,20241122,hyderabad,desktop,data analytics online
A1146,data analytics course,196,4524,192.01,15,8,0.041,1048,20241113,hyderabad,desktop,data analytics course
A1147,data analytics course,194,4694,228.15,17,7,0.036,1874,20241114,hyderabad,tablet,learn data analytics
A1148,data analytics course,180,4326,221.67,13,0,0.046,1427,6112024,hyderbad,tablet,online data analytics
A1149,data analytics course,100,4235,222.61,10,8,0.051,1814,1112024,hyderabad,desktop,data analytics training
A1150,data analytics course,153,4367,184.51,29,9,0.059,1507,20241113,hyderabad,mobile,analytics for data
A1151,data analytics course,110,3748,198.68,24,9,0.082,1041,5112024,hyderbad,tablet,data analytics training
A1152,data analytics course,116,3901,215.57,21,4,0.034,1483,20241113,hyderabad,tablet,online data analytics
A1153,data analytics course,156,3335,236.98,29,7,0.045,1143,20241114,hyderbad,desktop,data analytics course
A1154,data analytics course,177,5671,210.74,19,6,0.058,1172,25112024,hyderabad,tablet,data analytics course
A1155,data analytics course,89,3408,214.78,25,9,0.101,1898,20241115,hyderabad,mobile,data analytics course
A1156,data analytics course,155,4422,183.96,14,8,0.037,1143,20241115,hyderabad,mobile,analytics for data
A1157,data analytics course,123,3097,190.55,20,8,0.065,1640,20241122,hyderbad,tablet,data analytics course
A1158,data analytics course,102,3621,244.82,10,5,0.049,1375,20241112,hyderabad,mobile,learn data analytics
A1159,data analytics course,150,4806,244.53,15,9,0.046,1602,7112024,hyderabad,mobile,data analytics online
A1160,data analytics course,160,0,245.87,11,6,0.037,1505,20241105,hyderbad,desktop,analytics for data
A1161,data analytics course,143,3901,191.38,29,4,0.053,1786,20241124,hyderabad,mobile,learn data analytics
A1162,data analytics course,178,4673,222.46,29,6,0.051,1219,20241104,hyderabad,tablet,online data analytics
A1163,data analytics course,152,3542,208.96,13,9,0.046,1735,20241113,hyderbad,desktop,data analytics course
A1164,data analytics course,139,4347,238.19,26,5,0.046,1384,13112024,hyderabad,tablet,analytics for data
A1165,data analytics course,175,5014,247.24,25,7,0.04,1499,15112024,hyderabad,mobile,learn data analytics
A1166,data analytics course,92,4185,218.46,21,9,0.035,1567,20241103,hyderbad,mobile,data analytics online
A1167,data analytics course,123,5964,215.57,17,6,0.046,1363,20241103,hyderabad,desktop,data analytics training
A1168,data analytics course,86,5124,183.71,13,10,0.116,1137,20112024,hyderabad,mobile,data analytics training
A1169,data analytics course,117,4162,238.08,28,10,0.085,1186,20241122,hyderabad,mobile,online data analytics
A1170,data analytics course,146,4330,191.9,20,3,0.021,1748,20241109,hyderabad,mobile,online data analytics
A1171,data analytics course,89,3268,215.57,17,4,0.045,1233,20241113,hyderabad,desktop,online data analytics
A1172,data analytics course,195,3483,213.99,27,7,0.036,1796,23112024,hyderabad,desktop,learn data analytics
A1173,data analytics course,170,4519,240.63,22,7,0.041,1012,27112024,hyderbad,mobile,analytics for data
A1174,data analytics course,97,3605,240.29,21,7,0.045,1682,20241110,hyderabad,desktop,data analytics online
A1175,data analytics course,159,5076,204.97,15,10,0.063,1638,17112024,hyderbad,tablet,data analytics course
A1176,data analytics course,131,5352,225.86,24,10,0.046,1961,20241120,hyderabad,mobile,online data analytics
A1177,data analytics course,108,5503,185.26,11,7,0.065,1921,6112024,hyderabad,mobile,data analytics online
A1178,data analytics course,93,4308,209.83,19,9,0.097,1694,20241120,hyderabad,mobile,data analytics course
A1179,data analytics course,137,3555,213.5,29,3,0.046,1505,20241106,hyderabad,desktop,data analytics course
A1180,data analytics course,81,5615,193.14,30,6,0.074,1255,20241128,hyderabad,mobile,analytics for data
A1181,data analytics course,160,4743,206.22,23,10,0.062,1825,20241120,hyderabad,mobile,learn data analytics
A1182,data analytics course,186,3337,183.58,16,8,0.043,1045,20241130,hyderabad,desktop,online data analytics
A1183,data analytics course,105,3234,238.8,27,10,0.095,1248,20241106,hyderbad,desktop,online data analytics
A1184,data analytics course,131,3913,203.69,14,10,0.046,1079,20241125,hyderbad,desktop,data analytics training
A1185,data analytics course,129,3208,204.2,18,8,0.032,1456,20241129,hyderabad,desktop,learn data analytics
A1186,data analytics course,187,5972,220.64,30,7,0.037,1980,20241114,hyderbad,desktop,data analytics course
A1187,data analytics course,167,3662,235.43,10,7,0.042,1684,20241125,hyderbad,mobile,data analytics training
A1188,data analytics course,140,3359,182.13,29,7,0.045,1973,20241128,hyderabad,desktop,data analytics online
A1189,data analytics course,198,3700,220.67,14,5,0.046,1531,20241110,hyderabad,mobile,analytics for data
A1190,data analytics course,196,3835,218.07,10,9,0.041,1871,4112024,hyderabad,tablet,online data analytics
A1191,data analytics course,140,5638,208.02,22,5,0.046,1652,20241118,hyderbad,desktop,data analytics training
A1192,data analytics course,157,5825,230.6,16,3,0.019,1041,20241116,hyderabad,desktop,data analytics training
A1193,data analytics course,91,5428,248.38,11,3,0.033,1835,22112024,hyderabad,tablet,learn data analytics
A1194,data analytics course,140,3571,238.12,21,9,0.064,1762,20241116,hyderabad,desktop,learn data analytics
A1195,data analytics course,154,3638,182.17,11,8,0.056,1413,20241104,hyderabad,mobile,online data analytics
A1196,data analytics course,133,4505,200.52,23,3,0.039,1562,26112024,hyderabad,tablet,analytics for data
A1197,data analytics course,0,5016,238.59,26,9,0.046,1620,20241120,hyderbad,mobile,data analytics online
A1198,data analytics course,141,3071,208.2,10,6,0.043,1647,18112024,hyderabad,tablet,data analytics online
A1199,data analytics course,135,5682,215.57,30,3,0.046,1445,20241115,hyderbad,tablet,data analytics training
A1200,data analytics course,199,5067,247.38,24,8,0.059,1365,20241119,hyderbad,mobile,analytics for data
A1201,data analytics course,138,3971,184.87,28,3,0.022,1718,20241107,hyderbad,tablet,learn data analytics
A1202,data analytics course,175,4481,236.38,21,10,0.057,1257,20112024,hyderabad,desktop,data analytics course
A1203,data analytics course,170,5476,186.29,25,4,0.024,1731,8112024,hyderabad,mobile,analytics for data
A1204,data analytics course,138,4426,203.75,24,10,0.072,1838,20241105,hyderabad,mobile,data analytics course
A1205,data analytics course,108,4080,247.8,18,4,0.037,1363,20241130,hyderbad,tablet,online data analytics
A1206,data analytics course,150,4113,219.67,12,7,0.047,1196,20241122,hyderabad,mobile,learn data analytics
A1207,data analytics course,90,5119,226.58,14,10,0.111,1348,20241107,hyderabad,desktop,analytics for data
A1208,data analytics course,98,3422,223.55,17,7,0.046,1414,20241119,hyderabad,tablet,online data analytics
A1209,data analytics course,130,3327,224.83,13,3,0.023,1668,16112024,hyderabad,mobile,online data analytics
A1210,data analytics course,199,0,199.98,15,8,0.04,1467,20241108,hyderabad,tablet,data analytics training
A1211,data analytics course,101,3241,183.34,24,0,0.046,1483,10112024,hyderbad,tablet,data analytics training
A1212,data analytics course,118,3970,215.57,27,9,0.076,1036,20241119,hyderabad,desktop,data analytics course
A1213,data analytics course,199,5734,247.99,18,0,0.046,1455,20241111,hyderabad,desktop,data analytics online
A1214,data analytics course,183,4001,237.85,23,4,0.022,1430,20241121,hyderbad,mobile,online data analytics
A1215,data analytics course,126,4206,233.76,29,10,0.041,1998,20241106,hyderabad,tablet,online data analytics
A1216,data analytics course,199,4745,215.57,13,9,0.046,1800,20241128,hyderabad,tablet,analytics for data
A1217,data analytics course,92,4042,200.75,15,7,0.076,1234,20241124,hyderabad,tablet,learn data analytics
A1218,data analytics course,0,4883,249.61,10,3,0.046,1464,20241112,hyderabad,tablet,online data analytics
A1219,data analytics course,92,3748,208.15,14,8,0.087,1297,20241102,hyderabad,desktop,analytics for data
A1220,data analytics course,135,3480,224.94,11,4,0.03,1398,20241123,hyderbad,tablet,data analytics online
A1221,data analytics course,177,3007,223.22,30,8,0.045,1766,20241102,hyderabad,mobile,data analytics online
A1222,data analytics course,117,3380,186.73,21,10,0.055,1958,20241119,hyderabad,desktop,data analytics training
A1223,data analytics course,127,4823,194.69,11,10,0.057,1496,15112024,hyderabad,desktop,data analytics course
A1224,data analytics course,132,4490,202.45,10,7,0.053,1441,20241110,hyderbad,mobile,data analytics online
A1225,data analytics course,102,5149,229.48,27,9,0.088,1137,26112024,hyderabad,desktop,learn data analytics
A1226,data analytics course,91,4290,213.74,0,10,0.046,1797,20241116,hyderabad,mobile,online data analytics
A1227,data analytics course,163,5643,217.4,30,6,0.046,1678,20241101,hyderabad,desktop,data analytics online
A1228,data analytics course,92,3916,188.1,0,6,0.065,1005,20241114,hyderabad,desktop,online data analytics
A1229,data analytics course,165,4551,185.35,30,0,0.046,1662,20241106,hyderbad,desktop,data analytics online
A1230,data analytics course,127,3344,201.7,10,8,0.046,1190,20241111,hyderabad,desktop,analytics for data
A1231,data analytics course,178,4441,231.97,22,4,0.022,1886,20241124,hyderabad,mobile,analytics for data
A1232,data analytics course,101,0,234.17,29,5,0.05,1568,20241127,hyderabad,mobile,data analytics training
A1233,data analytics course,161,5977,193.27,24,0,0.046,1366,13112024,hyderbad,desktop,online data analytics
A1234,data analytics course,95,4562,187.62,24,9,0.095,1239,20241126,hyderabad,desktop,data analytics training
A1235,data analytics course,85,5099,232.56,28,9,0.046,1526,2112024,hyderabad,mobile,data analytics training
A1236,data analytics course,192,5852,181.05,16,8,0.042,1600,20241121,hyderabad,desktop,analytics for data
A1237,data analytics course,80,3823,181.57,13,4,0.046,1564,20241113,hyderabad,desktop,online data analytics
A1238,data analytics course,191,4612,238.23,20,10,0.052,1531,1112024,hyderbad,mobile,learn data analytics
A1239,data analytics course,147,5881,196.34,23,7,0.048,1614,20241118,hyderabad,desktop,data analytics training
A1240,data analytics course,100,5204,197.53,26,4,0.04,1675,24112024,hyderabad,tablet,data analytics course
A1241,data analytics course,82,5130,233.75,0,9,0.11,1505,15112024,hyderbad,mobile,data analytics online
A1242,data analytics course,123,5231,202.93,30,10,0.081,1551,20241123,hyderabad,desktop,online data analytics
A1243,data analytics course,165,5980,248.41,17,3,0.018,1803,6112024,hyderbad,tablet,online data analytics
A1244,data analytics course,167,3202,214.87,26,6,0.036,1571,12112024,hyderabad,desktop,data analytics online
A1245,data analytics course,111,5847,196.71,21,9,0.081,1445,20241130,hyderabad,mobile,online data analytics
A1246,data analytics course,94,4359,215.57,28,5,0.045,1920,20241107,hyderabad,tablet,learn data analytics
A1247,data analytics course,179,3185,236.74,29,5,0.046,1156,20241111,hyderabad,desktop,data analytics course
A1248,data analytics course,166,5592,183.03,22,4,0.024,1636,20241122,hyderabad,tablet,online data analytics
A1249,data analytics course,90,5062,191.4,23,6,0.046,1775,20241119,hyderabad,tablet,data analytics course
A1250,data analytics course,106,5830,241.9,29,10,0.035,1897,20241102,hyderabad,desktop,data analytics training
A1251,data analytics course,0,4629,236.96,10,6,0.046,1183,6112024,hyderabad,desktop,data analytics training
A1252,data analytics course,158,4780,247.2,23,9,0.046,1005,20241124,hyderbad,desktop,learn data analytics
A1253,data analytics course,187,3800,241.0,16,8,0.043,1842,20241109,hyderbad,mobile,analytics for data
A1254,data analytics course,95,4096,242.69,26,9,0.095,1550,22112024,hyderbad,tablet,online data analytics
A1255,data analytics course,118,3562,231.5,12,3,0.025,1856,20241119,hyderabad,desktop,data analytics course
A1256,data analytics course,166,3910,191.32,27,7,0.042,1505,20241115,hyderabad,mobile,analytics for data
A1257,data analytics course,146,5411,201.76,28,7,0.048,1393,14112024,hyderabad,desktop,data analytics online
A1258,data analytics course,101,4026,219.68,22,9,0.089,1149,15112024,hyderabad,desktop,analytics for data
A1259,data analytics course,185,3716,218.23,27,7,0.056,1015,20241103,hyderabad,desktop,online data analytics
A1260,data analytics course,147,5162,186.79,30,7,0.048,1733,20241125,hyderabad,desktop,analytics for data
A1261,data analytics course,188,3859,211.83,30,9,0.048,1719,20241128,hyderabad,mobile,online data analytics
A1262,data analytics course,122,3350,225.89,28,3,0.046,1509,20241124,hyderabad,desktop,data analytics online
A1263,data analytics course,143,5340,215.57,20,9,0.063,1223,20241105,hyderbad,tablet,online data analytics
A1264,data analytics course,170,3124,234.92,17,3,0.018,1232,20241111,hyderabad,desktop,data analytics training
A1265,data analytics course,114,5017,242.62,11,6,0.053,1303,20241117,hyderabad,mobile,data analytics online
A1266,data analytics course,186,3424,201.81,27,3,0.016,1337,20241126,hyderabad,desktop,data analytics training
A1267,data analytics course,120,4060,210.95,24,9,0.075,1376,20241105,hyderabad,tablet,data analytics online
A1268,data analytics course,130,5688,212.05,21,5,0.038,1454,17112024,hyderbad,desktop,learn data analytics
A1269,data analytics course,178,5029,189.79,25,8,0.045,1510,9112024,hyderabad,desktop,data analytics training
A1270,data analytics course,196,5476,204.63,19,4,0.02,1288,26112024,hyderabad,desktop,data analytics training
A1271,data analytics course,110,5000,197.89,18,3,0.027,1110,20241112,hyderabad,desktop,online data analytics
A1272,data analytics course,95,4141,207.14,22,3,0.054,1929,20241111,hyderabad,tablet,learn data analytics
A1273,data analytics course,183,4791,232.97,27,5,0.046,1476,20241121,hyderabad,desktop,data analytics online
A1274,data analytics course,100,4168,193.6,30,3,0.03,1692,20241125,hyderabad,desktop,online data analytics
A1275,data analytics course,187,3741,226.11,27,10,0.053,1342,14112024,hyderbad,tablet,learn data analytics
A1276,data analytics course,90,3577,233.54,24,5,0.052,1175,20241114,hyderabad,tablet,analytics for data
A1277,data analytics course,148,4469,209.76,25,8,0.054,1505,20241125,hyderbad,tablet,data analytics course
A1278,data analytics course,129,3611,227.82,11,7,0.054,1250,20241122,hyderabad,tablet,data analytics training
A1279,data analytics course,120,3947,193.49,15,6,0.05,1305,20241112,hyderabad,mobile,data analytics training
A1280,data analytics course,82,4239,191.75,23,8,0.046,1062,20241122,hyderbad,mobile,learn data analytics
A1281,data analytics course,145,5973,242.16,12,7,0.048,1508,20241114,hyderabad,tablet,online data analytics
A1282,data analytics course,190,4525,188.85,10,5,0.026,1875,20241101,hyderbad,tablet,data analytics training
A1283,data analytics course,137,4395,241.58,24,4,0.043,1512,20241106,hyderabad,desktop,online data analytics
A1284,data analytics course,157,3047,222.66,19,3,0.019,1964,1112024,hyderabad,mobile,data analytics online
A1285,data analytics course,105,5348,226.1,27,5,0.048,1003,12112024,hyderabad,tablet,learn data analytics
A1286,data analytics course,149,3101,231.44,15,9,0.06,1126,20241106,hyderabad,tablet,data analytics training
A1287,data analytics course,159,3693,187.09,24,6,0.038,1256,24112024,hyderabad,desktop,learn data analytics
A1288,data analytics course,150,5590,215.57,20,8,0.046,1286,2112024,hyderabad,mobile,data analytics course
A1289,data analytics course,0,5277,227.46,10,5,0.046,1541,20241115,hyderabad,tablet,data analytics online
A1290,data analytics course,98,4653,205.84,29,5,0.051,1866,2112024,hyderbad,mobile,data analytics online
A1291,data analytics course,86,3513,211.16,22,7,0.046,1917,10112024,hyderabad,desktop,data analytics course
A1292,data analytics course,128,5772,235.54,20,10,0.078,1215,4112024,hyderabad,desktop,data analytics training
A1293,data analytics course,105,5840,236.56,22,8,0.047,1811,24112024,hyderabad,tablet,data analytics course
A1294,data analytics course,90,0,249.0,21,10,0.046,1245,19112024,hyderabad,mobile,data analytics course
A1295,data analytics course,89,5158,211.76,20,5,0.056,1119,20241121,hyderabad,desktop,online data analytics
A1296,data analytics course,119,3489,194.36,14,3,0.055,1633,20241110,hyderabad,mobile,data analytics course
A1297,data analytics course,173,3977,229.82,30,5,0.037,1584,20241122,hyderabad,desktop,learn data analytics
A1298,data analytics course,95,3397,181.89,0,7,0.074,1560,20241127,hyderabad,tablet,data analytics course
A1299,data analytics course,112,5194,245.97,10,5,0.045,1016,21112024,hyderabad,tablet,data analytics training
A1300,data analytics course,134,3007,217.53,10,5,0.037,1371,30112024,hyderabad,mobile,data analytics training
A1301,data analytics course,113,5721,216.7,11,6,0.053,1743,20241117,hyderbad,desktop,data analytics training
A1302,data analytics course,157,3546,189.11,16,5,0.032,1333,28112024,hyderabad,mobile,data analytics online
A1303,data analytics course,105,3670,245.85,24,9,0.046,1653,20241124,hyderabad,tablet,data analytics course
A1304,data analytics course,162,5915,211.96,11,0,0.046,1394,20241120,hyderabad,tablet,analytics for data
A1305,data analytics course,0,4450,219.21,16,10,0.056,1917,20241110,hyderabad,mobile,learn data analytics
A1306,data analytics course,136,5782,189.65,23,6,0.044,1951,20241111,hyderabad,tablet,data analytics training
A1307,data analytics course,192,4339,245.57,24,8,0.047,1284,20241118,hyderabad,mobile,learn data analytics
A1308,data analytics course,147,5870,215.57,14,8,0.054,1748,20241102,hyderabad,mobile,data analytics training
A1309,data analytics course,164,5662,186.41,11,9,0.055,1020,17112024,hyderabad,tablet,data analytics course
A1310,data analytics course,192,5130,184.63,19,4,0.046,1087,20241107,hyderabad,desktop,data analytics course
A1311,data analytics course,139,4608,224.99,12,8,0.046,1095,20241112,hyderbad,desktop,data analytics training
A1312,data analytics course,199,5290,218.55,20,7,0.035,1234,20241130,hyderabad,tablet,learn data analytics
A1313,data analytics course,82,4961,220.29,27,7,0.059,1149,2112024,hyderabad,tablet,data analytics course
A1314,data analytics course,175,4347,242.06,17,3,0.017,1617,20241122,hyderabad,desktop,data analytics training
A1315,data analytics course,181,5664,204.74,22,5,0.028,1719,22112024,hyderabad,desktop,data analytics course
A1316,data analytics course,146,3757,192.59,25,9,0.046,1169,20241109,hyderabad,desktop,online data analytics
A1317,data analytics course,192,4225,242.0,24,6,0.031,1032,20241101,hyderabad,mobile,data analytics online
A1318,data analytics course,149,3410,181.12,20,4,0.033,1806,20241117,hyderbad,desktop,learn data analytics
A1319,data analytics course,93,3934,226.84,20,6,0.065,1964,20241118,hyderabad,mobile,data analytics online
A1320,data analytics course,182,3384,187.67,18,8,0.044,1769,20241101,hyderabad,desktop,analytics for data
A1321,data analytics course,99,3842,246.3,23,8,0.081,1452,10112024,hyderabad,tablet,online data analytics
A1322,data analytics course,188,4022,238.61,20,8,0.043,1505,20241106,hyderabad,mobile,data analytics online
A1323,data analytics course,193,5786,201.51,16,10,0.052,1617,20241105,hyderabad,tablet,data analytics training
A1324,data analytics course,107,4423,239.47,25,9,0.084,1370,20241123,hyderabad,desktop,analytics for data
A1325,data analytics course,131,4228,230.18,16,9,0.069,1393,20241107,hyderabad,desktop,data analytics training
A1326,data analytics course,139,5120,199.3,24,5,0.036,1835,20241123,hyderabad,mobile,data analytics course
A1327,data analytics course,141,3600,227.54,20,6,0.043,1367,20241107,hyderabad,desktop,learn data analytics
A1328,data analytics course,175,5016,215.57,16,3,0.017,1836,20241107,hyderabad,tablet,learn data analytics
A1329,data analytics course,96,5771,213.98,30,3,0.031,1130,30112024,hyderbad,mobile,analytics for data
A1330,data analytics course,0,4615,194.89,12,6,0.046,1923,20241125,hyderbad,tablet,data analytics training
A1331,data analytics course,187,3115,184.61,12,3,0.016,1324,20241130,hyderbad,mobile,learn data analytics
A1332,data analytics course,153,5886,218.33,29,3,0.02,1424,20241120,hyderabad,mobile,analytics for data
A1333,data analytics course,122,4929,192.72,10,10,0.082,1505,20241112,hyderbad,desktop,data analytics training
A1334,data analytics course,151,4357,238.69,28,9,0.06,1447,20241113,hyderabad,tablet,analytics for data
A1335,data analytics course,116,4519,184.29,23,7,0.046,1070,20241112,hyderabad,desktop,data analytics training
A1336,data analytics course,145,5612,207.34,22,4,0.028,1689,12112024,hyderabad,desktop,learn data analytics
A1337,data analytics course,90,3251,198.69,12,7,0.078,1044,30112024,hyderabad,mobile,learn data analytics
A1338,data analytics course,133,3360,203.78,13,9,0.068,1654,20241114,hyderabad,mobile,online data analytics
A1339,data analytics course,135,5891,245.69,21,6,0.044,1947,20241105,hyderbad,mobile,learn data analytics
A1340,data analytics course,155,5835,239.52,10,4,0.041,1505,20241113,hyderabad,mobile,analytics for data
A1341,data analytics course,100,4928,186.68,22,10,0.1,1071,20241123,hyderabad,mobile,analytics for data
A1342,data analytics course,138,4049,182.66,20,7,0.051,1292,20241120,hyderabad,mobile,online data analytics
A1343,data analytics course,109,4114,243.33,18,6,0.044,1456,20241125,hyderbad,tablet,learn data analytics
A1344,data analytics course,124,3947,198.11,11,4,0.032,1308,26112024,hyderabad,mobile,data analytics course
A1345,data analytics course,0,3705,239.26,25,0,0.046,1506,2112024,hyderabad,tablet,online data analytics
A1346,data analytics course,197,5365,208.86,14,4,0.031,1106,20241101,hyderabad,tablet,data analytics training
A1347,data analytics course,114,5213,224.65,26,4,0.035,1218,20241129,hyderabad,tablet,online data analytics
A1348,data analytics course,117,3951,212.02,16,5,0.052,1949,20241110,hyderbad,desktop,data analytics training
A1349,data analytics course,198,3405,224.9,13,10,0.051,1631,20241114,hyderabad,tablet,online data analytics
A1350,data analytics course,160,5367,208.47,20,8,0.046,1853,15112024,hyderabad,tablet,data analytics course
A1351,data analytics course,137,3602,194.55,23,5,0.036,1580,20241102,hyderbad,tablet,data analytics course
A1352,data analytics course,163,3917,209.01,10,3,0.046,1823,20241117,hyderbad,tablet,data analytics training
A1353,data analytics course,138,5671,244.12,26,3,0.046,1505,13112024,hyderbad,tablet,analytics for data
A1354,data analytics course,194,5019,227.67,28,7,0.036,1019,22112024,hyderabad,mobile,learn data analytics
A1355,data analytics course,177,3569,190.31,13,8,0.035,1403,20241125,hyderbad,mobile,online data analytics
A1356,data analytics course,113,3420,223.48,22,10,0.058,1138,20241123,hyderabad,mobile,online data analytics
A1357,data analytics course,133,3064,221.8,22,5,0.038,1538,20241111,hyderabad,mobile,learn data analytics
A1358,data analytics course,118,3730,207.5,25,8,0.039,1011,20241112,hyderabad,mobile,data analytics training
A1359,data analytics course,109,5852,235.44,20,5,0.046,1946,14112024,hyderabad,desktop,analytics for data
A1360,data analytics course,109,4011,184.51,13,6,0.053,1375,20241123,hyderabad,desktop,data analytics online
A1361,data analytics course,128,4636,243.83,20,10,0.059,1941,2112024,hyderabad,mobile,data analytics training
A1362,data analytics course,181,3087,201.29,19,10,0.046,1505,20112024,hyderbad,mobile,data analytics online
A1363,data analytics course,89,5872,198.32,14,6,0.067,1553,20241120,hyderabad,mobile,online data analytics
A1364,data analytics course,157,5762,248.1,26,4,0.025,1999,20241105,hyderabad,tablet,data analytics online
A1365,data analytics course,88,3396,193.79,19,5,0.057,1860,20241118,hyderabad,mobile,online data analytics
A1366,data analytics course,130,3092,211.39,28,7,0.054,1031,20241124,hyderabad,tablet,data analytics course
A1367,data analytics course,194,4240,213.45,18,4,0.046,1890,20241123,hyderabad,tablet,data analytics online
A1368,data analytics course,180,4297,200.04,24,5,0.046,1050,20241118,hyderabad,mobile,data analytics course
A1369,data analytics course,0,5518,243.83,15,10,0.046,1862,20241122,hyderabad,mobile,data analytics online
A1370,data analytics course,0,5039,235.44,24,7,0.046,1839,20241108,hyderabad,desktop,data analytics online
A1371,data analytics course,0,3596,210.31,23,9,0.046,1269,20241101,hyderbad,tablet,online data analytics
A1372,data analytics course,118,4845,190.25,11,3,0.046,1446,20241118,hyderabad,desktop,analytics for data
A1373,data analytics course,101,4883,237.89,11,6,0.046,1368,20241114,hyderbad,desktop,analytics for data
A1374,data analytics course,120,4618,200.91,18,7,0.058,1775,20241102,hyderabad,tablet,data analytics online
A1375,data analytics course,194,3941,240.35,27,10,0.052,1373,11112024,hyderabad,desktop,data analytics course
A1376,data analytics course,135,5096,230.32,14,4,0.03,1478,20241118,hyderbad,mobile,data analytics training
A1377,data analytics course,190,5537,188.98,20,4,0.021,1989,20241104,hyderabad,tablet,learn data analytics
A1378,data analytics course,198,4208,180.06,19,8,0.04,1462,20241108,hyderabad,mobile,data analytics training
A1379,data analytics course,87,5358,236.57,19,5,0.057,1141,20241102,hyderbad,tablet,learn data analytics
A1380,data analytics course,106,5583,218.81,13,3,0.028,1049,15112024,hyderabad,desktop,data analytics course
A1381,data analytics course,169,3069,227.7,12,5,0.03,1063,28112024,hyderabad,mobile,data analytics course
A1382,data analytics course,195,3738,202.08,18,7,0.046,1647,20241116,hyderabad,tablet,online data analytics
A1383,data analytics course,161,4852,235.1,10,8,0.05,1738,20241124,hyderabad,desktop,online data analytics
A1384,data analytics course,195,5120,249.6,26,3,0.015,1571,20241104,hyderabad,mobile,data analytics training
A1385,data analytics course,111,3550,231.81,10,9,0.081,1462,20241126,hyderabad,mobile,data analytics training
A1386,data analytics course,124,5618,205.95,25,7,0.056,1374,19112024,hyderbad,mobile,data analytics course
A1387,data analytics course,89,4700,219.95,28,6,0.067,1493,20241119,hyderabad,mobile,data analytics course
A1388,data analytics course,122,5874,201.04,10,7,0.046,1352,30112024,hyderbad,desktop,data analytics course
A1389,data analytics course,177,5965,199.7,28,3,0.017,1090,20241113,hyderabad,mobile,data analytics online
A1390,data analytics course,163,5774,221.61,29,9,0.055,1396,20241108,hyderabad,desktop,learn data analytics
A1391,data analytics course,124,4079,189.07,18,3,0.024,1430,20241123,hyderbad,desktop,data analytics course
A1392,data analytics course,105,3670,218.45,25,6,0.046,1650,20241122,hyderabad,desktop,online data analytics
A1393,data analytics course,122,3394,215.57,20,4,0.046,1053,20241103,hyderabad,mobile,data analytics online
A1394,data analytics course,166,5730,241.3,16,5,0.03,1505,20241117,hyderabad,mobile,data analytics online
A1395,data analytics course,96,3761,196.45,10,5,0.035,1518,20241130,hyderabad,tablet,online data analytics
A1396,data analytics course,135,4505,214.64,17,9,0.046,1500,6112024,hyderabad,mobile,online data analytics
A1397,data analytics course,179,3975,183.25,14,3,0.017,1505,20241106,hyderabad,tablet,data analytics course
A1398,data analytics course,163,0,206.46,14,3,0.046,1103,20241112,hyderabad,tablet,learn data analytics
A1399,data analytics course,198,5883,215.57,19,9,0.045,1182,27112024,hyderabad,mobile,data analytics online
A1400,data analytics course,86,3555,225.23,11,6,0.035,1193,20241111,hyderabad,desktop,data analytics training
A1401,data analytics course,89,3760,218.69,21,9,0.101,1474,25112024,hyderbad,desktop,learn data analytics
A1402,data analytics course,118,3596,236.66,29,9,0.076,1154,20241123,hyderabad,tablet,data analytics course
A1403,data analytics course,0,3217,232.15,21,8,0.046,1726,21112024,hyderabad,mobile,data analytics training
A1404,data analytics course,95,5386,184.96,23,8,0.051,1045,20112024,hyderabad,desktop,online data analytics
A1405,data analytics course,144,5381,199.43,10,10,0.069,1085,20241109,hyderbad,desktop,data analytics training
A1406,data analytics course,107,5536,238.75,15,3,0.034,1822,20241117,hyderabad,mobile,analytics for data
A1407,data analytics course,146,3165,211.09,16,7,0.048,1706,20241108,hyderabad,mobile,learn data analytics
A1408,data analytics course,114,5217,247.94,11,10,0.088,1876,20241118,hyderabad,desktop,data analytics online
A1409,data analytics course,162,4301,223.77,21,7,0.043,1066,20112024,hyderabad,mobile,learn data analytics
A1410,data analytics course,95,5971,214.57,29,10,0.046,1539,20241116,hyderabad,mobile,analytics for data
A1411,data analytics course,163,5160,184.84,19,4,0.041,1773,20241123,hyderabad,desktop,data analytics course
A1412,data analytics course,148,5947,212.38,12,4,0.046,1294,20241124,hyderbad,mobile,online data analytics
A1413,data analytics course,156,4150,223.17,20,10,0.064,1940,14112024,hyderbad,tablet,learn data analytics
A1414,data analytics course,99,4040,215.57,13,5,0.051,1502,20241126,hyderabad,tablet,online data analytics
A1415,data analytics course,124,5956,201.44,12,9,0.073,1598,20241124,hyderabad,tablet,data analytics online
A1416,data analytics course,138,4769,229.44,27,8,0.058,1505,19112024,hyderabad,mobile,data analytics training
A1417,data analytics course,140,3822,241.68,30,10,0.057,1138,20241119,hyderabad,tablet,data analytics course
A1418,data analytics course,81,3147,232.2,30,9,0.111,1066,20241129,hyderabad,mobile,data analytics course
A1419,data analytics course,165,4613,246.72,19,3,0.018,1055,20241111,hyderabad,tablet,data analytics training
A1420,data analytics course,193,4919,247.24,19,4,0.021,1933,25112024,hyderabad,desktop,data analytics online
A1421,data analytics course,149,5205,218.42,20,4,0.046,1070,20241128,hyderabad,mobile,online data analytics
A1422,data analytics course,81,3497,226.66,11,6,0.074,1047,20241119,hyderabad,mobile,data analytics online
A1423,data analytics course,153,4057,197.54,23,5,0.046,1926,22112024,hyderabad,tablet,data analytics online
A1424,data analytics course,127,5018,194.25,17,8,0.046,1350,20241121,hyderabad,mobile,data analytics online
A1425,data analytics course,99,4012,220.76,14,4,0.04,1698,20241112,hyderbad,tablet,data analytics training
A1426,data analytics course,104,3013,204.07,12,3,0.058,1016,20241120,hyderbad,mobile,learn data analytics
A1427,data analytics course,118,3824,184.8,16,5,0.042,1818,20241119,hyderabad,desktop,learn data analytics
A1428,data analytics course,148,5000,224.41,11,3,0.046,1491,20241130,hyderabad,mobile,online data analytics
A1429,data analytics course,88,3804,249.2,10,8,0.038,1044,20241109,hyderabad,tablet,data analytics training
A1430,data analytics course,142,3791,207.86,23,4,0.028,1073,20241120,hyderabad,tablet,data analytics online
A1431,data analytics course,127,5198,242.56,26,6,0.047,1872,20241116,hyderabad,tablet,learn data analytics
A1432,data analytics course,117,5329,212.49,14,5,0.046,1888,20241103,hyderabad,mobile,data analytics course
A1433,data analytics course,125,5435,202.65,25,5,0.04,1767,20241123,hyderabad,desktop,online data analytics
A1434,data analytics course,92,4977,209.78,26,3,0.046,1834,20241112,hyderabad,tablet,learn data analytics
A1435,data analytics course,112,3850,233.52,14,8,0.033,1760,20241122,hyderabad,desktop,data analytics course
A1436,data analytics course,144,5976,197.65,13,9,0.062,1743,20241122,hyderabad,mobile,data analytics course
A1437,data analytics course,103,4693,218.67,14,10,0.046,1390,20241109,hyderabad,mobile,learn data analytics
A1438,data analytics course,117,4367,233.27,24,3,0.046,1238,20241124,hyderabad,tablet,learn data analytics
A1439,data analytics course,100,5481,180.72,14,7,0.07,1185,20241102,hyderbad,desktop,analytics for data
A1440,data analytics course,179,4109,191.84,19,4,0.022,1961,2112024,hyderabad,tablet,online data analytics
A1441,data analytics course,180,3887,186.26,18,6,0.033,1048,5112024,hyderabad,desktop,data analytics course
A1442,data analytics course,146,4633,186.07,26,3,0.021,1053,20241125,hyderabad,desktop,data analytics training
A1443,data analytics course,124,5353,239.69,13,4,0.032,1493,20241119,hyderbad,desktop,learn data analytics
A1444,data analytics course,169,5380,199.66,27,6,0.036,1059,20241103,hyderabad,desktop,data analytics training
A1445,data analytics course,91,5104,211.85,29,9,0.046,1309,20241116,hyderabad,tablet,data analytics course
A1446,data analytics course,145,0,236.03,24,8,0.046,1220,17112024,hyderabad,desktop,online data analytics
A1447,data analytics course,115,4345,229.71,15,4,0.046,1467,20241126,hyderabad,mobile,data analytics course
A1448,data analytics course,123,3527,239.31,21,3,0.024,1536,4112024,hyderabad,tablet,analytics for data
A1449,data analytics course,101,3330,209.8,19,10,0.099,1296,20241114,hyderabad,mobile,data analytics training
A1450,data analytics course,141,3913,245.32,21,3,0.056,1904,20241115,hyderabad,desktop,analytics for data
A1451,data analytics course,160,4597,211.88,21,4,0.025,1505,20241121,hyderabad,desktop,data analytics training
A1452,data analytics course,105,3008,206.91,21,4,0.038,1009,20241110,hyderbad,desktop,online data analytics
A1453,data analytics course,178,5318,207.05,18,4,0.031,1421,20241120,hyderabad,desktop,data analytics online
A1454,data analytics course,189,5244,242.18,29,3,0.016,1080,20241107,hyderbad,mobile,analytics for data
A1455,data analytics course,114,4804,249.33,14,6,0.053,1879,5112024,hyderbad,mobile,data analytics course
A1456,data analytics course,160,5920,201.3,30,7,0.047,1080,20241118,hyderabad,tablet,data analytics course
A1457,data analytics course,101,5280,234.72,18,9,0.046,1046,27112024,hyderbad,tablet,data analytics course
A1458,data analytics course,146,3887,206.59,26,9,0.062,1042,7112024,hyderabad,desktop,online data analytics
A1459,data analytics course,128,4532,183.28,11,0,0.046,1571,25112024,hyderabad,desktop,data analytics training
A1460,data analytics course,163,4125,246.09,27,5,0.031,1910,20241127,hyderabad,mobile,learn data analytics
A1461,data analytics course,193,5571,213.5,19,8,0.059,1754,28112024,hyderabad,mobile,analytics for data
A1462,data analytics course,179,4309,237.62,21,7,0.039,1719,20241114,hyderabad,mobile,data analytics course
A1463,data analytics course,86,5538,223.13,22,7,0.037,1544,20241130,hyderabad,tablet,data analytics training
A1464,data analytics course,92,3162,202.76,25,5,0.046,1577,1112024,hyderabad,mobile,data analytics training
A1465,data analytics course,125,5811,194.92,14,0,0.03,1505,20241122,hyderabad,tablet,data analytics training
A1466,data analytics course,147,3112,206.74,12,8,0.054,1815,18112024,hyderabad,mobile,data analytics course
A1467,data analytics course,143,4492,188.98,13,3,0.056,1505,20241109,hyderabad,mobile,online data analytics
A1468,data analytics course,181,0,208.33,22,8,0.044,1932,20241105,hyderabad,tablet,online data analytics
A1469,data analytics course,164,3872,210.53,12,5,0.03,1532,20241112,hyderabad,tablet,data analytics online
A1470,data analytics course,199,4255,212.84,14,6,0.054,1125,20241122,hyderbad,desktop,learn data analytics
A1471,data analytics course,83,0,229.97,12,8,0.096,2000,30112024,hyderbad,desktop,analytics for data
A1472,data analytics course,150,5619,191.89,23,6,0.04,1735,20241119,hyderabad,desktop,data analytics training
A1473,data analytics course,171,5157,183.26,24,9,0.046,1430,9112024,hyderabad,desktop,data analytics online
A1474,data analytics course,139,4871,211.4,25,9,0.065,1247,20241129,hyderabad,mobile,data analytics training
A1475,data analytics course,117,5863,224.69,24,10,0.054,1580,16112024,hyderbad,mobile,data analytics online
A1476,data analytics course,196,3205,188.82,24,8,0.041,1837,24112024,hyderabad,desktop,data analytics course
A1477,data analytics course,184,5463,224.58,30,6,0.033,1565,20241126,hyderabad,tablet,data analytics training
A1478,data analytics course,103,5667,232.48,26,8,0.046,1888,20241116,hyderbad,tablet,learn data analytics
A1479,data analytics course,120,4666,180.72,30,3,0.053,1627,20241124,hyderabad,mobile,analytics for data
A1480,data analytics course,148,3632,214.46,28,10,0.046,1589,20241118,hyderabad,mobile,data analytics training
A1481,data analytics course,80,3834,181.22,15,3,0.037,1270,22112024,hyderabad,tablet,learn data analytics
A1482,data analytics course,168,3934,246.09,24,6,0.041,1592,24112024,hyderabad,tablet,data analytics online
A1483,data analytics course,136,5724,218.37,25,10,0.074,1268,20241118,hyderbad,desktop,data analytics course
A1484,data analytics course,86,4763,243.78,11,8,0.093,1770,13112024,hyderabad,mobile,learn data analytics
A1485,data analytics course,175,3095,236.86,22,4,0.023,1617,20241120,hyderabad,mobile,analytics for data
A1486,data analytics course,173,5554,185.09,22,4,0.023,1000,20241101,hyderbad,desktop,data analytics course
A1487,data analytics course,192,3407,223.29,29,9,0.047,1538,20241125,hyderbad,tablet,data analytics training
A1488,data analytics course,190,4465,241.38,28,5,0.026,1910,20241104,hyderabad,desktop,analytics for data
A1489,data analytics course,161,3311,221.64,16,5,0.031,1006,2112024,hyderabad,tablet,online data analytics
A1490,data analytics course,197,3265,200.4,15,3,0.015,1882,1112024,hyderbad,mobile,learn data analytics
A1491,data analytics course,80,4969,210.7,25,3,0.037,1146,20241105,hyderabad,tablet,analytics for data
A1492,data analytics course,145,5368,200.88,14,4,0.028,1125,20241127,hyderabad,tablet,learn data analytics
A1493,data analytics course,90,5851,232.94,22,8,0.089,1421,20241128,hyderabad,desktop,learn data analytics
A1494,data analytics course,109,4884,228.13,11,8,0.046,1680,20241115,hyderbad,desktop,data analytics training
A1495,data analytics course,130,5719,215.57,10,5,0.03,1208,20241123,hyderbad,desktop,analytics for data
A1496,data analytics course,179,5828,247.84,15,4,0.022,1127,20241114,hyderabad,mobile,analytics for data
A1497,data analytics course,181,4935,239.29,15,5,0.03,1497,9112024,hyderabad,desktop,data analytics training
A1498,data analytics course,188,4491,201.73,24,7,0.037,1906,20241121,hyderbad,mobile,online data analytics
A1499,data analytics course,139,3659,189.09,16,4,0.029,1892,20241129,hyderbad,desktop,data analytics training
A1500,data analytics course,99,4809,210.6,24,8,0.081,1505,13112024,hyderabad,mobile,data analytics course
A1501,data analytics course,95,5844,211.95,10,9,0.095,1444,20241108,hyderabad,tablet,learn data analytics
A1502,data analytics course,131,5559,215.57,28,5,0.035,1604,20241129,hyderbad,desktop,analytics for data
A1503,data analytics course,190,4630,217.6,27,4,0.046,1900,20241123,hyderabad,tablet,data analytics training
A1504,data analytics course,123,3340,225.16,23,8,0.046,1563,20241126,hyderabad,mobile,online data analytics
A1505,data analytics course,97,3330,182.98,15,3,0.031,1102,20241114,hyderbad,tablet,data analytics online
A1506,data analytics course,164,3117,198.53,25,5,0.046,1749,20241129,hyderbad,mobile,analytics for data
A1507,data analytics course,134,3562,247.59,24,10,0.075,1295,1112024,hyderabad,tablet,analytics for data
A1508,data analytics course,117,5144,221.76,23,3,0.038,1338,20241111,hyderbad,mobile,analytics for data
A1509,data analytics course,168,4375,215.57,19,8,0.048,1267,20241106,hyderbad,mobile,online data analytics
A1510,data analytics course,173,3328,224.17,15,10,0.043,1904,20241128,hyderabad,mobile,online data analytics
A1511,data analytics course,158,4336,238.29,26,9,0.052,1245,20241130,hyderbad,tablet,online data analytics
A1512,data analytics course,135,5063,195.58,22,6,0.044,1505,29112024,hyderbad,tablet,learn data analytics
A1513,data analytics course,182,5993,215.57,19,3,0.046,1254,19112024,hyderabad,desktop,data analytics training
A1514,data analytics course,83,3926,237.07,22,5,0.06,1667,20241107,hyderabad,mobile,analytics for data
A1515,data analytics course,85,5570,221.73,14,7,0.046,1292,29112024,hyderabad,tablet,data analytics online
A1516,data analytics course,98,5571,208.4,15,7,0.071,1890,14112024,hyderabad,desktop,analytics for data
A1517,data analytics course,151,5700,182.27,13,3,0.054,1255,20241123,hyderabad,mobile,data analytics course
A1518,data analytics course,122,4441,244.38,25,6,0.049,1505,2112024,hyderabad,desktop,analytics for data
A1519,data analytics course,84,4646,226.32,11,7,0.051,1596,20241130,hyderabad,tablet,analytics for data
A1520,data analytics course,127,5964,182.01,26,0,0.046,1490,25112024,hyderbad,desktop,data analytics course
A1521,data analytics course,148,4725,187.02,25,3,0.02,1586,20241115,hyderabad,mobile,learn data analytics
A1522,data analytics course,85,4230,233.73,18,8,0.046,1998,20241108,hyderbad,tablet,data analytics course
A1523,data analytics course,105,3880,246.63,19,8,0.051,1598,20241113,hyderabad,mobile,data analytics training
A1524,data analytics course,187,3842,214.35,28,5,0.031,1596,20241113,hyderabad,mobile,online data analytics
A1525,data analytics course,153,3143,244.73,12,10,0.065,1365,20241115,hyderabad,mobile,online data analytics
A1526,data analytics course,143,5781,208.63,21,9,0.05,1443,20241126,hyderbad,mobile,data analytics online
A1527,data analytics course,183,3790,202.48,21,8,0.037,1215,26112024,hyderabad,desktop,data analytics training
A1528,data analytics course,172,4250,235.2,28,7,0.046,1036,6112024,hyderbad,mobile,learn data analytics
A1529,data analytics course,98,3800,240.45,16,3,0.031,1700,20241101,hyderabad,desktop,data analytics course
A1530,data analytics course,87,4675,200.71,28,6,0.069,1428,20241120,hyderbad,mobile,analytics for data
A1531,data analytics course,84,5711,216.02,13,6,0.046,1654,20241117,hyderabad,desktop,data analytics training
A1532,data analytics course,151,3022,191.35,13,4,0.026,1133,20241118,hyderabad,mobile,learn data analytics
A1533,data analytics course,113,5407,203.23,15,9,0.037,1745,20241116,hyderabad,desktop,data analytics training
A1534,data analytics course,89,5095,202.21,22,4,0.056,1065,20241107,hyderabad,tablet,data analytics course
A1535,data analytics course,174,3587,217.67,10,7,0.04,1226,22112024,hyderabad,mobile,data analytics training
A1536,data analytics course,166,5524,205.53,25,7,0.046,1241,24112024,hyderabad,mobile,analytics for data
A1537,data analytics course,196,3777,246.52,0,5,0.026,1159,20241115,hyderabad,desktop,data analytics course
A1538,data analytics course,97,3480,233.32,22,3,0.031,1008,20241128,hyderabad,desktop,data analytics online
A1539,data analytics course,89,4200,200.98,23,8,0.046,1476,23112024,hyderabad,mobile,data analytics course
A1540,data analytics course,130,5384,218.6,24,8,0.062,1943,20241128,hyderbad,mobile,learn data analytics
A1541,data analytics course,103,4766,245.34,11,8,0.078,1488,20241108,hyderabad,desktop,analytics for data
A1542,data analytics course,138,3322,196.83,17,8,0.058,1505,20241101,hyderabad,desktop,online data analytics
A1543,data analytics course,127,4625,207.62,17,3,0.024,1811,20241117,hyderabad,desktop,learn data analytics
A1544,data analytics course,170,4689,195.98,26,6,0.035,1873,20241114,hyderabad,desktop,data analytics online
A1545,data analytics course,115,3764,197.47,20,5,0.046,1952,20241127,hyderabad,desktop,learn data analytics
A1546,data analytics course,132,3365,198.01,17,9,0.068,1161,20241114,hyderabad,desktop,analytics for data
A1547,data analytics course,168,3392,230.77,15,9,0.054,1504,20241111,hyderabad,mobile,online data analytics
A1548,data analytics course,145,5978,223.3,30,10,0.046,1859,20241120,hyderabad,mobile,online data analytics
A1549,data analytics course,163,3340,217.35,26,7,0.043,1751,24112024,hyderabad,tablet,data analytics training
A1550,data analytics course,84,4407,192.52,19,10,0.119,1221,20241103,hyderabad,tablet,learn data analytics
A1551,data analytics course,124,3180,180.8,17,6,0.048,1822,20241111,hyderabad,mobile,online data analytics
A1552,data analytics course,162,4947,233.76,23,6,0.045,1973,20241115,hyderabad,tablet,data analytics course
A1553,data analytics course,119,4480,184.25,20,3,0.025,1985,22112024,hyderabad,mobile,online data analytics
A1554,data analytics course,151,5595,246.66,24,4,0.026,1921,20241129,hyderabad,desktop,learn data analytics
A1555,data analytics course,190,4808,199.94,16,6,0.032,1454,20241103,hyderabad,desktop,data analytics online
A1556,data analytics course,138,3382,204.12,27,7,0.051,1386,5112024,hyderabad,tablet,learn data analytics
A1557,data analytics course,100,4643,214.46,16,9,0.09,1179,20241103,hyderabad,tablet,online data analytics
A1558,data analytics course,187,5400,210.0,14,7,0.046,1945,20241115,hyderbad,desktop,analytics for data
A1559,data analytics course,176,3400,191.5,29,3,0.046,1429,28112024,hyderbad,mobile,online data analytics
A1560,data analytics course,117,4223,215.57,28,6,0.059,1489,20241110,hyderabad,mobile,data analytics training
A1561,data analytics course,196,0,206.31,24,8,0.051,1426,20241123,hyderabad,tablet,data analytics online
A1562,data analytics course,155,3864,222.17,12,3,0.046,1407,20241121,hyderabad,mobile,data analytics training
A1563,data analytics course,188,3838,240.99,15,3,0.016,1951,10112024,hyderabad,mobile,data analytics course
A1564,data analytics course,81,5659,222.98,25,4,0.057,1654,20241119,hyderabad,tablet,data analytics online
A1565,data analytics course,125,4794,215.57,28,7,0.051,1453,20241122,hyderabad,desktop,data analytics online
A1566,data analytics course,158,5214,222.28,21,3,0.019,1630,3112024,hyderabad,desktop,data analytics course
A1567,data analytics course,133,5762,196.02,10,5,0.038,1505,20241103,hyderabad,tablet,data analytics course
A1568,data analytics course,128,5026,239.88,15,9,0.07,1745,20241125,hyderbad,mobile,analytics for data
A1569,data analytics course,148,3883,181.4,30,4,0.027,1966,20241116,hyderabad,desktop,analytics for data
A1570,data analytics course,92,4605,234.69,29,3,0.046,1264,20241130,hyderbad,mobile,data analytics training
A1571,data analytics course,147,0,205.83,25,8,0.046,1728,20241102,hyderabad,desktop,data analytics course
A1572,data analytics course,136,5454,247.7,13,6,0.044,1687,20241106,hyderabad,mobile,data analytics online
A1573,data analytics course,132,4957,220.43,28,6,0.045,1218,3112024,hyderbad,mobile,online data analytics
A1574,data analytics course,173,0,241.61,28,3,0.017,1191,20241113,hyderabad,tablet,learn data analytics
A1575,data analytics course,85,4747,224.35,26,5,0.059,1087,1112024,hyderabad,tablet,data analytics course
A1576,data analytics course,129,5874,200.17,12,5,0.039,1405,20241129,hyderabad,tablet,online data analytics
A1577,data analytics course,181,4730,243.35,16,4,0.046,1975,20241120,hyderabad,mobile,online data analytics
A1578,data analytics course,85,5341,249.64,21,6,0.032,1388,20241110,hyderbad,mobile,online data analytics
A1579,data analytics course,92,4327,188.6,14,7,0.046,1140,20241122,hyderabad,tablet,data analytics training
A1580,data analytics course,192,0,180.82,27,4,0.021,1847,9112024,hyderabad,mobile,data analytics training
A1581,data analytics course,146,4484,194.67,27,9,0.052,1234,20241102,hyderbad,tablet,data analytics training
A1582,data analytics course,178,4311,205.46,18,4,0.022,1671,20241118,hyderabad,tablet,analytics for data
A1583,data analytics course,197,3009,233.44,22,9,0.046,1374,18112024,hyderabad,tablet,analytics for data
A1584,data analytics course,176,3110,205.23,23,5,0.028,1746,20241119,hyderabad,desktop,online data analytics
A1585,data analytics course,98,3365,224.28,27,9,0.046,1108,27112024,hyderabad,desktop,data analytics training
A1586,data analytics course,105,3274,187.89,24,4,0.038,1360,20241109,hyderabad,desktop,learn data analytics
A1587,data analytics course,113,3231,210.13,19,10,0.041,1234,20241115,hyderbad,desktop,online data analytics
A1588,data analytics course,0,3440,246.53,13,10,0.046,1217,27112024,hyderabad,tablet,online data analytics
A1589,data analytics course,88,5196,197.32,26,5,0.057,1438,20241103,hyderabad,desktop,online data analytics
A1590,data analytics course,106,5321,239.76,11,7,0.066,1910,24112024,hyderabad,desktop,data analytics training
A1591,data analytics course,148,5841,243.09,15,7,0.047,1535,29112024,hyderabad,mobile,data analytics online
A1592,data analytics course,174,0,227.96,25,5,0.029,1566,20241115,hyderbad,tablet,online data analytics
A1593,data analytics course,196,5776,227.24,30,4,0.02,1505,4112024,hyderabad,mobile,data analytics training
A1594,data analytics course,128,4729,243.45,25,9,0.031,1782,20241123,hyderabad,desktop,learn data analytics
A1595,data analytics course,163,5371,215.89,29,7,0.043,1906,20241105,hyderabad,tablet,data analytics course
A1596,data analytics course,183,5268,203.65,17,5,0.027,1731,20241112,hyderabad,mobile,learn data analytics
A1597,data analytics course,196,5386,224.31,23,4,0.02,1423,20241130,hyderabad,tablet,learn data analytics
A1598,data analytics course,121,4432,218.71,25,10,0.046,1568,20241113,hyderabad,desktop,analytics for data
A1599,data analytics course,174,3031,242.32,25,6,0.034,1381,20241108,hyderabad,mobile,online data analytics
A1600,data analytics course,142,5999,214.05,27,0,0.046,1064,20241121,hyderabad,desktop,analytics for data
A1601,data analytics course,118,3274,222.62,10,3,0.025,1716,9112024,hyderbad,tablet,analytics for data
A1602,data analytics course,118,5889,193.01,17,10,0.085,1789,20241110,hyderabad,desktop,online data analytics
A1603,data analytics course,149,5601,222.01,15,6,0.04,1514,25112024,hyderabad,desktop,analytics for data
A1604,data analytics course,127,4295,212.6,26,10,0.079,1713,19112024,hyderabad,tablet,data analytics course
A1605,data analytics course,195,5135,226.37,17,3,0.046,1505,20241124,hyderbad,desktop,data analytics training
A1606,data analytics course,173,5233,229.38,28,7,0.046,1322,20241116,hyderabad,mobile,learn data analytics
A1607,data analytics course,131,5727,218.65,28,4,0.031,1631,20241107,hyderabad,mobile,data analytics training
A1608,data analytics course,105,4691,213.15,21,3,0.035,1276,20241122,hyderabad,desktop,analytics for data
A1609,data analytics course,104,3409,207.63,19,4,0.046,1195,20241116,hyderabad,mobile,analytics for data
A1610,data analytics course,139,4333,230.05,19,6,0.043,1407,21112024,hyderbad,desktop,analytics for data
A1611,data analytics course,110,4430,197.84,23,5,0.045,1505,20241115,hyderabad,mobile,learn data analytics
A1612,data analytics course,193,4860,181.27,14,5,0.026,1505,20241116,hyderabad,desktop,online data analytics
A1613,data analytics course,109,4396,188.6,11,10,0.092,1451,18112024,hyderabad,mobile,data analytics training
A1614,data analytics course,141,5000,223.7,29,10,0.071,1909,20241112,hyderabad,tablet,data analytics online
A1615,data analytics course,182,3487,211.71,23,7,0.038,1027,20241124,hyderabad,mobile,data analytics online
A1616,data analytics course,179,4236,245.01,23,7,0.039,1822,20241107,hyderabad,mobile,learn data analytics
A1617,data analytics course,89,5349,215.57,0,8,0.09,1371,28112024,hyderabad,tablet,data analytics online
A1618,data analytics course,181,5678,226.89,22,10,0.046,1992,20241102,hyderbad,tablet,data analytics training
A1619,data analytics course,85,5247,219.97,15,7,0.082,1612,20241120,hyderabad,desktop,analytics for data
A1620,data analytics course,179,3685,202.66,15,0,0.039,1634,20241118,hyderabad,desktop,data analytics course
A1621,data analytics course,172,5862,202.0,23,4,0.023,1469,20241128,hyderbad,desktop,online data analytics
A1622,data analytics course,196,5040,197.08,11,9,0.046,1774,22112024,hyderabad,desktop,data analytics course
A1623,data analytics course,0,3423,223.95,30,4,0.055,1480,20241103,hyderabad,desktop,analytics for data
A1624,data analytics course,135,5981,228.66,26,6,0.046,1515,12112024,hyderabad,desktop,data analytics training
A1625,data analytics course,97,3495,230.83,16,6,0.062,1675,20241123,hyderabad,tablet,analytics for data
A1626,data analytics course,137,3702,215.41,25,9,0.066,1010,10112024,hyderabad,desktop,learn data analytics
A1627,data analytics course,164,3405,217.58,10,3,0.018,1885,20241130,hyderbad,desktop,data analytics online
A1628,data analytics course,178,3370,180.66,25,9,0.051,1830,20241124,hyderbad,desktop,online data analytics
A1629,data analytics course,146,4455,227.13,16,5,0.046,1040,24112024,hyderbad,tablet,online data analytics
A1630,data analytics course,149,4670,218.31,10,10,0.067,1623,20241102,hyderbad,mobile,analytics for data
A1631,data analytics course,193,4287,204.62,15,3,0.046,1800,20241109,hyderabad,tablet,data analytics training
A1632,data analytics course,0,3546,183.41,27,7,0.046,1701,20241128,hyderabad,mobile,data analytics training
A1633,data analytics course,106,4740,229.13,19,3,0.028,1149,20241111,hyderabad,desktop,online data analytics
A1634,data analytics course,131,5642,184.57,20,9,0.046,1827,16112024,hyderabad,mobile,data analytics course
A1635,data analytics course,111,4161,185.58,10,7,0.046,1434,20241104,hyderabad,desktop,data analytics training
A1636,data analytics course,144,4241,181.4,24,5,0.035,1693,20241119,hyderabad,mobile,online data analytics
A1637,data analytics course,151,5875,192.46,28,0,0.046,1459,20241118,hyderabad,mobile,data analytics online
A1638,data analytics course,146,5457,215.57,15,5,0.034,1029,20241102,hyderbad,desktop,data analytics course
A1639,data analytics course,133,4780,198.66,22,4,0.03,1905,9112024,hyderabad,tablet,online data analytics
A1640,data analytics course,0,5922,239.1,12,3,0.048,1733,20241106,hyderabad,desktop,data analytics course
A1641,data analytics course,82,3454,228.02,30,7,0.049,1463,20241109,hyderabad,desktop,learn data analytics
A1642,data analytics course,135,3449,200.06,17,5,0.037,1950,20241107,hyderabad,mobile,data analytics course
A1643,data analytics course,199,4287,235.58,12,10,0.05,1276,20241110,hyderabad,tablet,data analytics course
A1644,data analytics course,123,5000,187.67,25,3,0.024,1351,20241107,hyderabad,tablet,data analytics online
A1645,data analytics course,154,3437,211.63,28,4,0.026,1604,20241114,hyderabad,tablet,data analytics training
A1646,data analytics course,88,3475,191.96,12,7,0.08,1204,20241125,hyderabad,desktop,online data analytics
A1647,data analytics course,165,4889,180.19,21,4,0.024,1458,20241119,hyderabad,mobile,analytics for data
A1648,data analytics course,87,3639,220.76,22,3,0.036,1231,20241114,hyderabad,mobile,analytics for data
A1649,data analytics course,147,3959,181.18,27,9,0.061,1627,20241126,hyderbad,mobile,analytics for data
A1650,data analytics course,137,5400,180.04,10,10,0.073,1375,20241129,hyderabad,tablet,analytics for data
A1651,data analytics course,188,5528,245.03,13,10,0.053,1202,20241129,hyderabad,desktop,analytics for data
A1652,data analytics course,162,5456,193.69,10,6,0.037,1992,20241129,hyderabad,tablet,online data analytics
A1653,data analytics course,102,4308,221.54,13,7,0.06,1096,20241108,hyderabad,mobile,data analytics online
A1654,data analytics course,120,3245,196.09,15,9,0.075,1056,20241122,hyderabad,desktop,data analytics training
A1655,data analytics course,125,3339,205.32,18,4,0.054,1985,28112024,hyderabad,desktop,data analytics course
A1656,data analytics course,155,5977,187.28,16,7,0.046,1607,20241110,hyderabad,desktop,online data analytics
A1657,data analytics course,137,4231,226.49,25,5,0.036,1078,20241112,hyderabad,tablet,analytics for data
A1658,data analytics course,91,4506,195.99,12,3,0.045,1179,20241122,hyderbad,tablet,learn data analytics
A1659,data analytics course,87,4869,220.97,29,5,0.057,1480,20241105,hyderabad,desktop,data analytics training
A1660,data analytics course,124,5716,217.84,28,8,0.046,1791,20241124,hyderabad,mobile,data analytics training
A1661,data analytics course,128,3243,208.41,14,6,0.037,1514,2112024,hyderabad,mobile,online data analytics
A1662,data analytics course,111,3911,239.24,28,9,0.046,1097,20241101,hyderabad,tablet,online data analytics
A1663,data analytics course,89,3982,209.87,27,7,0.079,1920,4112024,hyderabad,desktop,data analytics course
A1664,data analytics course,107,5299,207.36,19,8,0.046,1567,20241126,hyderabad,tablet,data analytics training
A1665,data analytics course,181,4150,236.69,15,5,0.046,1251,20241110,hyderabad,mobile,data analytics online
A1666,data analytics course,110,5925,188.18,29,9,0.082,1682,23112024,hyderabad,desktop,data analytics training
A1667,data analytics course,85,4010,195.26,17,4,0.042,1853,6112024,hyderabad,mobile,data analytics online
A1668,data analytics course,125,5767,215.57,12,8,0.035,1020,20241119,hyderabad,tablet,data analytics online
A1669,data analytics course,163,0,215.57,11,3,0.018,1819,20241120,hyderabad,tablet,data analytics training
A1670,data analytics course,129,3787,229.81,10,6,0.047,1221,20241113,hyderabad,desktop,online data analytics
A1671,data analytics course,112,4834,212.27,11,7,0.062,1524,20241127,hyderabad,mobile,data analytics online
A1672,data analytics course,104,3031,188.47,13,6,0.043,1998,20241105,hyderabad,desktop,data analytics training
A1673,data analytics course,132,3754,180.88,21,10,0.076,1601,20241124,hyderabad,mobile,online data analytics
A1674,data analytics course,113,3281,241.85,16,6,0.053,1505,8112024,hyderabad,tablet,data analytics online
A1675,data analytics course,109,4910,236.2,0,8,0.054,1145,20241108,hyderabad,tablet,data analytics training
A1676,data analytics course,144,5026,231.82,14,4,0.028,1645,20241110,hyderbad,desktop,data analytics course
A1677,data analytics course,179,5091,238.62,10,6,0.034,1259,24112024,hyderabad,mobile,learn data analytics
A1678,data analytics course,0,5622,190.87,14,8,0.046,1400,17112024,hyderbad,mobile,analytics for data
A1679,data analytics course,116,4538,221.74,23,9,0.078,1639,20241124,hyderbad,desktop,data analytics training
A1680,data analytics course,89,3509,192.14,27,9,0.101,1564,20241112,hyderabad,mobile,online data analytics
A1681,data analytics course,96,3346,248.48,15,7,0.073,1118,20241128,hyderbad,desktop,data analytics online
A1682,data analytics course,193,4706,213.41,24,8,0.046,1058,20241109,hyderabad,desktop,data analytics course
A1683,data analytics course,122,3896,194.3,23,3,0.025,1355,21112024,hyderabad,mobile,data analytics course
A1684,data analytics course,133,3332,201.59,14,7,0.046,1943,20241115,hyderabad,tablet,data analytics course
A1685,data analytics course,177,5738,249.21,11,7,0.04,1435,16112024,hyderabad,mobile,data analytics training
A1686,data analytics course,162,5346,223.12,25,5,0.031,1052,28112024,hyderbad,desktop,data analytics course
A1687,data analytics course,182,5857,192.69,15,4,0.048,1384,20241102,hyderabad,desktop,data analytics course
A1688,data analytics course,154,4836,233.8,26,10,0.046,1838,20241130,hyderabad,desktop,data analytics course
A1689,data analytics course,104,5291,186.93,19,10,0.096,1805,20241129,hyderbad,tablet,data analytics course
A1690,data analytics course,101,4840,230.68,21,9,0.089,1556,20241122,hyderabad,desktop,data analytics training
A1691,data analytics course,173,4246,202.95,27,3,0.017,1276,20241129,hyderabad,tablet,learn data analytics
A1692,data analytics course,186,5824,224.48,29,6,0.046,1882,20241128,hyderabad,mobile,data analytics online
A1693,data analytics course,148,5952,186.32,14,4,0.044,1469,10112024,hyderabad,mobile,data analytics course
A1694,data analytics course,181,3691,229.14,25,10,0.046,1375,20241106,hyderbad,mobile,analytics for data
A1695,data analytics course,110,4350,243.88,16,9,0.046,1157,15112024,hyderbad,tablet,online data analytics
A1696,data analytics course,151,5656,191.95,18,7,0.046,1813,2112024,hyderabad,mobile,data analytics online
A1697,data analytics course,90,4566,228.82,29,9,0.051,1697,20241113,hyderbad,desktop,data analytics training
A1698,data analytics course,111,4245,245.76,22,8,0.072,1505,20241107,hyderbad,desktop,online data analytics
A1699,data analytics course,170,5053,217.41,16,9,0.031,1497,17112024,hyderabad,mobile,data analytics training
A1700,data analytics course,112,5093,228.8,23,7,0.062,1188,17112024,hyderabad,desktop,analytics for data
A1701,data analytics course,188,5336,188.73,17,3,0.016,1601,20241103,hyderabad,tablet,online data analytics
A1702,data analytics course,85,4963,186.21,14,6,0.046,1747,5112024,hyderabad,mobile,data analytics course
A1703,data analytics course,94,4544,235.77,23,8,0.046,1342,20241105,hyderabad,tablet,online data analytics
A1704,data analytics course,177,4901,217.54,20,10,0.056,1975,20241113,hyderabad,tablet,data analytics online
A1705,data analytics course,150,5275,192.7,14,4,0.027,1170,27112024,hyderabad,tablet,data analytics online
A1706,data analytics course,88,5225,202.97,22,6,0.068,1128,13112024,hyderbad,tablet,online data analytics
A1707,data analytics course,128,4857,212.61,14,5,0.039,1538,25112024,hyderbad,desktop,data analytics online
A1708,data analytics course,163,5310,242.76,26,9,0.055,1793,20241112,hyderabad,mobile,learn data analytics
A1709,data analytics course,147,5014,193.08,12,8,0.054,1017,20241111,hyderabad,tablet,online data analytics
A1710,data analytics course,191,5855,196.54,29,3,0.016,1085,21112024,hyderbad,desktop,data analytics course
A1711,data analytics course,0,5916,234.46,17,6,0.044,1982,20241102,hyderabad,desktop,data analytics course
A1712,data analytics course,115,3952,229.18,25,4,0.035,1440,20112024,hyderabad,tablet,online data analytics
A1713,data analytics course,123,4208,212.92,29,6,0.049,1184,20241105,hyderbad,desktop,learn data analytics
A1714,data analytics course,121,5517,222.14,16,7,0.046,1682,20241102,hyderabad,tablet,learn data analytics
A1715,data analytics course,126,5460,210.83,24,10,0.079,1326,20241114,hyderabad,tablet,online data analytics
A1716,data analytics course,110,3159,197.92,26,10,0.091,1608,20241118,hyderabad,mobile,data analytics online
A1717,data analytics course,190,5545,223.96,13,7,0.037,1344,20241114,hyderbad,tablet,analytics for data
A1718,data analytics course,148,3668,245.79,15,10,0.068,1718,20241125,hyderabad,desktop,data analytics course
A1719,data analytics course,86,5663,231.79,19,10,0.116,1547,17112024,hyderabad,mobile,data analytics training
A1720,data analytics course,172,3123,216.67,15,0,0.046,1759,2112024,hyderabad,desktop,online data analytics
A1721,data analytics course,143,5638,229.41,23,4,0.058,1398,20241103,hyderbad,desktop,online data analytics
A1722,data analytics course,172,4436,232.16,21,7,0.041,1050,20241127,hyderabad,mobile,learn data analytics
A1723,data analytics course,138,5555,188.55,14,8,0.058,1593,24112024,hyderabad,desktop,data analytics training
A1724,data analytics course,132,4972,248.45,25,9,0.046,1126,20241119,hyderabad,tablet,data analytics online
A1725,data analytics course,174,3231,215.57,10,7,0.04,1128,20241112,hyderabad,mobile,data analytics course
A1726,data analytics course,154,3461,235.36,18,4,0.046,1212,18112024,hyderabad,tablet,data analytics online
A1727,data analytics course,126,3423,236.21,25,9,0.071,1106,20112024,hyderabad,tablet,data analytics training
A1728,data analytics course,138,4025,220.96,21,7,0.051,1416,20241124,hyderabad,tablet,data analytics online
A1729,data analytics course,193,3800,199.76,27,9,0.047,1393,20241117,hyderabad,mobile,data analytics course
A1730,data analytics course,156,5293,210.43,26,6,0.038,1449,28112024,hyderabad,tablet,data analytics course
A1731,data analytics course,142,3565,180.39,26,5,0.035,1147,20241101,hyderabad,tablet,data analytics training
A1732,data analytics course,92,4296,239.12,11,10,0.046,1169,20241102,hyderabad,tablet,data analytics training
A1733,data analytics course,190,3567,249.26,0,7,0.057,1517,20241126,hyderbad,desktop,data analytics online
A1734,data analytics course,134,4854,198.93,21,8,0.06,1101,3112024,hyderabad,desktop,analytics for data
A1735,data analytics course,144,0,186.47,29,8,0.056,1437,29112024,hyderabad,mobile,data analytics course
A1736,data analytics course,117,4630,196.66,15,8,0.046,1361,17112024,hyderabad,desktop,online data analytics
A1737,data analytics course,160,3448,210.38,19,7,0.044,1705,14112024,hyderbad,desktop,data analytics course
A1738,data analytics course,146,5297,198.89,30,8,0.055,2000,20241102,hyderbad,desktop,data analytics training
A1739,data analytics course,175,3818,190.89,30,10,0.039,1088,20241110,hyderabad,tablet,data analytics online
A1740,data analytics course,122,4791,223.16,12,4,0.033,1246,5112024,hyderbad,tablet,learn data analytics
A1741,data analytics course,85,3713,225.74,23,5,0.047,1867,24112024,hyderabad,tablet,data analytics online
A1742,data analytics course,167,3634,202.75,30,10,0.06,1503,20241123,hyderbad,desktop,data analytics training
A1743,data analytics course,158,3025,180.5,24,9,0.046,1725,26112024,hyderabad,tablet,data analytics training
A1744,data analytics course,176,5868,184.46,0,4,0.023,1229,20241120,hyderabad,desktop,data analytics course
A1745,data analytics course,111,3050,208.87,10,7,0.063,1774,20241126,hyderabad,tablet,analytics for data
A1746,data analytics course,186,5301,215.57,14,9,0.046,1230,20241117,hyderabad,desktop,learn data analytics
A1747,data analytics course,177,3042,239.64,26,4,0.023,1646,20241120,hyderabad,mobile,data analytics course
A1748,data analytics course,150,5272,239.06,13,9,0.06,1232,1112024,hyderabad,desktop,online data analytics
A1749,data analytics course,160,4279,191.56,22,10,0.039,1234,12112024,hyderbad,mobile,data analytics course
A1750,data analytics course,147,5659,188.07,22,4,0.045,1796,25112024,hyderabad,mobile,analytics for data
A1751,data analytics course,198,4816,224.96,21,4,0.042,1601,5112024,hyderabad,mobile,online data analytics
A1752,data analytics course,145,3874,215.57,10,10,0.069,1153,20241130,hyderabad,mobile,data analytics training
A1753,data analytics course,94,5221,225.23,17,3,0.036,1209,19112024,hyderbad,tablet,learn data analytics
A1754,data analytics course,90,5859,187.29,17,5,0.056,1375,16112024,hyderbad,mobile,analytics for data
A1755,data analytics course,182,5055,232.64,26,8,0.036,1815,10112024,hyderabad,mobile,data analytics training
A1756,data analytics course,0,4373,199.32,16,5,0.046,1150,20241102,hyderbad,desktop,data analytics training
A1757,data analytics course,0,0,234.85,11,8,0.046,1398,20241104,hyderabad,desktop,data analytics training
A1758,data analytics course,103,3547,232.35,11,8,0.078,1663,26112024,hyderbad,tablet,learn data analytics
A1759,data analytics course,148,3128,197.02,27,9,0.061,1214,20241112,hyderabad,tablet,data analytics training
A1760,data analytics course,151,5201,198.56,15,10,0.066,1716,20241105,hyderabad,tablet,data analytics training
A1761,data analytics course,148,5510,210.42,27,4,0.048,1352,20241106,hyderabad,mobile,learn data analytics
A1762,data analytics course,103,5628,195.6,24,8,0.034,1065,20241109,hyderabad,mobile,analytics for data
A1763,data analytics course,115,5445,183.55,21,7,0.059,1721,20241107,hyderabad,tablet,data analytics course
A1764,data analytics course,160,5936,239.87,29,4,0.046,1320,20241124,hyderabad,mobile,analytics for data
A1765,data analytics course,166,5808,194.79,14,8,0.048,1799,20241114,hyderabad,tablet,data analytics training
A1766,data analytics course,187,3282,234.91,10,7,0.041,1525,29112024,hyderbad,mobile,online data analytics
A1767,data analytics course,172,3334,243.12,30,9,0.052,1505,20241108,hyderabad,mobile,online data analytics
A1768,data analytics course,172,5546,241.81,24,10,0.058,1681,20241103,hyderabad,desktop,learn data analytics
A1769,data analytics course,187,5734,187.44,10,8,0.043,1183,23112024,hyderabad,tablet,analytics for data
A1770,data analytics course,196,4964,249.47,26,9,0.046,1996,20241119,hyderabad,mobile,learn data analytics
A1771,data analytics course,131,4774,240.53,24,7,0.053,1505,9112024,hyderbad,tablet,data analytics training
A1772,data analytics course,103,5244,205.9,22,7,0.032,1954,20241116,hyderabad,mobile,analytics for data
A1773,data analytics course,114,3064,196.01,23,6,0.053,1348,30112024,hyderabad,mobile,learn data analytics
A1774,data analytics course,116,3265,199.21,24,10,0.086,1006,21112024,hyderbad,mobile,learn data analytics
A1775,data analytics course,164,5351,217.9,10,9,0.055,1431,20241112,hyderabad,tablet,online data analytics
A1776,data analytics course,160,5830,215.57,15,10,0.062,1270,26112024,hyderabad,mobile,online data analytics
A1777,data analytics course,112,4808,221.57,17,7,0.062,1186,20241125,hyderabad,desktop,data analytics online
A1778,data analytics course,87,5506,188.77,11,5,0.046,1774,20241122,hyderabad,mobile,learn data analytics
A1779,data analytics course,0,4798,198.45,20,10,0.046,1937,20241114,hyderbad,mobile,data analytics training
A1780,data analytics course,139,5763,214.49,15,5,0.045,1781,20241101,hyderbad,desktop,data analytics online
A1781,data analytics course,193,3271,187.76,30,9,0.053,1209,20241113,hyderabad,tablet,online data analytics
A1782,data analytics course,151,4402,248.65,21,4,0.046,1722,19112024,hyderbad,desktop,data analytics online
A1783,data analytics course,90,4281,216.36,24,4,0.046,1768,20241104,hyderabad,mobile,learn data analytics
A1784,data analytics course,169,4480,215.57,11,10,0.059,1769,20241128,hyderbad,tablet,online data analytics
A1785,data analytics course,197,4373,218.3,18,9,0.059,1988,20241114,hyderabad,desktop,learn data analytics
A1786,data analytics course,132,0,219.44,17,3,0.055,1949,20241124,hyderabad,desktop,learn data analytics
A1787,data analytics course,96,5503,243.51,11,6,0.062,1687,20241102,hyderabad,desktop,data analytics online
A1788,data analytics course,160,4154,230.16,15,6,0.046,1667,20241116,hyderbad,mobile,online data analytics
A1789,data analytics course,162,5161,240.72,16,7,0.046,1649,20241115,hyderabad,tablet,learn data analytics
A1790,data analytics course,171,5517,233.86,23,5,0.029,1349,24112024,hyderabad,tablet,data analytics course
A1791,data analytics course,110,4161,204.28,16,10,0.046,1447,20241114,hyderbad,mobile,data analytics online
A1792,data analytics course,103,5332,243.72,16,3,0.029,1882,20241128,hyderabad,desktop,online data analytics
A1793,data analytics course,167,3620,243.81,24,8,0.053,1001,20241105,hyderabad,desktop,data analytics course
A1794,data analytics course,132,4117,239.04,28,3,0.023,1761,20241107,hyderbad,mobile,analytics for data
A1795,data analytics course,145,5400,219.89,29,3,0.046,1152,20112024,hyderbad,tablet,data analytics course
A1796,data analytics course,140,5220,183.39,25,8,0.057,1918,11112024,hyderabad,desktop,learn data analytics
A1797,data analytics course,122,0,217.66,25,10,0.053,1799,20241126,hyderbad,tablet,data analytics online
A1798,data analytics course,87,4081,180.63,20,4,0.046,1665,20241108,hyderabad,tablet,data analytics online
A1799,data analytics course,141,4239,199.82,15,5,0.035,1639,20241127,hyderbad,mobile,data analytics training
A1800,data analytics course,157,3367,248.9,0,8,0.051,1470,30112024,hyderabad,tablet,data analytics training
A1801,data analytics course,95,5721,208.53,16,6,0.063,1863,20241105,hyderabad,mobile,data analytics course
A1802,data analytics course,160,5166,210.21,20,7,0.044,1850,20241121,hyderbad,desktop,data analytics course
A1803,data analytics course,133,5430,217.34,16,6,0.045,1199,20241114,hyderabad,mobile,data analytics online
A1804,data analytics course,154,3452,215.61,21,7,0.058,1631,20241102,hyderabad,mobile,analytics for data
A1805,data analytics course,188,0,220.11,13,4,0.021,1262,29112024,hyderabad,tablet,data analytics online
A1806,data analytics course,186,5073,233.58,15,4,0.046,1965,20241104,hyderbad,tablet,online data analytics
A1807,data analytics course,101,5757,249.33,25,9,0.035,1129,20241101,hyderabad,mobile,learn data analytics
A1808,data analytics course,150,3323,227.55,14,4,0.027,1931,20241118,hyderbad,mobile,data analytics course
A1809,data analytics course,127,5417,229.06,26,8,0.063,1086,20241121,hyderabad,tablet,learn data analytics
A1810,data analytics course,117,5445,213.9,10,5,0.043,1804,19112024,hyderabad,desktop,data analytics course
A1811,data analytics course,152,5173,230.47,15,5,0.036,1779,20241126,hyderabad,desktop,learn data analytics
A1812,data analytics course,87,3643,220.76,27,7,0.046,1393,20241103,hyderabad,desktop,data analytics online
A1813,data analytics course,181,3863,180.12,17,7,0.035,1892,20241128,hyderbad,desktop,data analytics course
A1814,data analytics course,147,3661,191.67,17,4,0.027,1505,24112024,hyderbad,desktop,online data analytics
A1815,data analytics course,173,5463,232.38,17,5,0.029,1568,20241126,hyderabad,desktop,analytics for data
A1816,data analytics course,123,3459,211.88,21,4,0.033,1223,24112024,hyderabad,tablet,learn data analytics
A1817,data analytics course,162,3906,237.24,13,5,0.033,1062,20241110,hyderabad,desktop,data analytics training
A1818,data analytics course,135,4645,182.94,12,0,0.046,1927,20241130,hyderabad,desktop,online data analytics
A1819,data analytics course,169,3317,232.35,29,3,0.049,1988,20241124,hyderabad,mobile,data analytics training
A1820,data analytics course,120,3235,220.67,11,4,0.046,1890,20241117,hyderabad,mobile,learn data analytics
A1821,data analytics course,0,4823,234.73,30,5,0.046,1361,25112024,hyderabad,mobile,data analytics training
A1822,data analytics course,167,4403,189.36,25,4,0.03,1572,6112024,hyderabad,desktop,learn data analytics
A1823,data analytics course,101,3530,184.83,22,5,0.046,1802,13112024,hyderabad,mobile,learn data analytics
A1824,data analytics course,129,4679,239.21,19,3,0.023,1215,20241104,hyderabad,mobile,data analytics online
A1825,data analytics course,153,5396,233.79,13,8,0.046,1571,1112024,hyderabad,mobile,data analytics training
A1826,data analytics course,0,3976,248.65,16,4,0.046,1160,15112024,hyderabad,mobile,data analytics training
A1827,data analytics course,108,5545,209.82,11,8,0.074,1491,20241108,hyderabad,mobile,analytics for data
A1828,data analytics course,85,4772,211.62,15,10,0.118,1669,19112024,hyderbad,mobile,learn data analytics
A1829,data analytics course,109,4941,242.54,18,9,0.083,1278,20241111,hyderbad,desktop,data analytics training
A1830,data analytics course,119,4369,216.29,16,4,0.046,1505,20241122,hyderbad,tablet,learn data analytics
A1831,data analytics course,143,5526,185.94,15,8,0.056,1712,25112024,hyderabad,desktop,analytics for data
A1832,data analytics course,161,5302,184.29,13,8,0.036,1703,30112024,hyderabad,tablet,learn data analytics
A1833,data analytics course,146,4424,196.88,20,3,0.021,1757,30112024,hyderabad,tablet,online data analytics
A1834,data analytics course,82,5971,235.52,14,8,0.098,1568,6112024,hyderbad,mobile,learn data analytics
A1835,data analytics course,88,3733,244.35,12,8,0.091,1622,20241127,hyderabad,mobile,online data analytics
A1836,data analytics course,127,4403,244.3,15,7,0.055,1832,22112024,hyderabad,tablet,data analytics course
A1837,data analytics course,179,5118,189.59,15,6,0.034,1892,20241128,hyderabad,tablet,data analytics course
A1838,data analytics course,199,4407,240.05,21,9,0.045,1054,13112024,hyderabad,desktop,data analytics online
A1839,data analytics course,191,3190,211.1,10,7,0.037,1505,22112024,hyderabad,tablet,learn data analytics
A1840,data analytics course,99,4880,245.13,25,8,0.046,1236,20241119,hyderbad,tablet,data analytics course
A1841,data analytics course,122,5774,224.4,23,10,0.046,1330,20241114,hyderabad,mobile,learn data analytics
A1842,data analytics course,178,4103,207.23,17,8,0.045,1612,20241115,hyderbad,mobile,analytics for data
A1843,data analytics course,157,4414,240.57,17,9,0.057,1483,20241127,hyderabad,desktop,learn data analytics
A1844,data analytics course,199,5319,216.7,25,9,0.045,1505,1112024,hyderbad,desktop,online data analytics
A1845,data analytics course,192,3320,208.09,17,3,0.016,1169,18112024,hyderbad,mobile,data analytics training
A1846,data analytics course,144,4146,246.1,18,10,0.069,1074,15112024,hyderabad,desktop,analytics for data
A1847,data analytics course,147,4720,227.6,23,8,0.046,1907,20241105,hyderbad,tablet,online data analytics
A1848,data analytics course,121,3557,237.03,16,7,0.046,1255,20241125,hyderabad,mobile,data analytics online
A1849,data analytics course,193,5899,227.24,12,9,0.042,1832,2112024,hyderabad,desktop,analytics for data
A1850,data analytics course,170,4968,216.78,21,5,0.045,1997,20241124,hyderabad,tablet,data analytics course
A1851,data analytics course,198,5934,199.61,14,6,0.03,1505,13112024,hyderbad,tablet,learn data analytics
A1852,data analytics course,133,4078,189.42,21,6,0.045,1969,21112024,hyderabad,desktop,data analytics online
A1853,data analytics course,82,4163,208.08,30,8,0.098,1297,20241104,hyderabad,mobile,data analytics course
A1854,data analytics course,90,4330,249.24,20,4,0.044,1618,20241115,hyderabad,tablet,data analytics training
A1855,data analytics course,122,5882,189.76,25,7,0.057,1357,20241125,hyderabad,tablet,analytics for data
A1856,data analytics course,105,5645,218.24,17,6,0.046,1420,20241102,hyderabad,mobile,online data analytics
A1857,data analytics course,179,3848,213.26,12,5,0.046,1807,20241129,hyderabad,desktop,data analytics course
A1858,data analytics course,91,5609,228.27,12,10,0.11,1098,20241111,hyderabad,desktop,analytics for data
A1859,data analytics course,168,4390,195.52,22,10,0.06,1553,20241104,hyderabad,desktop,data analytics course
A1860,data analytics course,162,4774,210.8,20,7,0.043,1387,20241129,hyderabad,tablet,analytics for data
A1861,data analytics course,130,5787,218.79,13,10,0.077,1679,20241109,hyderabad,mobile,online data analytics
A1862,data analytics course,97,5192,184.79,13,10,0.046,1382,20241105,hyderabad,mobile,learn data analytics
A1863,data analytics course,142,4223,222.28,27,5,0.038,1506,20241107,hyderabad,desktop,learn data analytics
A1864,data analytics course,138,3146,197.89,22,7,0.046,1505,20241108,hyderabad,desktop,learn data analytics
A1865,data analytics course,186,3988,237.69,15,5,0.027,1603,20241114,hyderbad,tablet,data analytics course
A1866,data analytics course,170,3437,232.08,23,5,0.029,1405,20241129,hyderabad,mobile,learn data analytics
A1867,data analytics course,85,3718,224.14,21,6,0.071,1938,20241104,hyderabad,desktop,online data analytics
A1868,data analytics course,115,5343,239.92,20,8,0.046,1381,20241115,hyderabad,desktop,learn data analytics
A1869,data analytics course,167,5170,241.21,24,4,0.038,1515,21112024,hyderabad,mobile,data analytics course
A1870,data analytics course,113,5916,234.58,18,5,0.044,1165,20241112,hyderabad,mobile,data analytics course
A1871,data analytics course,175,4958,245.96,22,10,0.046,1777,20241121,hyderbad,mobile,online data analytics
A1872,data analytics course,112,5538,225.66,22,4,0.041,1505,20241122,hyderabad,desktop,online data analytics
A1873,data analytics course,194,5309,191.4,19,10,0.046,1764,13112024,hyderbad,desktop,data analytics training
A1874,data analytics course,0,4539,244.4,18,6,0.046,1638,20241128,hyderabad,mobile,analytics for data
A1875,data analytics course,82,4622,203.99,17,9,0.11,1375,20241112,hyderabad,mobile,online data analytics
A1876,data analytics course,0,3355,193.57,26,9,0.046,1961,20241111,hyderabad,mobile,learn data analytics
A1877,data analytics course,179,4992,221.48,27,10,0.037,1062,20241106,hyderabad,tablet,learn data analytics
A1878,data analytics course,93,3015,232.01,21,4,0.043,1770,20241126,hyderabad,mobile,learn data analytics
A1879,data analytics course,152,4662,249.13,24,7,0.046,1951,11112024,hyderabad,desktop,online data analytics
A1880,data analytics course,81,3766,213.12,27,7,0.086,1183,27112024,hyderabad,desktop,online data analytics
A1881,data analytics course,130,5774,241.97,11,7,0.044,1708,20241120,hyderabad,desktop,data analytics course
A1882,data analytics course,110,4542,227.95,20,4,0.036,1423,20241111,hyderbad,desktop,data analytics training
A1883,data analytics course,122,5179,215.57,11,4,0.033,1507,20241118,hyderabad,tablet,analytics for data
A1884,data analytics course,113,5265,184.21,27,5,0.044,1353,20112024,hyderbad,tablet,data analytics online
A1885,data analytics course,140,5297,223.9,28,6,0.043,1630,20241121,hyderabad,mobile,data analytics course
A1886,data analytics course,170,3347,248.44,27,3,0.046,1719,20241120,hyderabad,desktop,learn data analytics
A1887,data analytics course,176,5960,245.33,19,8,0.045,1761,20241125,hyderabad,tablet,analytics for data
A1888,data analytics course,0,5143,246.3,19,5,0.046,1346,5112024,hyderabad,mobile,data analytics training
A1889,data analytics course,195,5265,242.0,10,4,0.054,1699,20241108,hyderabad,tablet,online data analytics
A1890,data analytics course,162,4396,183.96,18,4,0.043,1054,20241118,hyderabad,tablet,data analytics online
A1891,data analytics course,138,4381,191.55,28,7,0.046,1756,20241101,hyderabad,tablet,data analytics training
A1892,data analytics course,177,3965,225.82,15,4,0.023,1530,22112024,hyderabad,mobile,online data analytics
A1893,data analytics course,159,3366,217.27,21,7,0.044,1515,20241117,hyderabad,tablet,online data analytics
A1894,data analytics course,111,4026,229.01,13,3,0.046,1438,20241101,hyderabad,desktop,learn data analytics
A1895,data analytics course,184,5560,189.14,14,6,0.046,1250,20241117,hyderabad,tablet,data analytics online
A1896,data analytics course,128,4500,188.21,10,3,0.046,1087,20241114,hyderabad,desktop,online data analytics
A1897,data analytics course,164,3851,219.15,22,6,0.049,1487,20241109,hyderabad,mobile,learn data analytics
A1898,data analytics course,120,3464,228.3,19,4,0.058,1426,22112024,hyderabad,tablet,online data analytics
A1899,data analytics course,89,3248,239.42,10,4,0.046,1505,20241111,hyderabad,mobile,learn data analytics
A1900,data analytics course,91,3721,231.45,24,6,0.06,1505,20241114,hyderabad,tablet,online data analytics
A1901,data analytics course,143,4143,191.68,20,5,0.035,1460,20241130,hyderabad,tablet,analytics for data
A1902,data analytics course,176,5768,238.94,14,8,0.045,1016,20241102,hyderbad,tablet,data analytics online
A1903,data analytics course,151,4408,214.29,20,5,0.033,1900,21112024,hyderabad,desktop,data analytics course
A1904,data analytics course,134,3623,221.65,19,5,0.047,1937,20241124,hyderabad,desktop,data analytics online
A1905,data analytics course,191,3057,223.28,27,6,0.031,1208,20241103,hyderbad,desktop,data analytics online
A1906,data analytics course,170,3144,215.57,21,3,0.031,1695,20241105,hyderabad,desktop,data analytics online
A1907,data analytics course,112,3989,228.74,10,8,0.046,1812,13112024,hyderabad,mobile,analytics for data
A1908,data analytics course,169,3619,246.66,28,3,0.018,1354,20241125,hyderabad,desktop,online data analytics
A1909,data analytics course,172,4696,242.17,26,3,0.017,1719,20241106,hyderabad,desktop,data analytics course
A1910,data analytics course,162,5684,219.08,30,7,0.046,1295,20241126,hyderabad,desktop,data analytics course
A1911,data analytics course,183,4197,243.19,29,8,0.046,1593,20241109,hyderabad,mobile,data analytics training
A1912,data analytics course,108,5949,184.25,23,8,0.074,1986,20241123,hyderabad,desktop,data analytics training
A1913,data analytics course,126,3784,215.57,24,5,0.046,1951,28112024,hyderbad,mobile,analytics for data
A1914,data analytics course,174,3570,222.65,25,3,0.017,1505,20241119,hyderabad,tablet,learn data analytics
A1915,data analytics course,122,4632,236.57,13,6,0.046,1001,20241115,hyderabad,desktop,data analytics course
A1916,data analytics course,191,3457,237.6,0,10,0.052,1505,20241105,hyderabad,desktop,data analytics course
A1917,data analytics course,122,4525,202.89,23,8,0.034,1499,22112024,hyderabad,tablet,data analytics training
A1918,data analytics course,175,4850,186.25,28,10,0.057,1978,20241118,hyderabad,desktop,analytics for data
A1919,data analytics course,123,4938,180.64,24,9,0.073,1746,21112024,hyderabad,tablet,data analytics course
A1920,data analytics course,135,5748,239.22,20,7,0.051,1222,20241121,hyderabad,tablet,analytics for data
A1921,data analytics course,0,4622,187.85,24,5,0.046,1998,11112024,hyderbad,tablet,analytics for data
A1922,data analytics course,90,5596,188.04,12,4,0.044,1505,20241117,hyderabad,mobile,online data analytics
A1923,data analytics course,0,5308,234.1,27,8,0.046,1150,20241116,hyderabad,tablet,analytics for data
A1924,data analytics course,89,3069,205.37,19,6,0.046,1518,20241128,hyderbad,desktop,data analytics online
A1925,data analytics course,0,4221,180.83,24,10,0.033,1082,20241113,hyderabad,tablet,learn data analytics
A1926,data analytics course,148,4514,203.54,23,3,0.047,1622,5112024,hyderabad,desktop,data analytics online
A1927,data analytics course,96,3468,228.41,16,9,0.094,1035,4112024,hyderabad,desktop,learn data analytics
A1928,data analytics course,126,3613,208.74,18,7,0.046,1106,20241106,hyderabad,desktop,learn data analytics
A1929,data analytics course,115,3234,227.77,30,3,0.026,1272,13112024,hyderabad,tablet,learn data analytics
A1930,data analytics course,135,5436,245.86,28,9,0.067,1453,20241103,hyderbad,desktop,data analytics online
A1931,data analytics course,158,4519,191.84,26,4,0.025,1505,20241129,hyderabad,desktop,data analytics online
A1932,data analytics course,80,3777,199.52,12,7,0.046,1694,20241122,hyderabad,desktop,learn data analytics
A1933,data analytics course,190,3461,205.22,28,10,0.046,1616,25112024,hyderabad,mobile,online data analytics
A1934,data analytics course,135,4575,241.92,10,5,0.046,1553,22112024,hyderabad,desktop,data analytics course
A1935,data analytics course,149,3471,242.14,23,4,0.027,1937,20241119,hyderabad,desktop,data analytics training
A1936,data analytics course,164,3115,232.62,10,0,0.046,1802,4112024,hyderabad,tablet,data analytics online
A1937,data analytics course,132,5428,180.73,10,7,0.039,1732,16112024,hyderabad,desktop,data analytics course
A1938,data analytics course,198,4499,245.24,27,7,0.035,1165,20241101,hyderabad,tablet,online data analytics
A1939,data analytics course,153,3285,226.26,12,7,0.046,1838,20241121,hyderbad,desktop,online data analytics
A1940,data analytics course,142,3431,235.09,19,0,0.046,1334,20241108,hyderabad,desktop,data analytics online
A1941,data analytics course,91,4600,194.14,19,7,0.077,1255,20241119,hyderabad,mobile,data analytics online
A1942,data analytics course,154,4804,190.98,21,3,0.019,1521,23112024,hyderabad,desktop,data analytics training
A1943,data analytics course,115,5472,230.29,26,4,0.046,1275,20241107,hyderbad,mobile,learn data analytics
A1944,data analytics course,86,5493,191.28,18,9,0.105,1204,20241120,hyderbad,tablet,data analytics course
A1945,data analytics course,116,3188,238.62,15,10,0.086,1429,14112024,hyderbad,tablet,online data analytics
A1946,data analytics course,144,3579,237.97,21,10,0.069,1155,20241102,hyderbad,desktop,data analytics course
A1947,data analytics course,101,4198,204.09,30,10,0.099,1642,20241121,hyderabad,desktop,data analytics training
A1948,data analytics course,116,4224,245.99,10,5,0.046,1054,20241105,hyderabad,tablet,data analytics online
A1949,data analytics course,187,3199,193.29,24,6,0.032,1430,20241120,hyderabad,tablet,online data analytics
A1950,data analytics course,114,4333,192.81,26,6,0.053,1722,8112024,hyderbad,tablet,data analytics training
A1951,data analytics course,141,3617,198.52,20,9,0.046,1858,21112024,hyderabad,desktop,data analytics course
A1952,data analytics course,167,5588,181.95,18,9,0.035,1505,20241123,hyderabad,tablet,data analytics training
A1953,data analytics course,186,4689,204.31,26,6,0.032,1936,20241121,hyderabad,desktop,data analytics online
A1954,data analytics course,0,4846,206.4,21,7,0.046,1526,28112024,hyderbad,mobile,data analytics online
A1955,data analytics course,136,3441,236.21,26,9,0.046,1461,20241115,hyderabad,desktop,learn data analytics
A1956,data analytics course,185,3719,245.91,17,9,0.049,1218,20241109,hyderbad,mobile,online data analytics
A1957,data analytics course,162,3337,200.94,11,9,0.056,1820,20241116,hyderbad,mobile,data analytics course
A1958,data analytics course,91,3694,234.02,23,5,0.055,1505,20241124,hyderabad,desktop,online data analytics
A1959,data analytics course,109,5641,224.36,30,4,0.037,1531,13112024,hyderabad,tablet,analytics for data
A1960,data analytics course,88,3992,195.38,14,4,0.046,1228,20241115,hyderbad,desktop,data analytics course
A1961,data analytics course,189,3411,205.26,28,7,0.046,1147,27112024,hyderbad,desktop,analytics for data
A1962,data analytics course,154,3099,218.7,30,6,0.039,1366,10112024,hyderabad,desktop,data analytics online
A1963,data analytics course,106,3017,242.71,24,5,0.03,1701,20241104,hyderabad,mobile,learn data analytics
A1964,data analytics course,134,0,202.32,17,5,0.057,1963,20241123,hyderabad,tablet,data analytics training
A1965,data analytics course,84,5662,228.62,25,9,0.107,1988,26112024,hyderbad,desktop,analytics for data
A1966,data analytics course,190,4476,198.18,12,4,0.046,1002,20241107,hyderabad,desktop,data analytics online
A1967,data analytics course,156,4771,199.3,26,8,0.051,1823,20241104,hyderbad,tablet,data analytics online
A1968,data analytics course,0,5510,198.92,23,9,0.046,1063,20241114,hyderabad,desktop,data analytics course
A1969,data analytics course,170,4786,202.62,27,6,0.04,1372,20241104,hyderabad,mobile,data analytics training
A1970,data analytics course,86,3964,193.15,26,5,0.045,1639,23112024,hyderabad,desktop,learn data analytics
A1971,data analytics course,143,5317,236.37,10,3,0.046,1861,16112024,hyderabad,tablet,data analytics online
A1972,data analytics course,84,3454,206.8,23,3,0.036,1573,20241117,hyderabad,desktop,learn data analytics
A1973,data analytics course,145,3804,236.92,29,8,0.046,1328,20241123,hyderbad,tablet,data analytics course
A1974,data analytics course,126,4670,234.65,25,8,0.046,1470,20241123,hyderabad,desktop,online data analytics
A1975,data analytics course,156,3273,189.36,14,6,0.038,1860,20241115,hyderbad,mobile,data analytics online
A1976,data analytics course,124,4236,182.02,0,9,0.073,1979,22112024,hyderabad,desktop,data analytics training
A1977,data analytics course,197,5866,217.81,28,7,0.036,1331,18112024,hyderabad,mobile,learn data analytics
A1978,data analytics course,106,3102,214.56,12,0,0.046,1881,20241125,hyderabad,mobile,learn data analytics
A1979,data analytics course,129,4856,230.13,23,7,0.054,1720,25112024,hyderabad,tablet,learn data analytics
A1980,data analytics course,93,4054,244.73,11,8,0.086,1066,20241124,hyderabad,desktop,online data analytics
A1981,data analytics course,96,4074,219.66,16,8,0.083,1505,7112024,hyderbad,tablet,data analytics online
A1982,data analytics course,135,4430,196.18,12,9,0.067,1374,20241108,hyderbad,mobile,analytics for data
A1983,data analytics course,138,5356,204.86,15,9,0.065,1268,20241122,hyderbad,mobile,online data analytics
A1984,data analytics course,92,4898,247.49,19,0,0.046,1969,20241107,hyderabad,desktop,data analytics training
A1985,data analytics course,151,5301,232.06,13,9,0.06,1893,20241105,hyderabad,mobile,data analytics online
A1986,data analytics course,189,3031,209.84,25,6,0.032,1936,20241126,hyderabad,tablet,online data analytics
A1987,data analytics course,97,3410,180.52,24,0,0.046,1532,7112024,hyderabad,tablet,analytics for data
A1988,data analytics course,178,4745,200.61,12,9,0.051,1574,20241118,hyderabad,desktop,learn data analytics
A1989,data analytics course,164,3024,192.34,12,8,0.049,1997,20241107,hyderbad,desktop,data analytics course
A1990,data analytics course,94,5435,231.42,21,5,0.056,1114,20241103,hyderabad,desktop,data analytics online
A1991,data analytics course,176,3021,204.53,29,7,0.03,1620,20241113,hyderabad,tablet,online data analytics
A1992,data analytics course,165,5335,192.53,23,5,0.03,1402,12112024,hyderabad,mobile,data analytics training
A1993,data analytics course,188,4081,237.05,18,8,0.05,1846,6112024,hyderabad,tablet,data analytics course
A1994,data analytics course,87,4840,205.72,16,6,0.046,1040,9112024,hyderabad,desktop,online data analytics
A1995,data analytics course,106,4738,196.7,17,4,0.038,1515,20241129,hyderabad,tablet,data analytics training
A1996,data analytics course,198,4181,218.4,10,8,0.04,1298,20241117,hyderabad,mobile,data analytics training
A1997,data analytics course,121,5813,202.92,25,6,0.05,1226,14112024,hyderabad,tablet,data analytics online
A1998,data analytics course,120,4303,202.8,21,4,0.033,1033,20241126,hyderabad,tablet,online data analytics
A1999,data analytics course,189,5201,210.87,21,10,0.053,1560,20241111,hyderabad,mobile,data analytics course
A2000,data analytics course,131,4603,228.63,30,0,0.046,1270,20241103,hyderabad,tablet,analytics for data
A2001,data analytics course,99,4051,207.42,10,9,0.091,1797,14112024,hyderabad,mobile,analytics for data
A2002,data analytics course,199,4080,243.8,23,7,0.05,1507,15112024,hyderabad,desktop,data analytics training
A2003,data analytics course,180,4140,240.76,21,8,0.044,1248,11112024,hyderabad,desktop,online data analytics
A2004,data analytics course,88,3333,193.25,29,3,0.034,1398,20241114,hyderbad,tablet,data analytics online
A2005,data analytics course,140,3689,249.33,20,9,0.064,1329,20241122,hyderbad,mobile,learn data analytics
A2006,data analytics course,166,4665,223.95,23,9,0.054,1404,20241107,hyderabad,tablet,data analytics online
A2007,data analytics course,185,3670,198.66,30,4,0.057,1440,13112024,hyderabad,desktop,data analytics training
A2008,data analytics course,139,4036,242.12,25,5,0.036,1329,20241126,hyderbad,tablet,learn data analytics
A2009,data analytics course,142,4497,198.98,27,3,0.046,1582,20241130,hyderabad,tablet,analytics for data
A2010,data analytics course,173,3705,197.01,20,10,0.058,1010,26112024,hyderbad,desktop,data analytics training
A2011,data analytics course,0,5849,215.57,27,3,0.046,1146,20241125,hyderbad,tablet,learn data analytics
A2012,data analytics course,153,5283,205.72,24,3,0.02,1591,10112024,hyderabad,desktop,learn data analytics
A2013,data analytics course,104,5203,241.15,17,6,0.048,1164,28112024,hyderbad,mobile,data analytics online
A2014,data analytics course,120,4243,198.49,15,10,0.083,1891,27112024,hyderabad,desktop,data analytics training
A2015,data analytics course,100,3716,247.95,23,8,0.046,1924,20241114,hyderabad,mobile,learn data analytics
A2016,data analytics course,106,3646,237.89,28,7,0.046,1564,20241102,hyderabad,mobile,analytics for data
A2017,data analytics course,136,4101,227.43,28,9,0.057,1284,19112024,hyderabad,tablet,learn data analytics
A2018,data analytics course,121,3366,246.56,25,0,0.046,1170,20241102,hyderabad,desktop,online data analytics
A2019,data analytics course,153,3381,231.35,29,5,0.033,1769,20241128,hyderabad,tablet,data analytics course
A2020,data analytics course,111,5003,213.34,29,3,0.046,1938,20241125,hyderbad,tablet,analytics for data
A2021,data analytics course,156,5415,198.27,29,7,0.037,1918,17112024,hyderabad,desktop,data analytics training
A2022,data analytics course,137,3838,226.92,18,6,0.044,1505,27112024,hyderbad,tablet,analytics for data
A2023,data analytics course,138,3002,246.3,24,0,0.036,1530,20241101,hyderabad,tablet,learn data analytics
A2024,data analytics course,96,3958,238.06,17,4,0.042,1750,20241107,hyderbad,mobile,online data analytics
A2025,data analytics course,180,3060,194.47,21,5,0.054,1429,20241110,hyderabad,tablet,online data analytics
A2026,data analytics course,132,5514,208.57,16,7,0.053,1072,20241126,hyderbad,mobile,online data analytics
A2027,data analytics course,147,5373,233.68,20,7,0.048,1685,20241101,hyderabad,desktop,data analytics course
A2028,data analytics course,84,4720,213.68,20,5,0.06,1412,20241121,hyderbad,tablet,data analytics course
A2029,data analytics course,82,4330,228.68,18,8,0.098,1510,20241104,hyderbad,desktop,analytics for data
A2030,data analytics course,173,4365,215.57,28,9,0.046,1311,6112024,hyderabad,desktop,data analytics online
A2031,data analytics course,89,5899,226.95,13,7,0.079,1058,20241110,hyderbad,mobile,data analytics training
A2032,data analytics course,198,3500,206.88,19,6,0.03,1684,11112024,hyderabad,mobile,analytics for data
A2033,data analytics course,135,4155,207.81,25,9,0.049,1313,3112024,hyderbad,desktop,online data analytics
A2034,data analytics course,94,5437,190.49,16,6,0.044,1234,20241116,hyderbad,tablet,data analytics training
A2035,data analytics course,151,3251,224.8,13,6,0.04,1505,20241121,hyderabad,desktop,learn data analytics
A2036,data analytics course,113,5392,205.13,28,3,0.034,1208,17112024,hyderbad,mobile,online data analytics
A2037,data analytics course,164,5403,213.0,11,8,0.037,1505,20241122,hyderabad,desktop,analytics for data
A2038,data analytics course,135,5054,224.03,16,6,0.044,1765,7112024,hyderbad,mobile,data analytics training
A2039,data analytics course,116,5757,218.69,10,7,0.045,1834,20241123,hyderabad,mobile,online data analytics
A2040,data analytics course,0,4485,220.3,14,6,0.046,1801,20241101,hyderabad,mobile,data analytics course
A2041,data analytics course,164,4053,245.26,28,7,0.043,1384,20241101,hyderabad,tablet,learn data analytics
A2042,data analytics course,146,5733,225.48,26,3,0.035,1658,20241110,hyderabad,desktop,online data analytics
A2043,data analytics course,181,3225,190.25,22,5,0.028,1677,10112024,hyderabad,mobile,learn data analytics
A2044,data analytics course,156,4170,244.72,29,3,0.019,1962,20112024,hyderbad,desktop,data analytics online
A2045,data analytics course,182,4039,240.35,12,7,0.038,1214,20241113,hyderbad,tablet,data analytics training
A2046,data analytics course,137,3150,184.36,19,3,0.041,1218,29112024,hyderabad,tablet,data analytics online
A2047,data analytics course,93,4498,237.67,27,3,0.032,1102,20241130,hyderabad,mobile,online data analytics
A2048,data analytics course,136,4683,228.82,22,5,0.037,1493,19112024,hyderabad,desktop,learn data analytics
A2049,data analytics course,194,5620,194.91,22,10,0.046,1607,8112024,hyderabad,tablet,data analytics course
A2050,data analytics course,0,4653,194.99,11,5,0.054,1928,20241112,hyderbad,tablet,learn data analytics
A2051,data analytics course,181,3063,191.03,15,4,0.022,1125,20241121,hyderabad,desktop,data analytics training
A2052,data analytics course,156,3273,245.27,30,8,0.035,1505,20241105,hyderabad,tablet,learn data analytics
A2053,data analytics course,128,4314,181.68,28,5,0.046,1456,20241125,hyderabad,mobile,analytics for data
A2054,data analytics course,133,5945,223.43,16,6,0.045,1329,20241116,hyderabad,tablet,data analytics training
A2055,data analytics course,118,4794,233.49,0,3,0.025,1707,27112024,hyderbad,mobile,data analytics course
A2056,data analytics course,191,5227,204.87,26,6,0.046,1605,20241120,hyderbad,mobile,data analytics course
A2057,data analytics course,172,4850,242.33,27,4,0.023,1391,20241121,hyderbad,tablet,data analytics online
A2058,data analytics course,143,5314,222.14,21,9,0.063,1505,22112024,hyderabad,tablet,learn data analytics
A2059,data analytics course,110,4394,194.23,28,3,0.027,1394,20241125,hyderabad,tablet,analytics for data
A2060,data analytics course,119,5820,196.42,11,10,0.084,1707,22112024,hyderabad,tablet,learn data analytics
A2061,data analytics course,178,5328,201.9,20,9,0.051,1452,21112024,hyderabad,mobile,data analytics course
A2062,data analytics course,0,3557,190.84,17,4,0.046,1925,28112024,hyderabad,desktop,data analytics online
A2063,data analytics course,95,4050,234.79,20,5,0.046,1783,18112024,hyderabad,mobile,data analytics online
A2064,data analytics course,198,3575,224.07,13,3,0.046,1070,20241109,hyderbad,desktop,data analytics online
A2065,data analytics course,134,5570,233.77,15,4,0.03,1101,20241127,hyderabad,mobile,data analytics course
A2066,data analytics course,83,4883,228.3,29,10,0.046,1456,20241107,hyderabad,mobile,learn data analytics
A2067,data analytics course,187,4753,236.03,13,3,0.054,1906,20241118,hyderabad,desktop,data analytics online
A2068,data analytics course,81,5653,245.33,23,8,0.099,1248,20241126,hyderabad,mobile,data analytics online
A2069,data analytics course,144,5750,184.37,19,8,0.056,1098,20241126,hyderabad,desktop,learn data analytics
A2070,data analytics course,161,5766,221.93,10,8,0.05,1830,20241113,hyderabad,tablet,online data analytics
A2071,data analytics course,90,4424,219.77,10,4,0.046,1396,8112024,hyderbad,desktop,data analytics online
A2072,data analytics course,128,5043,231.72,26,8,0.062,1508,20241126,hyderabad,tablet,analytics for data
A2073,data analytics course,195,4529,200.36,25,7,0.034,1343,20241130,hyderbad,tablet,data analytics training
A2074,data analytics course,160,5751,215.57,28,4,0.04,1802,20241122,hyderabad,mobile,learn data analytics
A2075,data analytics course,176,4518,237.95,17,10,0.057,1933,20241111,hyderabad,desktop,analytics for data
A2076,data analytics course,157,5201,228.72,14,8,0.051,1458,20241109,hyderabad,mobile,data analytics online
A2077,data analytics course,104,4735,233.95,19,6,0.058,1493,20241123,hyderabad,mobile,learn data analytics
A2078,data analytics course,117,3014,242.24,12,0,0.046,1432,29112024,hyderabad,mobile,learn data analytics
A2079,data analytics course,138,5506,192.89,27,6,0.043,1261,20241102,hyderabad,tablet,learn data analytics
A2080,data analytics course,84,3758,232.56,26,5,0.06,1384,6112024,hyderbad,desktop,data analytics course
A2081,data analytics course,102,4460,182.23,15,6,0.059,1849,14112024,hyderabad,tablet,data analytics online
A2082,data analytics course,122,5518,202.0,27,3,0.025,1884,11112024,hyderabad,tablet,analytics for data
A2083,data analytics course,198,5542,234.62,10,10,0.051,1605,20241127,hyderabad,tablet,online data analytics
A2084,data analytics course,152,5678,204.41,22,4,0.046,1794,20112024,hyderabad,desktop,online data analytics
A2085,data analytics course,147,4608,180.04,20,6,0.041,1351,21112024,hyderabad,desktop,data analytics online
A2086,data analytics course,108,5448,230.17,12,10,0.052,1039,20241119,hyderabad,desktop,data analytics course
A2087,data analytics course,137,5261,196.48,23,5,0.036,1227,20241126,hyderbad,tablet,data analytics training
A2088,data analytics course,131,0,209.38,16,9,0.069,1645,20241112,hyderabad,mobile,data analytics online
A2089,data analytics course,80,3760,236.82,13,4,0.05,1927,20241121,hyderbad,desktop,learn data analytics
A2090,data analytics course,114,4157,248.56,10,7,0.061,1671,20241110,hyderabad,desktop,analytics for data
A2091,data analytics course,123,4580,223.0,15,7,0.057,1614,18112024,hyderabad,mobile,analytics for data
A2092,data analytics course,168,4068,233.54,23,5,0.03,1636,20241127,hyderabad,mobile,analytics for data
A2093,data analytics course,180,3072,218.47,28,9,0.05,1200,6112024,hyderabad,mobile,learn data analytics
A2094,data analytics course,117,5379,240.68,18,3,0.038,1361,20241106,hyderabad,tablet,analytics for data
A2095,data analytics course,103,4885,221.05,21,10,0.097,1505,20241125,hyderbad,mobile,online data analytics
A2096,data analytics course,140,5859,211.08,26,9,0.064,1276,20241115,hyderabad,desktop,data analytics training
A2097,data analytics course,158,4574,198.9,21,8,0.046,1706,4112024,hyderabad,desktop,learn data analytics
A2098,data analytics course,162,5911,232.03,12,7,0.043,1613,9112024,hyderbad,tablet,data analytics online
A2099,data analytics course,122,3440,206.78,20,3,0.025,1222,20241124,hyderbad,tablet,online data analytics
A2100,data analytics course,89,4319,198.79,23,10,0.112,1980,16112024,hyderbad,mobile,learn data analytics
A2101,data analytics course,119,3956,188.53,20,5,0.044,1311,15112024,hyderbad,tablet,data analytics training
A2102,data analytics course,155,4220,200.81,20,3,0.019,1199,30112024,hyderabad,mobile,data analytics course
A2103,data analytics course,0,3692,243.6,30,4,0.046,1954,20241101,hyderbad,mobile,analytics for data
A2104,data analytics course,179,4188,231.23,25,9,0.05,1936,19112024,hyderabad,mobile,online data analytics
A2105,data analytics course,194,0,217.93,29,0,0.046,1457,20241125,hyderabad,mobile,data analytics course
A2106,data analytics course,101,3401,194.12,27,3,0.03,1721,20241111,hyderbad,mobile,learn data analytics
A2107,data analytics course,110,3382,249.88,17,6,0.044,1327,20241122,hyderabad,mobile,learn data analytics
A2108,data analytics course,179,5366,204.5,20,9,0.05,1510,22112024,hyderbad,tablet,data analytics online
A2109,data analytics course,193,4611,197.28,27,10,0.034,1701,29112024,hyderbad,mobile,data analytics course
A2110,data analytics course,188,4447,234.18,14,8,0.045,1449,20241117,hyderbad,mobile,analytics for data
A2111,data analytics course,0,4075,211.41,11,7,0.046,1764,20241108,hyderabad,tablet,data analytics online
A2112,data analytics course,177,4230,213.46,15,4,0.023,1389,20241106,hyderabad,desktop,analytics for data
A2113,data analytics course,152,3729,214.23,22,7,0.047,2000,20112024,hyderabad,tablet,analytics for data
A2114,data analytics course,168,4710,214.49,15,9,0.054,1466,24112024,hyderabad,mobile,data analytics training
A2115,data analytics course,171,5332,229.69,11,3,0.018,1685,3112024,hyderabad,mobile,data analytics course
A2116,data analytics course,150,3833,202.55,29,10,0.046,1509,10112024,hyderbad,tablet,learn data analytics
A2117,data analytics course,0,4833,193.96,23,9,0.046,1987,20241116,hyderabad,mobile,online data analytics
A2118,data analytics course,174,4720,215.57,25,10,0.046,1209,21112024,hyderabad,tablet,analytics for data
A2119,data analytics course,127,3131,227.93,24,0,0.046,1571,14112024,hyderabad,desktop,data analytics training
A2120,data analytics course,148,5147,244.42,18,4,0.045,1348,30112024,hyderabad,desktop,data analytics online
A2121,data analytics course,112,5288,246.27,26,10,0.089,1505,20241110,hyderbad,mobile,data analytics training
A2122,data analytics course,184,3908,240.68,15,7,0.046,1332,20241123,hyderabad,tablet,analytics for data
A2123,data analytics course,116,3380,196.75,23,9,0.033,1434,20241106,hyderabad,mobile,analytics for data
A2124,data analytics course,152,3948,189.73,17,5,0.053,1851,20241126,hyderabad,mobile,analytics for data
A2125,data analytics course,197,3741,210.33,24,9,0.046,1883,26112024,hyderabad,desktop,data analytics course
A2126,data analytics course,115,5836,233.52,21,6,0.052,1301,20241108,hyderabad,mobile,learn data analytics
A2127,data analytics course,192,3381,219.26,28,7,0.036,1377,20241115,hyderabad,mobile,online data analytics
A2128,data analytics course,88,5781,246.82,21,6,0.057,1020,20241125,hyderbad,tablet,data analytics online
A2129,data analytics course,134,4707,239.9,29,8,0.06,1383,20241124,hyderabad,mobile,learn data analytics
A2130,data analytics course,160,5611,216.65,21,10,0.047,1714,30112024,hyderabad,tablet,learn data analytics
A2131,data analytics course,195,3174,218.06,12,7,0.036,1476,25112024,hyderbad,mobile,online data analytics
A2132,data analytics course,142,5076,190.49,22,7,0.049,1509,20241120,hyderabad,mobile,learn data analytics
A2133,data analytics course,81,5942,236.07,15,0,0.046,1288,12112024,hyderabad,desktop,online data analytics
A2134,data analytics course,0,4234,201.93,16,4,0.046,1462,20241125,hyderbad,mobile,analytics for data
A2135,data analytics course,115,3963,225.32,22,9,0.078,1622,1112024,hyderabad,desktop,data analytics online
A2136,data analytics course,172,4349,243.53,28,5,0.049,1195,20241113,hyderbad,tablet,online data analytics
A2137,data analytics course,91,5294,245.21,21,7,0.046,1227,20241126,hyderabad,desktop,online data analytics
A2138,data analytics course,166,5381,246.52,21,7,0.042,1579,20241109,hyderabad,desktop,data analytics training
A2139,data analytics course,155,3052,199.46,13,6,0.046,1362,20241101,hyderabad,mobile,data analytics training
A2140,data analytics course,127,4634,218.04,26,7,0.055,1410,20241102,hyderbad,tablet,learn data analytics
A2141,data analytics course,94,5564,203.88,22,6,0.064,1505,20241114,hyderbad,desktop,data analytics training
A2142,data analytics course,90,5196,192.83,21,8,0.089,1783,20241107,hyderabad,desktop,data analytics course
A2143,data analytics course,161,5749,203.25,12,4,0.025,1505,20241128,hyderabad,tablet,online data analytics
A2144,data analytics course,157,5483,245.31,24,6,0.038,1505,20241122,hyderbad,mobile,analytics for data
A2145,data analytics course,157,4093,202.85,27,8,0.051,1370,3112024,hyderbad,mobile,analytics for data
A2146,data analytics course,179,4459,181.7,27,5,0.041,1320,20241113,hyderbad,tablet,data analytics online
A2147,data analytics course,165,5937,220.65,23,6,0.036,1576,20241104,hyderabad,mobile,analytics for data
A2148,data analytics course,167,4475,231.64,13,5,0.051,1750,20241103,hyderbad,desktop,online data analytics
A2149,data analytics course,126,4212,182.54,29,8,0.063,1066,19112024,hyderabad,mobile,online data analytics
A2150,data analytics course,134,4506,220.09,13,5,0.046,1745,20241129,hyderbad,mobile,data analytics online
A2151,data analytics course,142,3147,190.93,13,5,0.046,1740,20241105,hyderbad,mobile,learn data analytics
A2152,data analytics course,0,4387,198.93,22,3,0.046,1629,20241111,hyderabad,desktop,learn data analytics
A2153,data analytics course,163,5948,184.84,12,3,0.049,1248,11112024,hyderbad,tablet,data analytics training
A2154,data analytics course,171,4855,235.23,25,6,0.035,1505,20241121,hyderabad,desktop,data analytics course
A2155,data analytics course,97,4674,221.39,15,10,0.047,1332,20241107,hyderbad,tablet,data analytics course
A2156,data analytics course,176,3336,193.72,15,9,0.046,1696,12112024,hyderabad,tablet,learn data analytics
A2157,data analytics course,129,5839,213.72,10,6,0.046,1476,20241118,hyderabad,desktop,analytics for data
A2158,data analytics course,178,3943,217.96,29,6,0.034,1037,20241115,hyderbad,mobile,learn data analytics
A2159,data analytics course,111,3787,215.48,15,10,0.046,1660,20241114,hyderabad,tablet,online data analytics
A2160,data analytics course,156,4196,192.96,11,5,0.046,1504,20241126,hyderabad,mobile,learn data analytics
A2161,data analytics course,0,3408,193.07,20,5,0.042,1412,20241119,hyderabad,tablet,data analytics course
A2162,data analytics course,145,4982,203.33,29,5,0.045,1555,20241123,hyderabad,tablet,data analytics training
A2163,data analytics course,156,5509,185.39,29,4,0.044,1649,20241118,hyderbad,mobile,data analytics online
A2164,data analytics course,127,3797,214.67,20,7,0.055,1735,20241113,hyderabad,desktop,analytics for data
A2165,data analytics course,121,5064,246.78,13,9,0.074,1268,1112024,hyderabad,tablet,online data analytics
A2166,data analytics course,98,4217,234.16,17,4,0.046,1556,11112024,hyderbad,tablet,learn data analytics
A2167,data analytics course,156,3315,223.22,14,10,0.064,1581,20241120,hyderbad,mobile,online data analytics
A2168,data analytics course,191,4017,203.52,0,4,0.021,1505,20241130,hyderbad,mobile,online data analytics
A2169,data analytics course,193,5094,205.53,18,3,0.016,1451,20241107,hyderabad,mobile,data analytics online
A2170,data analytics course,167,0,244.62,11,9,0.046,1465,20241110,hyderbad,tablet,data analytics online
A2171,data analytics course,177,5449,190.53,10,5,0.028,1257,20241119,hyderabad,mobile,data analytics course
A2172,data analytics course,175,5732,208.46,25,3,0.017,1579,20241111,hyderbad,tablet,data analytics online
A2173,data analytics course,122,4678,248.7,25,4,0.031,1744,11112024,hyderabad,desktop,data analytics course
A2174,data analytics course,121,4088,223.85,19,3,0.025,1248,20241126,hyderabad,mobile,online data analytics
A2175,data analytics course,125,4528,186.6,10,9,0.072,1167,20241106,hyderbad,desktop,data analytics training
A2176,data analytics course,81,3946,202.95,10,7,0.046,1970,20241127,hyderabad,mobile,data analytics training
A2177,data analytics course,112,4486,249.23,28,3,0.027,1572,20241126,hyderabad,desktop,analytics for data
A2178,data analytics course,152,5290,182.01,24,4,0.046,1673,5112024,hyderabad,mobile,analytics for data
A2179,data analytics course,134,5163,245.4,26,5,0.047,1505,20241114,hyderabad,tablet,analytics for data
A2180,data analytics course,111,3978,192.14,19,5,0.045,1500,6112024,hyderbad,desktop,analytics for data
A2181,data analytics course,194,4217,187.34,12,10,0.052,1669,20241107,hyderbad,tablet,data analytics training
A2182,data analytics course,150,5907,241.8,25,7,0.047,1430,20241111,hyderabad,desktop,data analytics online
A2183,data analytics course,100,5970,224.79,13,9,0.09,1895,20241115,hyderbad,mobile,data analytics training
A2184,data analytics course,186,5142,236.2,18,4,0.046,1990,20241124,hyderbad,tablet,data analytics online
A2185,data analytics course,130,3715,243.34,12,8,0.062,1482,20241101,hyderabad,desktop,data analytics online
A2186,data analytics course,158,4192,186.25,27,10,0.046,1968,6112024,hyderabad,tablet,online data analytics
A2187,data analytics course,155,5121,248.16,22,8,0.052,1027,20241106,hyderbad,tablet,online data analytics
A2188,data analytics course,190,5984,209.35,14,6,0.032,1964,6112024,hyderbad,desktop,data analytics course
A2189,data analytics course,191,3220,183.33,20,6,0.051,1942,20241128,hyderabad,tablet,data analytics training
A2190,data analytics course,145,5761,202.07,17,3,0.021,1037,20241113,hyderbad,mobile,data analytics online
A2191,data analytics course,102,5683,188.73,28,8,0.078,1623,20241116,hyderabad,tablet,analytics for data
A2192,data analytics course,86,5238,217.28,13,3,0.046,1610,20241122,hyderabad,desktop,data analytics online
A2193,data analytics course,115,5116,227.76,24,3,0.041,1748,20241115,hyderabad,desktop,learn data analytics
A2194,data analytics course,83,4476,204.88,27,8,0.046,1359,20241102,hyderbad,tablet,online data analytics
A2195,data analytics course,178,3461,238.96,16,5,0.028,1321,20241116,hyderabad,mobile,learn data analytics
A2196,data analytics course,148,5080,191.92,12,6,0.058,1070,20241117,hyderbad,tablet,data analytics course
A2197,data analytics course,0,3334,223.21,14,10,0.048,1317,3112024,hyderabad,tablet,data analytics course
A2198,data analytics course,101,5166,203.74,30,5,0.05,1763,20241113,hyderabad,desktop,data analytics training
A2199,data analytics course,113,5642,245.69,19,7,0.062,1366,20112024,hyderabad,mobile,data analytics training
A2200,data analytics course,97,5552,228.97,14,6,0.062,1304,20241107,hyderabad,desktop,analytics for data
A2201,data analytics course,155,3662,208.16,23,4,0.026,1913,20241127,hyderabad,desktop,online data analytics
A2202,data analytics course,109,5187,222.69,17,7,0.046,1690,23112024,hyderabad,tablet,learn data analytics
A2203,data analytics course,181,3647,227.37,30,6,0.033,1412,20241130,hyderabad,desktop,data analytics course
A2204,data analytics course,131,3626,193.68,27,3,0.05,1505,25112024,hyderabad,tablet,data analytics online
A2205,data analytics course,0,5650,225.22,26,3,0.046,1774,2112024,hyderabad,desktop,online data analytics
A2206,data analytics course,109,5219,215.76,15,3,0.028,1408,18112024,hyderabad,tablet,learn data analytics
A2207,data analytics course,191,3333,187.71,13,5,0.026,1360,20241126,hyderabad,desktop,learn data analytics
A2208,data analytics course,101,4435,222.49,11,10,0.099,1277,20241121,hyderbad,mobile,data analytics training
A2209,data analytics course,152,5204,210.28,11,7,0.046,1505,20241123,hyderabad,mobile,online data analytics
A2210,data analytics course,164,3856,241.65,27,4,0.024,1786,21112024,hyderbad,desktop,data analytics training
A2211,data analytics course,83,4143,203.11,23,10,0.046,1517,20241126,hyderbad,mobile,learn data analytics
A2212,data analytics course,199,5895,239.59,21,4,0.02,1592,20241130,hyderabad,mobile,data analytics training
A2213,data analytics course,141,4039,205.8,28,6,0.046,1220,20241108,hyderabad,desktop,data analytics online
A2214,data analytics course,131,4773,215.36,26,7,0.053,1363,20241108,hyderbad,tablet,data analytics online
A2215,data analytics course,0,5360,229.38,30,7,0.046,1896,20241119,hyderabad,tablet,learn data analytics
A2216,data analytics course,164,5380,223.15,13,5,0.047,1661,23112024,hyderabad,desktop,analytics for data
A2217,data analytics course,149,3323,197.76,23,4,0.027,1181,20241117,hyderabad,mobile,data analytics online
A2218,data analytics course,112,3870,215.05,26,6,0.054,1483,20241103,hyderabad,desktop,learn data analytics
A2219,data analytics course,139,4486,205.46,28,4,0.058,1853,24112024,hyderabad,tablet,online data analytics
A2220,data analytics course,105,3384,240.41,26,8,0.057,1399,20241103,hyderabad,desktop,data analytics online
A2221,data analytics course,83,5066,236.91,22,0,0.046,1505,20241121,hyderbad,desktop,learn data analytics
A2222,data analytics course,127,5947,209.67,27,3,0.024,1155,20241128,hyderbad,desktop,learn data analytics
A2223,data analytics course,133,4286,216.16,18,9,0.054,1839,8112024,hyderbad,desktop,data analytics online
A2224,data analytics course,197,5733,185.09,14,5,0.025,1295,20241105,hyderabad,tablet,data analytics training
A2225,data analytics course,125,5103,221.93,30,7,0.052,1398,8112024,hyderabad,tablet,analytics for data
A2226,data analytics course,147,5228,210.94,12,9,0.046,1784,20241128,hyderabad,desktop,data analytics training
A2227,data analytics course,153,3666,198.4,16,4,0.026,1820,20241120,hyderabad,mobile,learn data analytics
A2228,data analytics course,196,3440,212.98,15,5,0.026,1539,20241126,hyderabad,tablet,learn data analytics
A2229,data analytics course,87,3031,234.25,17,7,0.08,1167,20241105,hyderabad,desktop,data analytics online
A2230,data analytics course,151,5957,188.22,15,8,0.053,1468,20241125,hyderabad,tablet,analytics for data
A2231,data analytics course,93,4689,197.54,15,4,0.043,1073,25112024,hyderabad,mobile,data analytics online
A2232,data analytics course,145,3085,194.96,26,5,0.033,1673,24112024,hyderabad,desktop,online data analytics
A2233,data analytics course,128,3341,185.57,25,5,0.039,1516,20241120,hyderabad,tablet,online data analytics
A2234,data analytics course,134,5521,243.57,15,3,0.046,1658,24112024,hyderabad,desktop,online data analytics
A2235,data analytics course,104,3696,206.54,28,0,0.053,1985,20241111,hyderbad,desktop,data analytics training
A2236,data analytics course,177,3765,216.48,26,10,0.056,1507,20241120,hyderabad,tablet,data analytics online
A2237,data analytics course,94,5455,249.09,15,3,0.046,1505,14112024,hyderabad,mobile,analytics for data
A2238,data analytics course,198,5260,205.53,13,10,0.051,1766,20241112,hyderabad,desktop,analytics for data
A2239,data analytics course,140,4404,186.01,23,6,0.059,1625,20241109,hyderabad,tablet,analytics for data
A2240,data analytics course,137,5445,237.51,20,5,0.046,1904,25112024,hyderabad,tablet,learn data analytics
A2241,data analytics course,153,3068,215.57,25,8,0.052,1165,19112024,hyderbad,tablet,analytics for data
A2242,data analytics course,177,0,240.09,26,10,0.046,1505,20241108,hyderbad,mobile,data analytics training
A2243,data analytics course,100,4042,215.57,13,6,0.046,1678,20241118,hyderbad,desktop,analytics for data
A2244,data analytics course,160,5645,195.42,25,6,0.031,1600,16112024,hyderabad,tablet,data analytics online
A2245,data analytics course,194,3751,244.34,23,5,0.026,1505,2112024,hyderabad,mobile,data analytics online
A2246,data analytics course,128,5010,202.34,26,7,0.055,1505,20241116,hyderabad,tablet,data analytics training
A2247,data analytics course,80,4506,236.47,11,5,0.046,1953,20112024,hyderbad,desktop,data analytics course
A2248,data analytics course,81,5843,209.54,10,9,0.046,1979,20241109,hyderabad,tablet,data analytics training
A2249,data analytics course,102,5369,198.39,29,4,0.039,1659,19112024,hyderbad,tablet,data analytics course
A2250,data analytics course,197,4047,202.72,15,3,0.015,1345,5112024,hyderabad,mobile,data analytics online
A2251,data analytics course,84,4463,198.44,17,3,0.036,1110,20241102,hyderbad,mobile,analytics for data
A2252,data analytics course,119,4610,222.7,18,3,0.025,1473,20241118,hyderabad,desktop,data analytics online
A2253,data analytics course,96,5957,225.59,27,10,0.104,1062,20241121,hyderabad,mobile,data analytics online
A2254,data analytics course,144,5704,196.67,29,6,0.042,1573,29112024,hyderbad,mobile,analytics for data
A2255,data analytics course,148,5335,223.36,21,9,0.061,1251,20241120,hyderabad,tablet,data analytics online
A2256,data analytics course,151,4901,224.29,27,7,0.046,1425,20241105,hyderabad,mobile,data analytics training
A2257,data analytics course,175,5392,187.74,17,9,0.046,1015,20241121,hyderabad,tablet,data analytics online
A2258,data analytics course,189,3461,224.72,20,0,0.046,1390,20241121,hyderabad,desktop,data analytics training
A2259,data analytics course,157,5451,183.89,12,10,0.064,1180,29112024,hyderbad,desktop,data analytics course
A2260,data analytics course,126,0,201.56,27,10,0.079,1122,20241121,hyderabad,desktop,analytics for data
A2261,data analytics course,85,3770,204.04,30,7,0.046,1238,14112024,hyderabad,mobile,learn data analytics
A2262,data analytics course,89,3573,193.53,0,10,0.112,1926,15112024,hyderabad,desktop,learn data analytics
A2263,data analytics course,152,4092,196.66,10,5,0.046,1396,20241111,hyderbad,desktop,analytics for data
A2264,data analytics course,126,3999,181.58,22,9,0.071,1145,20241127,hyderabad,mobile,online data analytics
A2265,data analytics course,153,3354,243.13,24,6,0.039,1536,20241110,hyderbad,mobile,data analytics course
A2266,data analytics course,98,4801,186.52,10,3,0.031,1121,20241107,hyderabad,desktop,learn data analytics
A2267,data analytics course,145,4799,194.74,17,6,0.046,1381,7112024,hyderabad,desktop,analytics for data
A2268,data analytics course,179,3753,220.87,23,6,0.046,1966,20241114,hyderabad,tablet,data analytics course
A2269,data analytics course,108,4698,187.19,19,10,0.046,1118,15112024,hyderabad,mobile,data analytics online
A2270,data analytics course,191,3522,216.65,25,5,0.026,1835,20241124,hyderbad,tablet,data analytics training
A2271,data analytics course,183,3363,212.08,10,9,0.049,1511,7112024,hyderbad,tablet,data analytics online
A2272,data analytics course,175,5924,223.3,14,3,0.017,1505,20241104,hyderabad,mobile,analytics for data
A2273,data analytics course,97,3558,195.5,13,3,0.058,1544,20241111,hyderabad,desktop,data analytics course
A2274,data analytics course,159,4208,236.75,13,8,0.05,1849,20241116,hyderabad,tablet,data analytics training
A2275,data analytics course,125,3607,224.45,22,9,0.072,1392,2112024,hyderabad,tablet,analytics for data
A2276,data analytics course,193,0,199.27,13,9,0.046,1612,8112024,hyderabad,mobile,data analytics online
A2277,data analytics course,110,5220,233.06,16,4,0.036,1711,15112024,hyderabad,mobile,data analytics training
A2278,data analytics course,83,5247,231.04,27,3,0.054,1636,20241104,hyderbad,desktop,data analytics online
A2279,data analytics course,166,5522,218.34,13,3,0.018,1235,20241122,hyderbad,desktop,online data analytics
A2280,data analytics course,108,3682,214.43,20,3,0.028,1553,27112024,hyderabad,desktop,learn data analytics
A2281,data analytics course,84,4549,191.96,15,7,0.046,1303,13112024,hyderabad,desktop,data analytics course
A2282,data analytics course,117,5170,215.57,16,10,0.085,1505,20112024,hyderabad,tablet,data analytics online
A2283,data analytics course,195,3122,205.3,24,4,0.043,1326,20241114,hyderabad,mobile,data analytics training
A2284,data analytics course,149,3650,220.25,17,3,0.02,1505,29112024,hyderabad,mobile,data analytics online
A2285,data analytics course,142,5436,237.09,14,7,0.046,1269,20112024,hyderabad,tablet,online data analytics
A2286,data analytics course,98,5485,182.29,16,5,0.051,1518,20241119,hyderbad,desktop,learn data analytics
A2287,data analytics course,169,3778,215.57,11,3,0.018,1721,14112024,hyderabad,desktop,data analytics training
A2288,data analytics course,99,3051,215.57,18,6,0.053,1762,20241129,hyderabad,mobile,online data analytics
A2289,data analytics course,170,5286,190.65,22,7,0.041,1110,20241109,hyderabad,desktop,data analytics online
A2290,data analytics course,0,3533,248.96,22,4,0.046,1606,5112024,hyderabad,mobile,data analytics training
A2291,data analytics course,156,5125,182.15,26,10,0.064,1658,16112024,hyderabad,mobile,data analytics course
A2292,data analytics course,91,4500,241.81,20,3,0.033,1902,20241122,hyderabad,mobile,data analytics online
A2293,data analytics course,140,4633,228.65,15,4,0.049,1738,20241120,hyderabad,mobile,data analytics online
A2294,data analytics course,142,3155,229.01,0,10,0.053,1955,1112024,hyderabad,mobile,learn data analytics
A2295,data analytics course,198,3444,195.91,27,4,0.056,1317,10112024,hyderbad,desktop,data analytics online
A2296,data analytics course,88,4253,210.5,23,8,0.051,1918,11112024,hyderabad,tablet,data analytics online
A2297,data analytics course,130,4925,201.1,26,5,0.046,1301,15112024,hyderabad,tablet,analytics for data
A2298,data analytics course,186,3576,213.96,26,4,0.022,1689,2112024,hyderbad,tablet,learn data analytics
A2299,data analytics course,146,5831,203.07,19,5,0.055,1216,28112024,hyderabad,mobile,analytics for data
A2300,data analytics course,199,5147,203.08,27,10,0.05,1126,30112024,hyderbad,tablet,data analytics course
A2301,data analytics course,94,4242,208.78,14,5,0.053,1122,20241117,hyderabad,tablet,learn data analytics
A2302,data analytics course,119,5530,205.75,25,9,0.046,1725,20241114,hyderabad,mobile,analytics for data
A2303,data analytics course,168,4614,241.24,28,9,0.046,1307,20241101,hyderabad,mobile,online data analytics
A2304,data analytics course,117,5016,249.38,10,9,0.077,1832,2112024,hyderabad,tablet,learn data analytics
A2305,data analytics course,156,5072,249.37,18,3,0.058,1701,20241112,hyderabad,mobile,learn data analytics
A2306,data analytics course,151,4805,241.95,22,3,0.056,1571,20241103,hyderbad,tablet,online data analytics
A2307,data analytics course,133,4474,198.99,10,0,0.046,1394,20241103,hyderabad,mobile,online data analytics
A2308,data analytics course,105,5151,188.18,14,9,0.032,1595,20241103,hyderbad,tablet,online data analytics
A2309,data analytics course,98,4515,219.39,12,7,0.046,1805,20241107,hyderabad,desktop,learn data analytics
A2310,data analytics course,93,4269,247.76,21,8,0.086,1543,19112024,hyderbad,tablet,learn data analytics
A2311,data analytics course,165,3759,231.62,23,0,0.046,1052,20241128,hyderbad,mobile,analytics for data
A2312,data analytics course,156,4476,186.68,17,10,0.033,1372,20241113,hyderabad,tablet,analytics for data
A2313,data analytics course,166,5749,236.52,11,5,0.036,1780,20241115,hyderabad,desktop,analytics for data
A2314,data analytics course,134,5166,191.92,10,3,0.037,1526,20241104,hyderabad,mobile,learn data analytics
A2315,data analytics course,103,3687,194.73,27,4,0.046,1347,20241115,hyderabad,tablet,learn data analytics
A2316,data analytics course,95,4939,219.43,26,3,0.032,1785,7112024,hyderabad,mobile,data analytics training
A2317,data analytics course,155,3180,229.63,15,8,0.052,1832,15112024,hyderabad,desktop,data analytics course
A2318,data analytics course,184,3981,193.25,16,3,0.035,1359,30112024,hyderabad,tablet,learn data analytics
A2319,data analytics course,186,3392,218.16,29,7,0.038,1012,8112024,hyderabad,desktop,analytics for data
A2320,data analytics course,93,3160,220.75,30,8,0.086,1472,20241108,hyderabad,desktop,data analytics online
A2321,data analytics course,138,4699,202.54,26,9,0.065,1133,20241125,hyderabad,tablet,online data analytics
A2322,data analytics course,96,3730,217.61,16,4,0.042,1283,20241107,hyderabad,desktop,analytics for data
A2323,data analytics course,127,5221,226.67,17,3,0.046,1384,20241103,hyderabad,tablet,data analytics training
A2324,data analytics course,92,3299,188.58,11,9,0.098,1678,20241127,hyderabad,desktop,data analytics online
A2325,data analytics course,156,5634,247.45,16,5,0.032,1925,8112024,hyderabad,tablet,data analytics course
A2326,data analytics course,113,5991,211.28,16,3,0.027,1499,16112024,hyderabad,tablet,learn data analytics
A2327,data analytics course,84,3917,233.19,13,10,0.049,1505,20241111,hyderbad,desktop,data analytics course
A2328,data analytics course,189,5335,181.46,27,9,0.048,1734,8112024,hyderabad,mobile,online data analytics
A2329,data analytics course,149,4550,219.44,11,9,0.06,1659,20241116,hyderabad,tablet,online data analytics
A2330,data analytics course,100,5805,181.27,15,4,0.04,1195,4112024,hyderabad,desktop,learn data analytics
A2331,data analytics course,105,5156,201.01,25,10,0.046,1472,20241111,hyderabad,desktop,analytics for data
A2332,data analytics course,86,5060,249.4,15,4,0.047,1761,15112024,hyderbad,tablet,data analytics online
A2333,data analytics course,93,5178,245.13,14,5,0.054,1080,20241108,hyderabad,mobile,data analytics online
A2334,data analytics course,180,3076,227.91,12,10,0.056,1505,5112024,hyderabad,desktop,online data analytics
A2335,data analytics course,156,3218,235.69,28,6,0.038,1289,20241116,hyderabad,tablet,data analytics online
A2336,data analytics course,124,4682,207.53,20,3,0.033,1550,20241103,hyderabad,tablet,online data analytics
A2337,data analytics course,177,3592,205.25,29,9,0.051,1271,20241115,hyderabad,desktop,data analytics training
A2338,data analytics course,156,3506,242.9,13,0,0.046,1208,20241101,hyderabad,desktop,analytics for data
A2339,data analytics course,132,3562,238.34,23,4,0.03,1033,29112024,hyderabad,tablet,data analytics course
A2340,data analytics course,178,0,203.6,12,3,0.017,1155,20241102,hyderabad,tablet,analytics for data
A2341,data analytics course,153,3953,237.56,20,6,0.053,1388,26112024,hyderabad,tablet,learn data analytics
A2342,data analytics course,187,4891,223.99,14,8,0.043,1014,20241126,hyderabad,mobile,online data analytics
A2343,data analytics course,155,4976,183.21,10,5,0.053,1554,13112024,hyderabad,tablet,online data analytics
A2344,data analytics course,90,5781,200.71,28,5,0.046,1505,7112024,hyderabad,mobile,data analytics online
A2345,data analytics course,172,3001,210.62,14,4,0.023,1192,20241125,hyderabad,tablet,data analytics online
A2346,data analytics course,92,5728,224.5,14,9,0.098,1876,26112024,hyderabad,tablet,online data analytics
A2347,data analytics course,162,5103,188.15,13,9,0.056,1264,20241128,hyderabad,mobile,analytics for data
A2348,data analytics course,193,3131,198.1,22,5,0.035,1870,20241119,hyderabad,tablet,data analytics course
A2349,data analytics course,0,3547,238.34,13,5,0.046,1130,20241102,hyderabad,desktop,data analytics online
A2350,data analytics course,185,4070,200.95,21,5,0.027,1503,20241107,hyderabad,mobile,online data analytics
A2351,data analytics course,117,3350,243.68,23,5,0.056,1204,20241114,hyderabad,desktop,analytics for data
A2352,data analytics course,123,4976,244.49,14,4,0.033,1579,20241102,hyderbad,desktop,analytics for data
A2353,data analytics course,181,5612,203.66,17,3,0.017,1505,7112024,hyderabad,tablet,data analytics training
A2354,data analytics course,118,4390,214.04,24,8,0.068,1071,20241118,hyderabad,tablet,analytics for data
A2355,data analytics course,82,3698,229.12,30,9,0.11,1246,20241120,hyderabad,mobile,learn data analytics
A2356,data analytics course,175,4295,195.17,18,6,0.046,1939,27112024,hyderabad,tablet,data analytics online
A2357,data analytics course,130,3332,202.06,14,5,0.038,1184,20241114,hyderabad,desktop,online data analytics
A2358,data analytics course,92,4082,186.29,25,5,0.054,1046,20241124,hyderbad,tablet,online data analytics
A2359,data analytics course,159,4464,204.86,27,3,0.046,1963,20112024,hyderbad,tablet,analytics for data
A2360,data analytics course,193,5263,240.5,18,6,0.054,1670,20241121,hyderabad,tablet,online data analytics
A2361,data analytics course,98,4371,246.23,25,7,0.071,1114,20241114,hyderabad,tablet,analytics for data
A2362,data analytics course,176,3657,209.44,19,3,0.017,1171,20241107,hyderabad,desktop,online data analytics
A2363,data analytics course,182,5833,243.72,20,5,0.027,1206,14112024,hyderabad,desktop,data analytics course
A2364,data analytics course,85,3077,200.16,11,10,0.118,1876,20241123,hyderabad,mobile,analytics for data
A2365,data analytics course,98,3646,239.05,14,6,0.034,1586,14112024,hyderabad,desktop,data analytics course
A2366,data analytics course,160,3139,230.55,28,5,0.031,1449,15112024,hyderabad,desktop,analytics for data
A2367,data analytics course,179,4005,232.47,16,10,0.056,1553,20241124,hyderabad,desktop,analytics for data
A2368,data analytics course,0,4315,196.3,24,5,0.046,1364,20241126,hyderabad,mobile,data analytics course
A2369,data analytics course,195,3876,187.59,28,3,0.046,1828,21112024,hyderbad,mobile,data analytics course
A2370,data analytics course,197,3174,215.57,22,7,0.036,1527,20241114,hyderbad,tablet,data analytics online
A2371,data analytics course,92,5550,226.38,28,8,0.087,1322,21112024,hyderabad,tablet,learn data analytics
A2372,data analytics course,90,3526,211.39,10,3,0.037,1395,20241120,hyderbad,desktop,online data analytics
A2373,data analytics course,149,3192,215.57,0,4,0.038,1708,20241114,hyderbad,tablet,online data analytics
A2374,data analytics course,82,4132,247.13,11,6,0.073,1091,20241112,hyderabad,tablet,data analytics training
A2375,data analytics course,151,5826,226.53,16,8,0.053,1511,20241125,hyderabad,desktop,learn data analytics
A2376,data analytics course,162,5997,240.29,20,5,0.035,1144,24112024,hyderabad,mobile,data analytics online
A2377,data analytics course,197,4541,243.81,19,9,0.057,1701,11112024,hyderabad,desktop,data analytics training
A2378,data analytics course,133,4642,184.52,22,4,0.032,1074,20241114,hyderabad,desktop,online data analytics
A2379,data analytics course,194,5509,235.45,18,5,0.046,1025,20241112,hyderbad,tablet,online data analytics
A2380,data analytics course,169,3647,194.12,12,6,0.036,1697,20241122,hyderabad,desktop,learn data analytics
A2381,data analytics course,149,5209,183.91,18,10,0.046,1799,29112024,hyderabad,desktop,learn data analytics
A2382,data analytics course,124,5980,200.65,25,4,0.032,1768,20241104,hyderabad,desktop,learn data analytics
A2383,data analytics course,170,5443,235.99,23,5,0.046,1314,21112024,hyderabad,mobile,analytics for data
A2384,data analytics course,127,5326,226.11,18,10,0.04,1040,21112024,hyderabad,mobile,online data analytics
A2385,data analytics course,114,5565,210.04,16,4,0.035,1800,20241107,hyderabad,desktop,data analytics training
A2386,data analytics course,154,3312,203.23,16,5,0.042,1977,20241104,hyderabad,desktop,data analytics training
A2387,data analytics course,0,4369,225.53,28,4,0.046,1241,20241123,hyderabad,tablet,data analytics online
A2388,data analytics course,126,3570,214.78,28,9,0.071,1078,12112024,hyderbad,tablet,data analytics training
A2389,data analytics course,0,3883,225.89,23,5,0.046,1183,21112024,hyderabad,mobile,online data analytics
A2390,data analytics course,125,5736,197.28,30,5,0.04,1265,18112024,hyderbad,mobile,analytics for data
A2391,data analytics course,197,5921,214.97,18,6,0.03,1975,20241114,hyderbad,desktop,learn data analytics
A2392,data analytics course,98,3687,206.7,12,10,0.046,1640,20241107,hyderabad,mobile,online data analytics
A2393,data analytics course,164,5334,203.91,18,6,0.057,1128,18112024,hyderbad,desktop,data analytics course
A2394,data analytics course,111,4647,247.0,15,4,0.046,1601,20241129,hyderbad,desktop,learn data analytics
A2395,data analytics course,191,3485,212.43,10,7,0.046,1813,28112024,hyderabad,mobile,analytics for data
A2396,data analytics course,149,5720,211.54,14,5,0.034,1612,20241129,hyderabad,desktop,data analytics course
A2397,data analytics course,183,3540,222.14,15,3,0.016,1248,20241111,hyderabad,mobile,learn data analytics
A2398,data analytics course,198,4035,215.94,22,8,0.046,1505,10112024,hyderabad,mobile,learn data analytics
A2399,data analytics course,170,3024,234.76,11,10,0.046,1941,6112024,hyderbad,mobile,learn data analytics
A2400,data analytics course,174,4334,186.29,12,4,0.023,1457,20241122,hyderabad,mobile,analytics for data
A2401,data analytics course,91,4038,197.15,23,6,0.066,1000,20241129,hyderabad,mobile,data analytics online
A2402,data analytics course,197,4347,215.2,20,6,0.046,1204,20241126,hyderabad,desktop,online data analytics
A2403,data analytics course,0,5803,203.03,16,8,0.034,1397,20241130,hyderbad,mobile,analytics for data
A2404,data analytics course,152,4182,233.45,19,5,0.033,1719,20241113,hyderabad,mobile,data analytics course
A2405,data analytics course,189,4809,225.32,27,10,0.053,1324,20241118,hyderabad,mobile,analytics for data
A2406,data analytics course,0,5640,210.51,13,8,0.046,1536,20241111,hyderabad,desktop,data analytics course
A2407,data analytics course,159,3401,222.71,18,3,0.019,1849,20241105,hyderabad,desktop,data analytics online
A2408,data analytics course,175,5561,231.96,20,8,0.057,1174,20241114,hyderabad,mobile,data analytics course
A2409,data analytics course,175,5720,243.8,17,6,0.046,1505,20241126,hyderbad,desktop,data analytics online
A2410,data analytics course,82,4898,215.11,25,8,0.098,1776,9112024,hyderabad,tablet,analytics for data
A2411,data analytics course,146,5871,218.69,30,4,0.046,1505,20241122,hyderabad,desktop,learn data analytics
A2412,data analytics course,85,5954,201.88,18,6,0.071,1526,20241127,hyderbad,tablet,analytics for data
A2413,data analytics course,128,3487,236.19,25,6,0.047,1961,2112024,hyderabad,tablet,data analytics course
A2414,data analytics course,153,3808,189.61,19,8,0.052,1246,2112024,hyderabad,tablet,data analytics course
A2415,data analytics course,192,5720,243.11,30,9,0.046,1555,20241102,hyderabad,mobile,online data analytics
A2416,data analytics course,148,4721,189.48,26,8,0.054,1176,20241101,hyderabad,mobile,online data analytics
A2417,data analytics course,153,4768,214.39,25,5,0.041,1837,26112024,hyderabad,tablet,data analytics online
A2418,data analytics course,0,5494,187.68,23,8,0.046,1402,24112024,hyderabad,tablet,data analytics course
A2419,data analytics course,169,0,180.58,30,7,0.049,1661,20241126,hyderbad,mobile,data analytics training
A2420,data analytics course,146,5173,234.26,20,7,0.048,1089,20241128,hyderabad,mobile,online data analytics
A2421,data analytics course,81,4808,189.19,17,9,0.111,1759,25112024,hyderabad,desktop,online data analytics
A2422,data analytics course,185,0,234.72,18,6,0.032,1508,20241127,hyderabad,desktop,data analytics online
A2423,data analytics course,90,5319,208.19,13,7,0.046,1719,20241126,hyderabad,tablet,data analytics training
A2424,data analytics course,155,4532,203.44,19,8,0.052,1709,17112024,hyderabad,desktop,learn data analytics
A2425,data analytics course,125,3458,180.49,19,3,0.046,1754,20241109,hyderbad,tablet,data analytics online
A2426,data analytics course,151,5432,204.76,18,9,0.06,1505,20241113,hyderabad,mobile,data analytics training
A2427,data analytics course,82,3052,211.11,12,3,0.037,1917,20241106,hyderabad,desktop,learn data analytics
A2428,data analytics course,198,5718,194.37,13,8,0.04,1118,20241116,hyderabad,tablet,data analytics training
A2429,data analytics course,115,4762,241.63,20,8,0.058,1555,3112024,hyderbad,desktop,data analytics course
A2430,data analytics course,158,4953,243.07,20,8,0.051,1955,20241104,hyderabad,tablet,learn data analytics
A2431,data analytics course,102,3784,219.45,13,9,0.045,1967,20241120,hyderabad,desktop,data analytics course
A2432,data analytics course,93,0,192.81,22,7,0.075,1726,20241118,hyderabad,desktop,learn data analytics
A2433,data analytics course,198,5860,185.25,24,9,0.041,1950,20241101,hyderabad,tablet,data analytics training
A2434,data analytics course,174,4169,189.36,23,8,0.046,1110,20241114,hyderabad,tablet,data analytics course
A2435,data analytics course,193,5831,215.57,24,5,0.046,1265,20241114,hyderbad,mobile,online data analytics
A2436,data analytics course,117,5269,196.1,26,0,0.046,1096,5112024,hyderabad,desktop,online data analytics
A2437,data analytics course,147,5793,240.32,25,5,0.049,1645,20241127,hyderabad,tablet,data analytics course
A2438,data analytics course,179,3338,218.33,30,7,0.039,1505,20241124,hyderabad,desktop,data analytics online
A2439,data analytics course,194,4297,237.87,22,3,0.046,1739,20241129,hyderabad,desktop,data analytics course
A2440,data analytics course,112,3961,214.45,13,7,0.046,1594,20241117,hyderabad,desktop,analytics for data
A2441,data analytics course,88,5063,195.2,22,3,0.034,1460,20241120,hyderabad,mobile,analytics for data
A2442,data analytics course,172,5635,200.16,21,7,0.036,1727,14112024,hyderbad,mobile,data analytics online
A2443,data analytics course,81,4404,239.62,11,4,0.035,1814,20241121,hyderabad,mobile,data analytics course
A2444,data analytics course,142,4312,213.54,21,7,0.049,1666,20241120,hyderabad,desktop,learn data analytics
A2445,data analytics course,111,3302,193.18,30,10,0.046,1783,19112024,hyderbad,mobile,analytics for data
A2446,data analytics course,81,3575,192.71,27,4,0.049,1158,11112024,hyderabad,tablet,online data analytics
A2447,data analytics course,112,5055,213.36,26,5,0.058,1959,20241129,hyderabad,desktop,data analytics training
A2448,data analytics course,101,5415,236.41,13,10,0.039,1832,15112024,hyderabad,tablet,learn data analytics
A2449,data analytics course,166,3118,212.46,25,7,0.042,1813,20241114,hyderabad,tablet,online data analytics
A2450,data analytics course,0,5271,215.57,14,8,0.046,1629,20241122,hyderabad,mobile,data analytics online
A2451,data analytics course,148,0,214.26,21,8,0.046,1629,20241113,hyderabad,tablet,data analytics online
A2452,data analytics course,126,5250,239.73,30,4,0.032,1070,20241123,hyderabad,tablet,analytics for data
A2453,data analytics course,119,4405,233.66,25,3,0.039,1407,12112024,hyderabad,desktop,data analytics course
A2454,data analytics course,189,5060,236.54,26,7,0.043,1877,20241110,hyderbad,mobile,data analytics training
A2455,data analytics course,167,3296,246.85,29,8,0.048,1723,20241117,hyderabad,desktop,data analytics online
A2456,data analytics course,198,3499,209.74,30,9,0.04,1893,20241125,hyderabad,desktop,data analytics course
A2457,data analytics course,95,3449,184.55,10,10,0.041,1601,16112024,hyderabad,mobile,analytics for data
A2458,data analytics course,181,3738,206.61,16,9,0.05,1868,20241109,hyderabad,mobile,online data analytics
A2459,data analytics course,105,4236,180.2,12,7,0.067,1505,20241124,hyderbad,mobile,learn data analytics
A2460,data analytics course,178,5751,205.34,24,10,0.046,1903,20241120,hyderabad,desktop,data analytics course
A2461,data analytics course,127,5050,184.77,28,9,0.071,1906,20241102,hyderbad,desktop,data analytics online
A2462,data analytics course,198,4773,202.54,17,10,0.046,1082,20241119,hyderabad,mobile,data analytics online
A2463,data analytics course,86,5652,249.13,25,7,0.081,1981,6112024,hyderabad,mobile,data analytics training
A2464,data analytics course,0,5085,182.42,11,7,0.046,1109,4112024,hyderabad,desktop,online data analytics
A2465,data analytics course,191,5070,247.41,12,4,0.046,1266,25112024,hyderabad,mobile,analytics for data
A2466,data analytics course,139,5879,197.9,24,4,0.029,1476,20241105,hyderabad,mobile,data analytics course
A2467,data analytics course,197,3620,235.19,18,7,0.036,1740,20241101,hyderabad,mobile,online data analytics
A2468,data analytics course,116,4250,216.66,10,9,0.078,1877,20241102,hyderbad,mobile,data analytics training
A2469,data analytics course,192,4850,235.42,22,10,0.052,1124,20241114,hyderabad,desktop,analytics for data
A2470,data analytics course,118,3815,185.78,16,4,0.046,1093,17112024,hyderabad,desktop,data analytics online
A2471,data analytics course,172,5741,198.44,14,4,0.023,1755,20241111,hyderbad,desktop,analytics for data
A2472,data analytics course,174,4272,240.77,16,7,0.041,1004,20241123,hyderabad,desktop,learn data analytics
A2473,data analytics course,175,4974,182.22,21,5,0.046,1300,23112024,hyderbad,mobile,learn data analytics
A2474,data analytics course,0,3215,191.22,30,7,0.046,1588,20241123,hyderabad,desktop,analytics for data
A2475,data analytics course,0,3723,201.32,21,8,0.046,1505,6112024,hyderbad,tablet,data analytics course
A2476,data analytics course,103,4670,203.4,21,4,0.046,1562,25112024,hyderabad,mobile,analytics for data
A2477,data analytics course,187,4474,182.47,10,0,0.046,1768,13112024,hyderabad,tablet,online data analytics
A2478,data analytics course,0,3009,195.17,0,6,0.046,1083,20241123,hyderbad,tablet,data analytics online
A2479,data analytics course,109,3933,189.73,11,4,0.046,1700,7112024,hyderabad,desktop,data analytics online
A2480,data analytics course,118,4360,232.09,10,9,0.076,1252,20241113,hyderabad,desktop,data analytics training
A2481,data analytics course,164,5120,185.69,10,5,0.031,1597,20241123,hyderabad,tablet,analytics for data
A2482,data analytics course,166,3887,192.0,24,9,0.054,1890,20241113,hyderbad,tablet,data analytics course
A2483,data analytics course,88,3909,189.57,30,10,0.114,1750,29112024,hyderbad,desktop,data analytics training
A2484,data analytics course,125,3017,232.51,14,7,0.046,1510,20241108,hyderbad,tablet,data analytics training
A2485,data analytics course,0,5127,206.95,26,5,0.046,1902,17112024,hyderabad,desktop,online data analytics
A2486,data analytics course,151,3992,212.42,10,9,0.06,1890,20241126,hyderabad,tablet,learn data analytics
A2487,data analytics course,182,3554,181.74,18,4,0.022,1933,2112024,hyderabad,tablet,learn data analytics
A2488,data analytics course,84,4051,196.83,21,4,0.048,1094,20241114,hyderabad,mobile,online data analytics
A2489,data analytics course,127,3541,239.47,16,10,0.079,1474,20241125,hyderbad,tablet,data analytics training
A2490,data analytics course,104,5878,228.79,21,3,0.05,1101,5112024,hyderbad,mobile,data analytics course
A2491,data analytics course,161,4611,228.34,26,7,0.043,1473,20241125,hyderabad,tablet,data analytics online
A2492,data analytics course,141,4764,187.72,28,4,0.028,1428,20241116,hyderabad,mobile,analytics for data
A2493,data analytics course,186,4603,191.84,26,9,0.047,1918,20241107,hyderabad,desktop,learn data analytics
A2494,data analytics course,0,5003,195.4,15,7,0.046,1273,20241118,hyderbad,desktop,data analytics training
A2495,data analytics course,124,5212,190.83,13,6,0.048,1399,20241107,hyderabad,desktop,data analytics course
A2496,data analytics course,97,5285,249.65,12,7,0.051,1411,20241127,hyderabad,desktop,data analytics training
A2497,data analytics course,111,3177,224.51,18,8,0.046,1946,20241125,hyderabad,desktop,learn data analytics
A2498,data analytics course,93,5571,185.71,12,7,0.075,1630,21112024,hyderabad,tablet,online data analytics
A2499,data analytics course,92,3237,245.48,15,6,0.065,1505,20241119,hyderbad,desktop,data analytics online
A2500,data analytics course,138,5314,198.39,17,10,0.072,1250,20241120,hyderabad,desktop,online data analytics
A2501,data analytics course,129,4452,196.06,10,9,0.053,1069,20241113,hyderbad,tablet,learn data analytics
A2502,data analytics course,183,3920,235.79,20,7,0.038,1238,20241117,hyderbad,mobile,data analytics training
A2503,data analytics course,154,4603,214.0,20,3,0.019,1709,20241118,hyderabad,tablet,data analytics course
A2504,data analytics course,95,4938,204.5,12,6,0.046,1494,20241118,hyderabad,tablet,data analytics training
A2505,data analytics course,173,5291,215.57,23,8,0.046,1557,20241113,hyderbad,mobile,data analytics online
A2506,data analytics course,112,4072,211.56,17,10,0.089,1229,1112024,hyderabad,desktop,analytics for data
A2507,data analytics course,170,5953,186.11,25,8,0.046,1080,20241126,hyderabad,mobile,data analytics online
A2508,data analytics course,96,0,232.87,0,10,0.053,1162,20241114,hyderabad,mobile,learn data analytics
A2509,data analytics course,113,3104,230.92,28,9,0.08,1422,27112024,hyderabad,tablet,data analytics course
A2510,data analytics course,145,4882,217.25,22,3,0.021,1814,20241119,hyderabad,mobile,analytics for data
A2511,data analytics course,83,3212,243.86,25,4,0.048,1612,20241119,hyderabad,mobile,data analytics course
A2512,data analytics course,90,4973,181.04,23,5,0.056,1039,3112024,hyderabad,desktop,online data analytics
A2513,data analytics course,140,5227,222.57,27,3,0.021,1527,20241118,hyderabad,desktop,learn data analytics
A2514,data analytics course,111,5434,181.05,10,5,0.045,1627,23112024,hyderbad,mobile,data analytics training
A2515,data analytics course,105,3300,180.25,22,10,0.095,1640,20241121,hyderabad,mobile,online data analytics
A2516,data analytics course,181,4857,215.59,13,8,0.044,1883,20241123,hyderabad,desktop,learn data analytics
A2517,data analytics course,189,4019,248.09,16,6,0.045,1378,20241130,hyderabad,tablet,online data analytics
A2518,data analytics course,138,5495,220.69,19,5,0.036,1624,4112024,hyderabad,tablet,online data analytics
A2519,data analytics course,178,5218,208.92,20,7,0.039,1714,25112024,hyderbad,mobile,analytics for data
A2520,data analytics course,155,5996,247.54,15,5,0.032,1883,20241127,hyderabad,mobile,analytics for data
A2521,data analytics course,168,4932,198.95,16,7,0.052,1301,19112024,hyderabad,desktop,data analytics training
A2522,data analytics course,152,4498,233.81,30,6,0.039,1090,25112024,hyderabad,desktop,data analytics online
A2523,data analytics course,111,4164,191.04,18,9,0.046,1687,20241121,hyderabad,tablet,data analytics training
A2524,data analytics course,141,4329,230.44,14,6,0.043,1610,7112024,hyderabad,mobile,learn data analytics
A2525,data analytics course,97,5764,246.15,30,7,0.046,1345,18112024,hyderbad,mobile,analytics for data
A2526,data analytics course,82,5430,205.46,18,5,0.061,1435,20241130,hyderabad,mobile,online data analytics
A2527,data analytics course,164,5179,206.72,18,9,0.055,1213,20241127,hyderabad,tablet,data analytics course
A2528,data analytics course,109,5707,246.86,22,4,0.034,1980,19112024,hyderbad,tablet,data analytics online
A2529,data analytics course,126,3263,237.54,0,9,0.046,1364,20241117,hyderabad,mobile,data analytics online
A2530,data analytics course,175,5718,225.4,19,6,0.057,1001,12112024,hyderabad,tablet,analytics for data
A2531,data analytics course,96,5075,221.28,25,3,0.038,1937,23112024,hyderabad,desktop,learn data analytics
A2532,data analytics course,113,4473,202.3,17,5,0.044,1049,20241108,hyderabad,tablet,online data analytics
A2533,data analytics course,96,3979,232.44,27,7,0.046,1140,30112024,hyderabad,mobile,learn data analytics
A2534,data analytics course,162,5688,190.31,17,5,0.031,1556,25112024,hyderbad,tablet,data analytics course
A2535,data analytics course,125,3546,234.02,23,10,0.046,1072,20241127,hyderabad,desktop,analytics for data
A2536,data analytics course,89,4188,206.71,16,4,0.045,1382,20241101,hyderbad,tablet,online data analytics
A2537,data analytics course,99,4134,234.04,18,3,0.03,1683,20241130,hyderabad,desktop,learn data analytics
A2538,data analytics course,91,4710,199.18,21,9,0.099,1431,20241110,hyderabad,tablet,data analytics course
A2539,data analytics course,141,4654,192.19,21,6,0.043,1932,25112024,hyderabad,mobile,analytics for data
A2540,data analytics course,110,5509,245.38,13,8,0.048,1539,20241110,hyderabad,mobile,learn data analytics
A2541,data analytics course,96,3091,187.57,11,0,0.046,1737,10112024,hyderabad,tablet,data analytics course
A2542,data analytics course,85,4653,196.73,23,6,0.071,1032,13112024,hyderabad,mobile,data analytics course
A2543,data analytics course,151,5389,227.07,18,10,0.057,1318,20241120,hyderabad,desktop,data analytics training
A2544,data analytics course,139,5290,208.43,28,4,0.051,1022,20241120,hyderabad,tablet,data analytics online
A2545,data analytics course,120,3060,197.96,0,8,0.067,1679,20241123,hyderabad,tablet,analytics for data
A2546,data analytics course,109,4444,219.46,12,9,0.083,1159,20241128,hyderbad,mobile,data analytics training
A2547,data analytics course,145,3509,181.11,19,10,0.048,1627,20241122,hyderabad,mobile,online data analytics
A2548,data analytics course,151,4675,183.02,14,7,0.046,1000,20241110,hyderabad,mobile,analytics for data
A2549,data analytics course,108,5869,226.93,16,7,0.065,1633,3112024,hyderbad,desktop,analytics for data
A2550,data analytics course,166,3992,205.9,15,8,0.048,1899,20241105,hyderbad,desktop,analytics for data
A2551,data analytics course,134,4172,191.8,26,5,0.037,1170,20241118,hyderabad,tablet,online data analytics
A2552,data analytics course,104,5926,224.63,17,8,0.046,1239,20241124,hyderabad,mobile,learn data analytics
A2553,data analytics course,0,5785,195.39,15,10,0.046,1296,20241125,hyderabad,tablet,analytics for data
A2554,data analytics course,160,5664,210.58,16,9,0.046,1836,20241107,hyderabad,mobile,data analytics training
A2555,data analytics course,147,5930,248.18,22,10,0.068,1743,15112024,hyderabad,desktop,analytics for data
A2556,data analytics course,196,3656,240.44,15,6,0.052,1894,3112024,hyderabad,tablet,analytics for data
A2557,data analytics course,159,5078,182.57,30,8,0.05,1541,20241109,hyderabad,mobile,data analytics course
A2558,data analytics course,104,5257,220.44,17,7,0.052,1462,20241127,hyderabad,mobile,data analytics online
A2559,data analytics course,135,5582,209.14,28,5,0.037,1912,25112024,hyderabad,tablet,online data analytics
A2560,data analytics course,92,3097,232.27,21,0,0.046,1905,14112024,hyderabad,desktop,analytics for data
A2561,data analytics course,136,3657,236.19,12,5,0.037,1425,20241106,hyderbad,mobile,online data analytics
A2562,data analytics course,135,3198,227.48,0,6,0.044,1882,20241109,hyderabad,desktop,online data analytics
A2563,data analytics course,91,5017,239.34,15,5,0.055,1505,2112024,hyderabad,tablet,analytics for data
A2564,data analytics course,181,5343,244.02,30,9,0.038,1639,20241126,hyderabad,mobile,learn data analytics
A2565,data analytics course,0,4896,207.51,17,0,0.046,1505,20241111,hyderabad,mobile,data analytics online
A2566,data analytics course,80,5756,205.38,16,4,0.05,1778,20241120,hyderbad,desktop,online data analytics
A2567,data analytics course,155,5696,236.44,13,3,0.019,1207,20241123,hyderabad,mobile,data analytics online
A2568,data analytics course,114,5683,214.42,20,8,0.07,1474,20241108,hyderabad,mobile,learn data analytics
A2569,data analytics course,98,4669,205.72,16,6,0.061,1767,20241130,hyderabad,desktop,analytics for data
A2570,data analytics course,125,3807,234.92,11,6,0.048,1505,20241129,hyderbad,mobile,online data analytics
A2571,data analytics course,160,3163,238.95,20,8,0.05,1569,20241126,hyderbad,desktop,online data analytics
A2572,data analytics course,175,3732,231.25,16,10,0.057,1014,20241115,hyderabad,mobile,learn data analytics
A2573,data analytics course,123,3860,224.63,24,8,0.065,1800,20241115,hyderabad,desktop,analytics for data
A2574,data analytics course,106,3196,212.12,15,6,0.046,1314,20241123,hyderabad,tablet,analytics for data
A2575,data analytics course,0,3322,205.85,24,4,0.046,1031,9112024,hyderabad,tablet,data analytics training
A2576,data analytics course,185,5121,215.46,12,9,0.049,1724,2112024,hyderabad,mobile,data analytics course
A2577,data analytics course,139,5610,239.44,17,6,0.043,1548,14112024,hyderabad,tablet,online data analytics
A2578,data analytics course,174,3890,186.04,28,7,0.04,1793,20241121,hyderabad,tablet,online data analytics
A2579,data analytics course,157,4671,248.17,14,7,0.045,1247,20241103,hyderabad,mobile,data analytics training
A2580,data analytics course,160,5438,197.5,16,6,0.037,1752,3112024,hyderabad,tablet,data analytics course
A2581,data analytics course,198,4726,185.13,14,0,0.046,1580,17112024,hyderabad,tablet,learn data analytics
A2582,data analytics course,144,5301,195.83,12,3,0.046,1654,27112024,hyderabad,tablet,data analytics online
A2583,data analytics course,187,3722,182.43,27,7,0.037,1613,20112024,hyderabad,mobile,data analytics training
A2584,data analytics course,139,3944,215.57,29,3,0.022,1863,20241104,hyderabad,tablet,analytics for data
A2585,data analytics course,194,5123,180.01,27,5,0.036,1978,5112024,hyderabad,mobile,learn data analytics
A2586,data analytics course,157,4127,200.44,30,8,0.058,1044,20241115,hyderabad,desktop,data analytics training
A2587,data analytics course,112,4944,233.83,19,4,0.036,1296,20241127,hyderbad,tablet,data analytics training
A2588,data analytics course,82,4534,203.89,10,6,0.073,1589,20241126,hyderbad,tablet,online data analytics
A2589,data analytics course,152,5894,219.23,14,5,0.033,1641,20241113,hyderabad,mobile,data analytics training
A2590,data analytics course,81,5545,212.89,11,5,0.062,1818,15112024,hyderabad,mobile,data analytics online
A2591,data analytics course,84,5573,215.57,23,6,0.071,1656,20241112,hyderbad,desktop,online data analytics
A2592,data analytics course,117,3039,223.72,27,8,0.068,1340,20241114,hyderabad,mobile,data analytics training
A2593,data analytics course,82,3556,215.57,16,5,0.061,1331,20241117,hyderabad,mobile,data analytics online
A2594,data analytics course,192,4920,192.15,18,10,0.052,1665,20241109,hyderabad,mobile,data analytics online
A2595,data analytics course,131,3187,234.53,24,10,0.046,1656,7112024,hyderabad,mobile,data analytics course
A2596,data analytics course,177,3238,189.61,29,7,0.05,1925,27112024,hyderabad,tablet,data analytics online
A2597,data analytics course,0,0,182.66,22,10,0.046,1482,20241124,hyderabad,desktop,learn data analytics
A2598,data analytics course,147,4507,190.42,27,8,0.054,1073,20241105,hyderabad,desktop,learn data analytics
A2599,data analytics course,143,3606,200.29,0,3,0.035,1550,20112024,hyderabad,mobile,learn data analytics
A2600,data analytics course,0,3355,186.9,20,4,0.046,1524,20241110,hyderabad,mobile,online data analytics
A2601,data analytics course,160,3711,214.41,10,6,0.037,1550,20241107,hyderbad,mobile,analytics for data
A2602,data analytics course,172,4841,234.94,28,8,0.046,1258,20241112,hyderabad,desktop,analytics for data
A2603,data analytics course,95,5411,182.58,13,4,0.042,1111,30112024,hyderbad,tablet,data analytics training
A2604,data analytics course,111,3520,237.4,13,3,0.027,1395,20241119,hyderabad,mobile,online data analytics
A2605,data analytics course,171,3460,184.14,27,9,0.053,1565,16112024,hyderabad,tablet,data analytics online
A2606,data analytics course,145,5875,221.0,14,7,0.048,1230,20241124,hyderabad,desktop,learn data analytics
A2607,data analytics course,118,3404,183.15,27,7,0.059,1489,20241121,hyderbad,tablet,learn data analytics
A2608,data analytics course,171,3567,233.32,27,4,0.046,1271,20241105,hyderabad,desktop,analytics for data
A2609,data analytics course,108,3628,185.68,24,8,0.074,1682,20241119,hyderabad,tablet,learn data analytics
A2610,data analytics course,100,4994,206.32,21,7,0.04,1673,20241120,hyderabad,tablet,learn data analytics
A2611,data analytics course,138,5758,193.53,14,4,0.029,1902,20241115,hyderabad,tablet,analytics for data
A2612,data analytics course,88,3382,198.62,25,9,0.102,1599,10112024,hyderabad,desktop,data analytics training
A2613,data analytics course,125,3652,186.61,29,10,0.08,1017,20241129,hyderbad,mobile,learn data analytics
A2614,data analytics course,169,4120,215.75,27,5,0.03,1362,20241119,hyderabad,mobile,analytics for data
A2615,data analytics course,169,3142,236.79,18,7,0.041,1505,20241106,hyderabad,mobile,data analytics online
A2616,data analytics course,149,5726,235.72,17,7,0.047,1902,11112024,hyderabad,mobile,data analytics online
A2617,data analytics course,99,5938,183.49,30,3,0.03,1487,18112024,hyderabad,mobile,data analytics online
A2618,data analytics course,177,3567,214.71,28,5,0.028,1001,11112024,hyderbad,tablet,analytics for data
A2619,data analytics course,189,3215,224.53,23,0,0.052,1309,20241115,hyderabad,desktop,online data analytics
A2620,data analytics course,94,5094,215.57,24,3,0.046,1974,9112024,hyderabad,desktop,online data analytics
A2621,data analytics course,191,3337,231.0,29,6,0.031,1424,20241118,hyderbad,tablet,data analytics course
A2622,data analytics course,83,4359,227.14,0,10,0.12,1505,20241102,hyderabad,desktop,data analytics online
A2623,data analytics course,148,4813,212.78,12,0,0.046,1833,20241123,hyderabad,mobile,online data analytics
A2624,data analytics course,125,4300,221.37,16,10,0.08,1066,20241127,hyderabad,tablet,data analytics course
A2625,data analytics course,105,4094,183.47,11,6,0.046,1817,20241125,hyderabad,mobile,online data analytics
A2626,data analytics course,84,4263,234.62,29,9,0.107,1599,18112024,hyderabad,mobile,learn data analytics
A2627,data analytics course,114,3472,242.89,16,10,0.046,1642,20241128,hyderabad,tablet,analytics for data
A2628,data analytics course,129,4411,180.17,28,5,0.039,1173,10112024,hyderabad,desktop,data analytics online
A2629,data analytics course,128,4787,204.29,0,0,0.059,1880,20241129,hyderabad,desktop,data analytics training
A2630,data analytics course,120,5915,241.95,26,3,0.046,1253,20241125,hyderabad,desktop,analytics for data
A2631,data analytics course,99,4111,192.09,14,5,0.046,1497,20241119,hyderabad,mobile,analytics for data
A2632,data analytics course,180,3305,187.59,14,10,0.056,1505,20241119,hyderabad,desktop,data analytics online
A2633,data analytics course,154,3510,211.16,26,10,0.065,1167,20241114,hyderabad,tablet,online data analytics
A2634,data analytics course,89,3265,234.51,29,8,0.09,1505,20241128,hyderabad,tablet,data analytics course
A2635,data analytics course,136,5977,249.89,15,9,0.066,1477,20241128,hyderabad,tablet,analytics for data
A2636,data analytics course,177,5409,181.75,19,4,0.046,1793,3112024,hyderabad,tablet,data analytics course
A2637,data analytics course,145,5523,215.57,10,0,0.046,1668,19112024,hyderbad,mobile,data analytics training
A2638,data analytics course,152,5421,248.08,16,6,0.035,1752,20241127,hyderabad,mobile,analytics for data
A2639,data analytics course,187,5181,227.15,18,10,0.046,1516,20241125,hyderbad,tablet,data analytics training
A2640,data analytics course,91,5484,198.25,16,6,0.066,1981,20241120,hyderbad,mobile,data analytics training
A2641,data analytics course,180,5545,238.85,30,10,0.056,1971,24112024,hyderabad,desktop,data analytics course
A2642,data analytics course,122,4295,215.57,24,6,0.049,1349,20241110,hyderabad,desktop,data analytics course
A2643,data analytics course,0,4314,194.56,21,9,0.046,1211,20241109,hyderabad,tablet,data analytics training
A2644,data analytics course,157,4111,208.46,27,8,0.046,1187,20241105,hyderabad,tablet,data analytics training
A2645,data analytics course,178,5640,195.8,25,4,0.022,1807,22112024,hyderabad,mobile,data analytics online
A2646,data analytics course,94,3805,198.19,12,8,0.085,1523,20241110,hyderabad,tablet,data analytics course
A2647,data analytics course,130,4561,196.04,25,9,0.069,1388,18112024,hyderabad,desktop,analytics for data
A2648,data analytics course,169,5865,200.36,19,5,0.03,1482,30112024,hyderabad,mobile,online data analytics
A2649,data analytics course,176,5275,241.12,14,8,0.046,1995,15112024,hyderbad,mobile,data analytics online
A2650,data analytics course,143,4964,207.66,21,10,0.07,1619,13112024,hyderbad,tablet,analytics for data
A2651,data analytics course,153,5292,225.98,21,9,0.059,1223,20241110,hyderabad,mobile,data analytics course
A2652,data analytics course,96,5568,210.99,19,10,0.104,1317,20241121,hyderbad,desktop,learn data analytics
A2653,data analytics course,96,4849,198.41,13,5,0.052,1198,27112024,hyderabad,mobile,online data analytics
A2654,data analytics course,172,4128,215.57,12,7,0.041,1070,20241117,hyderbad,tablet,learn data analytics
A2655,data analytics course,197,4645,219.15,24,5,0.025,1911,20241130,hyderabad,mobile,online data analytics
A2656,data analytics course,191,5706,249.69,25,6,0.031,1821,20241116,hyderbad,desktop,data analytics online
A2657,data analytics course,167,3438,235.2,10,7,0.046,1229,20241117,hyderbad,desktop,data analytics online
A2658,data analytics course,191,3610,217.44,27,6,0.031,1890,20241123,hyderbad,tablet,analytics for data
A2659,data analytics course,90,3828,238.12,21,6,0.06,1505,20241121,hyderabad,desktop,data analytics online
A2660,data analytics course,115,5431,180.5,0,7,0.061,1995,20241115,hyderbad,desktop,data analytics course
A2661,data analytics course,188,4300,226.13,28,7,0.046,1185,20241114,hyderabad,mobile,online data analytics
A2662,data analytics course,173,3829,221.28,29,4,0.023,1417,20241125,hyderabad,desktop,learn data analytics
A2663,data analytics course,107,4165,192.18,21,10,0.093,1754,29112024,hyderabad,mobile,learn data analytics
A2664,data analytics course,171,5953,230.37,14,7,0.048,1436,17112024,hyderabad,tablet,analytics for data
A2665,data analytics course,87,4836,242.0,12,7,0.046,1665,15112024,hyderabad,desktop,learn data analytics
A2666,data analytics course,199,3717,226.84,27,3,0.037,1449,20241125,hyderbad,mobile,data analytics training
A2667,data analytics course,195,5190,231.62,0,3,0.046,1429,12112024,hyderabad,tablet,data analytics course
A2668,data analytics course,97,3921,232.83,11,9,0.036,1886,20241116,hyderabad,tablet,analytics for data
A2669,data analytics course,184,3824,200.99,26,6,0.046,1023,20241126,hyderabad,mobile,data analytics online
A2670,data analytics course,168,5414,221.78,19,8,0.048,1715,20241129,hyderabad,mobile,data analytics training
A2671,data analytics course,128,3984,222.78,26,4,0.046,1786,20241114,hyderabad,desktop,data analytics online
A2672,data analytics course,117,4716,213.86,26,4,0.046,1505,20241127,hyderabad,mobile,online data analytics
A2673,data analytics course,142,5265,183.15,19,9,0.047,1173,20241107,hyderabad,desktop,online data analytics
A2674,data analytics course,194,5273,201.59,15,10,0.046,1018,20241106,hyderbad,mobile,data analytics online
A2675,data analytics course,141,5656,193.58,20,6,0.043,1953,26112024,hyderabad,desktop,data analytics course
A2676,data analytics course,137,3149,195.06,17,6,0.046,1718,20241108,hyderabad,tablet,analytics for data
A2677,data analytics course,162,5799,196.39,27,8,0.049,1505,20241113,hyderabad,tablet,data analytics online
A2678,data analytics course,151,3487,187.0,30,6,0.04,1529,13112024,hyderabad,mobile,online data analytics
A2679,data analytics course,87,4140,209.82,17,7,0.08,1151,23112024,hyderabad,tablet,online data analytics
A2680,data analytics course,183,5659,191.88,12,7,0.038,1830,20241110,hyderabad,mobile,analytics for data
A2681,data analytics course,120,3629,197.43,12,0,0.053,1522,20241123,hyderabad,desktop,data analytics training
A2682,data analytics course,187,5531,219.88,10,5,0.05,1807,20241113,hyderabad,tablet,analytics for data
A2683,data analytics course,121,5275,234.88,23,4,0.033,1766,5112024,hyderabad,desktop,data analytics online
A2684,data analytics course,173,3190,226.32,13,0,0.046,1884,20241127,hyderabad,mobile,online data analytics
A2685,data analytics course,165,5406,237.32,23,10,0.046,1002,25112024,hyderbad,tablet,data analytics course
A2686,data analytics course,192,3755,218.14,28,3,0.016,1121,20241130,hyderabad,mobile,online data analytics
A2687,data analytics course,193,4497,248.41,24,9,0.047,1025,20241106,hyderbad,desktop,learn data analytics
A2688,data analytics course,138,5904,197.08,26,8,0.058,1698,20241119,hyderabad,desktop,learn data analytics
A2689,data analytics course,104,4212,215.57,15,6,0.046,1108,20241130,hyderabad,desktop,data analytics training
A2690,data analytics course,162,5979,190.69,30,6,0.043,1976,20241123,hyderabad,tablet,learn data analytics
A2691,data analytics course,115,4950,241.85,19,9,0.078,1343,20241116,hyderabad,tablet,online data analytics
A2692,data analytics course,104,3405,227.36,28,8,0.05,1970,20241127,hyderbad,mobile,data analytics course
A2693,data analytics course,168,0,196.79,22,8,0.051,1666,20241123,hyderabad,tablet,learn data analytics
A2694,data analytics course,146,4624,212.67,19,9,0.046,1513,20241109,hyderabad,mobile,data analytics course
A2695,data analytics course,82,5241,191.23,28,9,0.11,1369,3112024,hyderbad,desktop,data analytics course
A2696,data analytics course,0,5947,206.33,14,9,0.047,1188,24112024,hyderbad,tablet,analytics for data
A2697,data analytics course,142,3246,249.27,11,8,0.046,1667,20241105,hyderbad,mobile,data analytics online
A2698,data analytics course,198,5858,232.94,17,8,0.04,1903,20241122,hyderabad,desktop,analytics for data
A2699,data analytics course,119,5159,227.36,22,10,0.084,1448,20241116,hyderabad,mobile,data analytics training
A2700,data analytics course,109,4002,203.96,14,3,0.046,1430,2112024,hyderbad,mobile,data analytics course
A2701,data analytics course,87,3068,243.15,11,6,0.069,1356,23112024,hyderabad,tablet,online data analytics
A2702,data analytics course,110,4907,247.48,12,10,0.091,1205,20241126,hyderbad,desktop,data analytics training
A2703,data analytics course,92,5680,224.6,15,7,0.076,1505,26112024,hyderbad,desktop,online data analytics
A2704,data analytics course,85,3909,189.9,12,3,0.035,1216,14112024,hyderabad,tablet,online data analytics
A2705,data analytics course,199,3060,237.3,19,9,0.045,1527,20241104,hyderabad,mobile,data analytics online
A2706,data analytics course,148,4558,249.74,18,8,0.054,1554,20241101,hyderbad,desktop,data analytics course
A2707,data analytics course,173,5992,230.26,11,5,0.029,1683,8112024,hyderbad,mobile,data analytics training
A2708,data analytics course,84,5069,192.08,25,3,0.036,1738,11112024,hyderbad,desktop,online data analytics
A2709,data analytics course,82,4340,186.61,17,3,0.037,1092,7112024,hyderabad,desktop,data analytics training
A2710,data analytics course,147,5139,245.93,29,8,0.033,1853,10112024,hyderabad,mobile,data analytics course
A2711,data analytics course,186,4679,241.7,19,9,0.046,1333,7112024,hyderbad,tablet,online data analytics
A2712,data analytics course,143,4232,207.76,30,8,0.046,1644,20241118,hyderabad,tablet,data analytics online
A2713,data analytics course,133,5580,248.11,17,5,0.038,1111,20241126,hyderbad,tablet,data analytics course
A2714,data analytics course,187,3972,226.62,24,7,0.037,1011,20241104,hyderbad,desktop,data analytics training
A2715,data analytics course,121,5205,181.81,24,5,0.037,1555,20241108,hyderabad,tablet,data analytics online
A2716,data analytics course,188,4521,214.58,24,3,0.016,1855,20241119,hyderabad,tablet,data analytics course
A2717,data analytics course,115,3924,214.52,16,7,0.04,1312,4112024,hyderbad,desktop,online data analytics
A2718,data analytics course,0,3319,230.39,28,4,0.046,1533,19112024,hyderbad,tablet,analytics for data
A2719,data analytics course,190,5141,225.14,15,10,0.053,1761,20241121,hyderabad,desktop,learn data analytics
A2720,data analytics course,92,5952,192.35,30,4,0.043,1335,8112024,hyderabad,mobile,data analytics online
A2721,data analytics course,107,0,227.88,23,8,0.075,1844,20241108,hyderabad,desktop,online data analytics
A2722,data analytics course,0,3794,225.38,13,7,0.046,1401,23112024,hyderabad,mobile,data analytics online
A2723,data analytics course,186,0,185.55,11,5,0.027,1903,20241116,hyderabad,tablet,data analytics course
A2724,data analytics course,129,3454,223.14,17,8,0.034,1391,1112024,hyderabad,tablet,analytics for data
A2725,data analytics course,162,3071,231.99,29,9,0.046,1603,20241118,hyderabad,tablet,online data analytics
A2726,data analytics course,177,5954,206.76,13,4,0.06,1104,20241114,hyderbad,tablet,learn data analytics
A2727,data analytics course,93,3473,207.92,30,9,0.046,1780,20241108,hyderabad,desktop,data analytics course
A2728,data analytics course,117,4341,212.29,19,8,0.068,1399,21112024,hyderabad,desktop,learn data analytics
A2729,data analytics course,120,3310,247.65,15,3,0.046,1584,20241121,hyderabad,mobile,online data analytics
A2730,data analytics course,81,3694,183.52,17,3,0.046,1156,22112024,hyderabad,mobile,online data analytics
A2731,data analytics course,91,3576,243.02,28,8,0.088,1567,20241125,hyderbad,mobile,data analytics training
A2732,data analytics course,167,4856,232.1,18,7,0.042,1476,20241107,hyderabad,desktop,analytics for data
A2733,data analytics course,175,5484,186.91,14,3,0.031,1728,20241118,hyderabad,desktop,analytics for data
A2734,data analytics course,121,3633,190.82,16,5,0.041,1157,20241116,hyderabad,tablet,data analytics online
A2735,data analytics course,85,0,190.32,13,9,0.106,1301,20241107,hyderabad,desktop,data analytics online
A2736,data analytics course,176,4474,215.93,28,9,0.035,1214,30112024,hyderbad,mobile,data analytics online
A2737,data analytics course,174,5282,240.85,10,4,0.046,1481,20241126,hyderabad,tablet,data analytics course
A2738,data analytics course,180,3778,214.66,28,4,0.046,1733,14112024,hyderabad,desktop,data analytics course
A2739,data analytics course,156,3361,183.12,29,9,0.058,1241,20241110,hyderabad,desktop,data analytics online
A2740,data analytics course,0,5877,223.87,21,9,0.046,1866,20241128,hyderbad,mobile,analytics for data
A2741,data analytics course,161,5656,237.69,12,4,0.056,1262,20241129,hyderabad,mobile,online data analytics
A2742,data analytics course,87,3061,192.29,15,6,0.069,1506,20241120,hyderabad,tablet,data analytics online
A2743,data analytics course,126,4569,204.13,10,4,0.032,1037,3112024,hyderbad,tablet,learn data analytics
A2744,data analytics course,151,5067,199.12,13,5,0.055,1669,20241127,hyderbad,mobile,data analytics training
A2745,data analytics course,85,5612,245.87,12,7,0.082,1124,20241116,hyderbad,mobile,learn data analytics
A2746,data analytics course,104,4627,200.98,28,6,0.058,1815,16112024,hyderabad,tablet,data analytics training
A2747,data analytics course,103,4264,214.56,27,4,0.039,1804,11112024,hyderbad,desktop,learn data analytics
A2748,data analytics course,162,5815,198.49,11,7,0.048,1468,20241123,hyderabad,tablet,data analytics course
A2749,data analytics course,161,3597,218.35,29,6,0.039,1840,6112024,hyderabad,tablet,data analytics course
A2750,data analytics course,83,5973,224.06,25,9,0.108,1197,20241110,hyderabad,mobile,analytics for data
A2751,data analytics course,165,3430,248.59,26,8,0.04,1056,20241106,hyderabad,desktop,analytics for data
A2752,data analytics course,134,5085,186.1,18,8,0.06,1033,20241127,hyderbad,mobile,data analytics course
A2753,data analytics course,126,4906,222.92,16,9,0.071,1443,20241125,hyderbad,mobile,learn data analytics
A2754,data analytics course,173,5082,198.75,16,3,0.046,1128,20241114,hyderabad,tablet,analytics for data
A2755,data analytics course,174,4661,200.74,0,5,0.029,1596,20241120,hyderabad,desktop,data analytics course
A2756,data analytics course,149,3573,247.52,20,4,0.031,1742,3112024,hyderabad,mobile,analytics for data
A2757,data analytics course,108,5663,213.85,0,9,0.083,1703,20241117,hyderabad,desktop,data analytics online
A2758,data analytics course,99,4466,214.08,14,7,0.046,1515,20241115,hyderbad,desktop,analytics for data
A2759,data analytics course,113,3120,249.66,20,8,0.071,1895,20241127,hyderbad,mobile,data analytics training
A2760,data analytics course,84,3911,206.06,13,7,0.046,1155,20241118,hyderabad,tablet,learn data analytics
A2761,data analytics course,182,3458,186.51,28,9,0.049,1982,20241101,hyderbad,desktop,learn data analytics
A2762,data analytics course,82,3261,245.34,30,8,0.046,1922,20241109,hyderabad,desktop,data analytics course
A2763,data analytics course,103,3844,232.39,13,7,0.068,1763,20241125,hyderabad,mobile,learn data analytics
A2764,data analytics course,117,4298,227.92,15,8,0.068,1512,20241121,hyderbad,tablet,online data analytics
A2765,data analytics course,93,4998,201.98,17,8,0.086,1216,20241112,hyderabad,desktop,data analytics course
A2766,data analytics course,166,5110,196.99,26,4,0.046,1431,12112024,hyderabad,tablet,data analytics online
A2767,data analytics course,121,5155,187.0,23,6,0.05,1510,20241105,hyderbad,tablet,data analytics course
A2768,data analytics course,106,5010,220.66,26,6,0.057,1345,16112024,hyderabad,desktop,data analytics course
A2769,data analytics course,106,4362,227.02,12,9,0.085,1548,27112024,hyderabad,mobile,online data analytics
A2770,data analytics course,122,3662,211.05,19,6,0.049,1082,20241121,hyderabad,desktop,data analytics training
A2771,data analytics course,193,5464,224.15,12,3,0.056,1157,3112024,hyderabad,tablet,online data analytics
A2772,data analytics course,146,3560,214.16,26,3,0.021,1033,20241102,hyderabad,desktop,analytics for data
A2773,data analytics course,0,5014,198.84,10,8,0.046,1474,20241114,hyderabad,tablet,learn data analytics
A2774,data analytics course,111,3278,189.58,25,5,0.045,1882,9112024,hyderabad,mobile,data analytics training
A2775,data analytics course,0,3149,213.67,14,8,0.046,1491,20241127,hyderabad,tablet,online data analytics
A2776,data analytics course,195,4128,246.55,25,5,0.026,1105,20241109,hyderabad,mobile,data analytics training
A2777,data analytics course,149,5018,219.11,16,3,0.046,1795,20241126,hyderbad,desktop,data analytics training
A2778,data analytics course,194,5215,225.13,12,6,0.031,1107,20241122,hyderabad,tablet,data analytics online
A2779,data analytics course,191,3948,208.43,23,7,0.037,1450,20241124,hyderabad,tablet,data analytics course
A2780,data analytics course,196,4912,187.07,26,7,0.046,1720,4112024,hyderabad,desktop,data analytics course
A2781,data analytics course,182,5136,249.36,23,7,0.038,1846,20241103,hyderbad,desktop,learn data analytics
A2782,data analytics course,156,5674,193.18,29,10,0.046,1176,27112024,hyderbad,desktop,data analytics course
A2783,data analytics course,187,4674,201.41,18,9,0.048,1719,20241128,hyderbad,tablet,learn data analytics
A2784,data analytics course,117,4408,184.0,30,3,0.026,1239,14112024,hyderbad,tablet,online data analytics
A2785,data analytics course,135,5402,238.81,19,8,0.059,1648,28112024,hyderabad,mobile,learn data analytics
A2786,data analytics course,114,0,223.69,20,3,0.026,1845,8112024,hyderabad,desktop,data analytics training
A2787,data analytics course,184,5876,231.91,23,0,0.046,1018,20241111,hyderabad,desktop,data analytics course
A2788,data analytics course,115,5996,191.99,24,0,0.046,1822,20241120,hyderabad,mobile,data analytics course
A2789,data analytics course,149,3249,202.43,11,6,0.04,1027,4112024,hyderabad,desktop,analytics for data
A2790,data analytics course,136,4351,233.43,18,6,0.044,1299,12112024,hyderabad,tablet,online data analytics
A2791,data analytics course,119,5805,245.13,25,6,0.046,1122,20241113,hyderabad,tablet,online data analytics
A2792,data analytics course,186,5685,197.15,18,10,0.046,1273,20241124,hyderabad,desktop,data analytics course
A2793,data analytics course,91,3199,196.04,27,4,0.044,1737,20241125,hyderabad,tablet,data analytics training
A2794,data analytics course,171,3490,180.82,11,8,0.047,1497,20241114,hyderabad,mobile,data analytics course
A2795,data analytics course,149,3584,199.9,21,8,0.054,1505,20241118,hyderbad,mobile,learn data analytics
A2796,data analytics course,121,3757,241.14,16,3,0.04,1226,20241111,hyderabad,desktop,data analytics online
A2797,data analytics course,189,3029,215.57,21,3,0.016,1016,20241105,hyderabad,desktop,data analytics training
A2798,data analytics course,183,3876,237.72,13,10,0.055,1682,20241111,hyderabad,mobile,data analytics online
A2799,data analytics course,133,4622,243.63,26,5,0.038,1742,20241122,hyderabad,mobile,analytics for data
A2800,data analytics course,127,3249,244.01,25,5,0.039,1248,20241105,hyderabad,mobile,analytics for data
A2801,data analytics course,195,3372,225.57,10,9,0.046,1686,20241117,hyderabad,mobile,data analytics training
A2802,data analytics course,138,5452,210.45,16,8,0.052,1964,2112024,hyderabad,desktop,data analytics training
A2803,data analytics course,134,3011,230.59,21,7,0.052,1224,16112024,hyderabad,mobile,online data analytics
A2804,data analytics course,110,3371,211.89,12,6,0.055,1743,20241109,hyderabad,tablet,data analytics course
A2805,data analytics course,186,5126,182.38,25,7,0.038,1856,20241118,hyderbad,tablet,data analytics online
A2806,data analytics course,191,5257,219.4,29,6,0.031,1730,20241104,hyderbad,mobile,data analytics online
A2807,data analytics course,169,3475,247.16,12,3,0.018,1985,20241112,hyderabad,mobile,data analytics training
A2808,data analytics course,198,5447,225.49,16,5,0.025,1249,29112024,hyderabad,mobile,analytics for data
A2809,data analytics course,184,3272,241.8,27,9,0.046,1969,20241108,hyderabad,mobile,learn data analytics
A2810,data analytics course,87,5221,217.08,13,9,0.103,1723,20241109,hyderabad,desktop,data analytics online
A2811,data analytics course,180,3099,241.32,23,5,0.028,1177,20241128,hyderabad,mobile,analytics for data
A2812,data analytics course,99,4229,183.7,24,8,0.081,1792,20241119,hyderabad,mobile,learn data analytics
A2813,data analytics course,148,4038,248.37,28,3,0.046,1549,8112024,hyderabad,mobile,online data analytics
A2814,data analytics course,146,3960,213.7,29,6,0.041,1178,20241123,hyderbad,mobile,data analytics course
A2815,data analytics course,149,3865,198.54,14,4,0.034,1505,20241101,hyderabad,tablet,data analytics training
A2816,data analytics course,88,3433,241.8,29,6,0.068,1654,20241120,hyderabad,mobile,learn data analytics
A2817,data analytics course,154,3009,185.32,16,9,0.051,1433,14112024,hyderabad,mobile,data analytics online
A2818,data analytics course,137,4817,215.57,17,6,0.056,1720,8112024,hyderabad,mobile,data analytics course
A2819,data analytics course,125,5217,183.16,16,10,0.041,1245,20241103,hyderabad,tablet,learn data analytics
A2820,data analytics course,155,4870,191.54,23,8,0.052,1451,20241114,hyderabad,tablet,data analytics course
A2821,data analytics course,111,5133,240.23,22,8,0.072,1555,22112024,hyderabad,desktop,online data analytics
A2822,data analytics course,141,3181,234.44,16,9,0.064,1628,20241121,hyderbad,desktop,data analytics training
A2823,data analytics course,153,4153,234.25,18,5,0.048,1368,20241124,hyderabad,tablet,data analytics course
A2824,data analytics course,176,0,191.11,11,4,0.059,1107,20241128,hyderabad,mobile,online data analytics
A2825,data analytics course,147,4250,223.33,17,3,0.02,1069,20241127,hyderbad,desktop,online data analytics
A2826,data analytics course,80,0,196.17,15,4,0.05,1252,20241108,hyderbad,desktop,learn data analytics
A2827,data analytics course,181,5783,231.16,24,4,0.022,1963,29112024,hyderabad,tablet,data analytics course
A2828,data analytics course,175,3792,227.98,17,8,0.046,1627,20241104,hyderabad,tablet,learn data analytics
A2829,data analytics course,94,5919,220.26,18,8,0.055,1486,20241118,hyderabad,desktop,data analytics training
A2830,data analytics course,119,4593,248.14,23,8,0.067,1595,20241108,hyderabad,mobile,learn data analytics
A2831,data analytics course,146,4308,181.7,27,9,0.046,1391,20241106,hyderabad,tablet,analytics for data
A2832,data analytics course,122,4676,202.56,25,8,0.051,1368,20241107,hyderbad,tablet,data analytics course
A2833,data analytics course,114,5832,215.57,28,4,0.035,1566,20241118,hyderbad,mobile,data analytics course
A2834,data analytics course,130,3637,215.57,25,7,0.046,1361,20241115,hyderabad,tablet,analytics for data
A2835,data analytics course,154,5533,207.61,14,8,0.035,1165,20241106,hyderbad,desktop,analytics for data
A2836,data analytics course,132,4320,229.38,15,5,0.038,1557,20241114,hyderabad,desktop,analytics for data
A2837,data analytics course,170,3526,224.34,29,4,0.024,1969,20241101,hyderbad,desktop,analytics for data
A2838,data analytics course,85,5962,201.12,20,10,0.046,1728,20241125,hyderabad,mobile,data analytics course
A2839,data analytics course,85,3208,220.53,25,5,0.059,1426,2112024,hyderabad,desktop,analytics for data
A2840,data analytics course,127,4477,199.34,20,3,0.024,1239,20241101,hyderabad,desktop,data analytics course
A2841,data analytics course,148,3207,207.16,22,9,0.061,1416,20241128,hyderabad,desktop,online data analytics
A2842,data analytics course,181,4269,227.56,24,4,0.046,1251,16112024,hyderabad,mobile,data analytics course
A2843,data analytics course,102,4512,183.01,0,5,0.049,1544,24112024,hyderabad,tablet,analytics for data
A2844,data analytics course,136,5249,199.26,25,9,0.059,1142,9112024,hyderabad,desktop,analytics for data
A2845,data analytics course,148,4881,213.23,14,4,0.046,1474,18112024,hyderbad,tablet,data analytics training
A2846,data analytics course,170,5385,198.13,21,7,0.045,1174,20241130,hyderabad,desktop,online data analytics
A2847,data analytics course,152,4506,215.57,17,7,0.033,1678,12112024,hyderabad,mobile,learn data analytics
A2848,data analytics course,128,4149,238.94,10,10,0.046,1306,20241113,hyderabad,mobile,data analytics course
A2849,data analytics course,168,4517,228.0,27,6,0.036,1679,20241120,hyderabad,mobile,online data analytics
A2850,data analytics course,95,4075,225.18,26,7,0.074,1763,20241119,hyderabad,tablet,data analytics online
A2851,data analytics course,120,3903,197.56,0,7,0.046,1255,18112024,hyderbad,tablet,analytics for data
A2852,data analytics course,157,4477,191.69,20,10,0.064,1598,20241104,hyderabad,mobile,online data analytics
A2853,data analytics course,147,5580,230.15,15,3,0.058,1299,6112024,hyderabad,desktop,learn data analytics
A2854,data analytics course,161,3253,181.02,15,10,0.062,1340,20241107,hyderabad,desktop,data analytics training
A2855,data analytics course,187,3869,185.15,26,6,0.032,1881,20241104,hyderbad,mobile,data analytics training
A2856,data analytics course,177,5043,213.52,18,4,0.023,1117,28112024,hyderabad,tablet,data analytics course
A2857,data analytics course,165,4537,191.77,15,4,0.024,1783,20241104,hyderbad,tablet,analytics for data
A2858,data analytics course,146,3766,215.57,23,6,0.046,1760,20241105,hyderabad,desktop,analytics for data
A2859,data analytics course,126,3702,222.41,27,5,0.04,1489,30112024,hyderabad,desktop,analytics for data
A2860,data analytics course,110,4840,184.63,17,8,0.073,1013,20241122,hyderabad,mobile,data analytics online
A2861,data analytics course,97,4425,206.41,10,5,0.046,1219,16112024,hyderabad,desktop,data analytics course
A2862,data analytics course,104,4213,202.54,21,8,0.077,1065,20241126,hyderabad,tablet,data analytics course
A2863,data analytics course,176,5010,205.47,18,10,0.057,1709,20241124,hyderabad,tablet,data analytics course
A2864,data analytics course,91,4045,225.82,12,7,0.046,1828,20241113,hyderabad,tablet,online data analytics
A2865,data analytics course,167,5145,183.22,19,9,0.054,1021,20241122,hyderabad,desktop,online data analytics
A2866,data analytics course,132,3725,196.98,16,6,0.045,1094,20241101,hyderbad,desktop,analytics for data
A2867,data analytics course,93,4962,181.34,22,4,0.043,1100,20241130,hyderabad,desktop,analytics for data
A2868,data analytics course,149,3055,228.17,18,7,0.05,1382,20241117,hyderbad,desktop,learn data analytics
A2869,data analytics course,184,4425,221.83,30,6,0.033,1956,13112024,hyderabad,tablet,data analytics online
A2870,data analytics course,192,3755,215.57,16,4,0.021,1805,6112024,hyderabad,desktop,learn data analytics
A2871,data analytics course,115,4832,237.18,24,5,0.043,1737,20241123,hyderbad,tablet,data analytics online
A2872,data analytics course,81,3224,239.58,18,10,0.123,1229,20241127,hyderabad,tablet,online data analytics
A2873,data analytics course,119,5809,224.5,11,7,0.059,1736,19112024,hyderabad,mobile,analytics for data
A2874,data analytics course,169,4027,193.86,22,4,0.033,1387,20241112,hyderabad,desktop,data analytics online
A2875,data analytics course,103,5900,231.39,24,10,0.097,1963,20241102,hyderabad,mobile,data analytics training
A2876,data analytics course,90,3518,216.8,21,4,0.044,1781,23112024,hyderabad,mobile,learn data analytics
A2877,data analytics course,184,4238,228.49,26,10,0.046,1003,20241109,hyderabad,tablet,learn data analytics
A2878,data analytics course,143,5160,248.04,21,10,0.038,1780,25112024,hyderabad,mobile,data analytics online
A2879,data analytics course,123,4753,203.59,29,10,0.081,1959,20241115,hyderbad,mobile,data analytics training
A2880,data analytics course,155,4969,190.87,25,5,0.032,1807,20241128,hyderabad,tablet,data analytics training
A2881,data analytics course,140,4415,240.95,13,8,0.057,1579,20241112,hyderabad,mobile,data analytics training
A2882,data analytics course,110,3931,193.32,0,4,0.046,1088,20241114,hyderbad,mobile,data analytics training
A2883,data analytics course,103,4409,246.87,18,8,0.078,1136,20241124,hyderbad,desktop,online data analytics
A2884,data analytics course,127,5064,195.07,22,10,0.079,1521,20241116,hyderbad,mobile,learn data analytics
A2885,data analytics course,151,3905,191.4,20,10,0.048,1342,20241130,hyderbad,desktop,data analytics course
A2886,data analytics course,191,4710,214.24,15,6,0.042,1080,5112024,hyderabad,desktop,data analytics course
A2887,data analytics course,177,3869,198.88,23,4,0.046,1909,20241104,hyderabad,desktop,data analytics course
A2888,data analytics course,122,3760,233.47,22,7,0.057,1785,20241116,hyderabad,desktop,analytics for data
A2889,data analytics course,99,3979,188.54,16,4,0.04,1244,20241120,hyderabad,tablet,data analytics training
A2890,data analytics course,0,3027,205.67,0,7,0.046,1593,20241107,hyderabad,tablet,learn data analytics
A2891,data analytics course,114,4540,185.04,10,4,0.035,1561,20241128,hyderabad,mobile,data analytics course
A2892,data analytics course,92,4466,244.46,18,6,0.039,1912,20241107,hyderabad,desktop,learn data analytics
A2893,data analytics course,0,4865,206.18,25,9,0.046,1836,8112024,hyderbad,desktop,data analytics online
A2894,data analytics course,157,5890,221.53,27,0,0.046,1122,11112024,hyderabad,mobile,data analytics training
A2895,data analytics course,91,4010,229.84,11,6,0.046,1634,2112024,hyderabad,mobile,analytics for data
A2896,data analytics course,91,4641,182.84,12,9,0.046,1235,20241125,hyderabad,mobile,data analytics online
A2897,data analytics course,99,5669,202.47,24,7,0.071,1862,11112024,hyderabad,desktop,online data analytics
A2898,data analytics course,160,3000,201.69,28,9,0.056,1103,20241116,hyderabad,desktop,data analytics online
A2899,data analytics course,0,3979,241.3,25,10,0.046,1488,10112024,hyderabad,desktop,data analytics course
A2900,data analytics course,185,0,192.6,23,5,0.027,1180,20241101,hyderabad,desktop,learn data analytics
A2901,data analytics course,137,5049,180.58,26,3,0.022,1808,18112024,hyderabad,desktop,data analytics training
A2902,data analytics course,159,3662,203.93,20,4,0.025,1776,20241110,hyderabad,tablet,data analytics course
A2903,data analytics course,155,5822,227.47,10,4,0.046,1373,20241128,hyderabad,mobile,data analytics online
A2904,data analytics course,103,3762,187.11,12,9,0.046,1096,20241124,hyderabad,mobile,learn data analytics
A2905,data analytics course,134,3647,209.89,21,7,0.032,1744,20241103,hyderabad,desktop,learn data analytics
A2906,data analytics course,128,3448,235.69,27,8,0.062,1373,17112024,hyderbad,desktop,data analytics course
A2907,data analytics course,156,3776,213.3,30,4,0.026,1013,20241119,hyderabad,tablet,online data analytics
A2908,data analytics course,154,5763,240.35,20,10,0.046,1816,25112024,hyderabad,mobile,data analytics online
A2909,data analytics course,176,3835,210.11,10,3,0.046,1025,5112024,hyderabad,tablet,data analytics course
A2910,data analytics course,0,4079,243.8,23,6,0.047,1909,20241129,hyderabad,tablet,learn data analytics
A2911,data analytics course,182,4444,188.86,19,9,0.045,1555,25112024,hyderabad,desktop,data analytics course
A2912,data analytics course,84,3859,182.85,17,8,0.095,1145,20241109,hyderabad,mobile,data analytics training
A2913,data analytics course,192,3752,240.61,23,8,0.042,1504,20241113,hyderabad,desktop,data analytics course
A2914,data analytics course,133,5487,243.45,22,7,0.053,1059,20241118,hyderbad,desktop,data analytics online
A2915,data analytics course,81,4864,238.27,15,7,0.086,1278,1112024,hyderabad,desktop,analytics for data
A2916,data analytics course,196,3834,216.22,10,3,0.046,1727,20241103,hyderabad,mobile,data analytics online
A2917,data analytics course,103,5859,210.86,15,7,0.068,1079,15112024,hyderabad,mobile,online data analytics
A2918,data analytics course,107,4428,187.08,28,8,0.075,1764,20241126,hyderbad,tablet,data analytics course
A2919,data analytics course,199,5649,223.62,11,4,0.02,1075,20241122,hyderabad,desktop,data analytics course
A2920,data analytics course,133,4116,248.26,14,3,0.033,1160,20241120,hyderbad,mobile,data analytics course
A2921,data analytics course,192,5026,209.89,25,9,0.046,1981,20241130,hyderbad,tablet,data analytics course
A2922,data analytics course,189,4969,245.1,11,9,0.046,1993,5112024,hyderabad,tablet,online data analytics
A2923,data analytics course,197,4441,220.84,26,6,0.03,1505,20241116,hyderbad,desktop,online data analytics
A2924,data analytics course,142,4854,220.73,25,9,0.063,1891,20241101,hyderbad,desktop,data analytics online
A2925,data analytics course,0,4010,238.31,12,3,0.046,1895,20241105,hyderabad,tablet,analytics for data
A2926,data analytics course,134,4790,182.49,19,5,0.06,1082,20241125,hyderabad,desktop,analytics for data
A2927,data analytics course,198,4953,201.7,22,8,0.046,1716,20241129,hyderbad,mobile,data analytics training
A2928,data analytics course,142,4818,233.74,24,5,0.043,1575,20241103,hyderabad,desktop,analytics for data
A2929,data analytics course,91,4394,215.57,21,0,0.046,1926,20241115,hyderabad,tablet,online data analytics
A2930,data analytics course,81,3855,185.69,21,9,0.051,1310,14112024,hyderabad,desktop,learn data analytics
A2931,data analytics course,160,3781,241.99,23,3,0.019,1772,20241105,hyderabad,tablet,data analytics online
A2932,data analytics course,106,3309,217.2,25,4,0.057,1507,20241103,hyderabad,tablet,data analytics course
A2933,data analytics course,148,4930,211.01,24,6,0.058,1378,20241119,hyderabad,mobile,data analytics training
A2934,data analytics course,83,4830,184.98,12,10,0.12,1041,20241101,hyderabad,desktop,learn data analytics
A2935,data analytics course,89,5422,199.91,12,6,0.067,1903,20241109,hyderabad,desktop,data analytics training
A2936,data analytics course,123,4658,211.76,30,3,0.024,1201,20241115,hyderabad,desktop,online data analytics
A2937,data analytics course,103,3249,232.85,13,4,0.039,1397,20241104,hyderabad,desktop,data analytics course
A2938,data analytics course,130,4393,198.66,19,7,0.054,1236,20241111,hyderbad,desktop,data analytics online
A2939,data analytics course,193,4953,243.75,14,3,0.016,1118,20241104,hyderbad,mobile,analytics for data
A2940,data analytics course,185,5208,227.26,16,4,0.022,1953,20241108,hyderbad,mobile,data analytics training
A2941,data analytics course,163,4114,224.8,18,8,0.046,1493,20241124,hyderabad,desktop,online data analytics
A2942,data analytics course,197,3508,181.04,20,4,0.02,1824,20241116,hyderabad,mobile,data analytics training
A2943,data analytics course,89,5733,215.33,22,9,0.101,1323,20241115,hyderabad,tablet,data analytics online
A2944,data analytics course,99,3948,198.65,22,4,0.04,1444,20241119,hyderbad,mobile,data analytics training
A2945,data analytics course,110,4488,210.69,27,10,0.046,1872,20241112,hyderbad,mobile,data analytics training
A2946,data analytics course,124,4747,234.97,24,10,0.081,1505,20241117,hyderabad,desktop,online data analytics
A2947,data analytics course,120,5363,221.17,17,4,0.033,1345,20241108,hyderbad,tablet,analytics for data
A2948,data analytics course,97,0,184.76,25,10,0.103,1505,14112024,hyderabad,tablet,data analytics online
A2949,data analytics course,108,5611,224.38,29,8,0.074,1886,11112024,hyderabad,mobile,analytics for data
A2950,data analytics course,143,4788,213.2,24,7,0.049,1359,1112024,hyderabad,desktop,analytics for data
A2951,data analytics course,129,5899,216.85,15,9,0.046,1574,20241130,hyderabad,desktop,data analytics course
A2952,data analytics course,165,4121,224.59,30,7,0.042,1569,20241103,hyderbad,mobile,data analytics course
A2953,data analytics course,155,5030,234.41,13,5,0.032,1113,8112024,hyderbad,mobile,online data analytics
A2954,data analytics course,156,3533,211.7,22,9,0.058,1399,20241110,hyderabad,mobile,data analytics course
A2955,data analytics course,94,5751,205.37,10,9,0.096,1155,20241119,hyderabad,tablet,data analytics course
A2956,data analytics course,170,5484,210.28,20,9,0.053,1319,23112024,hyderabad,tablet,data analytics training
A2957,data analytics course,90,5457,233.5,17,9,0.1,1159,19112024,hyderbad,desktop,data analytics course
A2958,data analytics course,0,3314,215.57,26,10,0.046,1731,27112024,hyderbad,desktop,analytics for data
A2959,data analytics course,80,5808,240.44,12,4,0.036,1542,20241116,hyderbad,desktop,data analytics online
A2960,data analytics course,166,5567,199.13,29,5,0.03,1474,20241108,hyderabad,mobile,learn data analytics
A2961,data analytics course,149,5936,246.58,14,6,0.046,1396,20241101,hyderabad,desktop,learn data analytics
A2962,data analytics course,151,4966,223.67,15,3,0.046,1411,20241109,hyderabad,tablet,analytics for data
A2963,data analytics course,186,4790,233.42,10,3,0.046,1201,20241125,hyderabad,desktop,data analytics training
A2964,data analytics course,143,4932,206.35,20,9,0.063,1132,22112024,hyderabad,desktop,data analytics course
A2965,data analytics course,180,3991,200.43,10,10,0.056,1427,21112024,hyderbad,tablet,online data analytics
A2966,data analytics course,141,3306,188.29,30,9,0.041,1561,20241118,hyderabad,tablet,analytics for data
A2967,data analytics course,80,3432,226.03,0,9,0.113,1254,20241107,hyderabad,desktop,learn data analytics
A2968,data analytics course,152,4683,223.33,12,7,0.046,1697,20241118,hyderabad,tablet,data analytics course
A2969,data analytics course,189,3635,229.08,17,9,0.048,1225,13112024,hyderabad,tablet,online data analytics
A2970,data analytics course,121,4638,198.88,14,6,0.046,1964,20241108,hyderabad,desktop,learn data analytics
A2971,data analytics course,140,5095,223.77,28,7,0.05,1233,14112024,hyderabad,tablet,learn data analytics
A2972,data analytics course,183,5749,213.66,23,7,0.046,1187,20241122,hyderbad,mobile,online data analytics
A2973,data analytics course,156,3964,184.42,22,6,0.038,1893,20241130,hyderabad,tablet,online data analytics
A2974,data analytics course,136,5645,195.55,26,4,0.029,1773,1112024,hyderabad,tablet,learn data analytics
A2975,data analytics course,107,5272,223.18,16,8,0.075,1110,28112024,hyderabad,desktop,learn data analytics
A2976,data analytics course,86,4824,231.61,20,7,0.046,1390,20241110,hyderabad,tablet,data analytics online
A2977,data analytics course,165,5455,191.75,30,5,0.03,1145,20241102,hyderabad,desktop,data analytics training
A2978,data analytics course,145,3779,182.65,27,4,0.046,1364,20241124,hyderabad,tablet,analytics for data
A2979,data analytics course,99,5981,243.89,16,9,0.091,1876,20241111,hyderabad,desktop,data analytics online
A2980,data analytics course,0,5954,216.02,27,10,0.046,1880,20241128,hyderbad,desktop,data analytics training
A2981,data analytics course,139,5055,215.57,19,8,0.058,1696,29112024,hyderabad,tablet,online data analytics
A2982,data analytics course,153,4524,224.15,20,4,0.026,1083,20241105,hyderabad,tablet,learn data analytics
A2983,data analytics course,184,5903,182.5,15,10,0.05,1230,20241125,hyderabad,mobile,learn data analytics
A2984,data analytics course,119,5050,180.57,12,8,0.067,1243,20241104,hyderabad,mobile,analytics for data
A2985,data analytics course,109,4816,182.9,27,8,0.046,1123,21112024,hyderabad,desktop,data analytics training
A2986,data analytics course,168,4070,222.99,29,7,0.046,1733,20241112,hyderbad,mobile,data analytics training
A2987,data analytics course,0,5827,190.93,14,3,0.046,1731,20241130,hyderabad,desktop,data analytics course
A2988,data analytics course,82,4922,234.82,27,10,0.033,1556,20241117,hyderabad,desktop,data analytics training
A2989,data analytics course,112,4277,249.65,27,3,0.046,1953,20241126,hyderabad,tablet,data analytics online
A2990,data analytics course,99,3418,195.91,19,10,0.101,1242,4112024,hyderbad,desktop,data analytics training
A2991,data analytics course,89,3363,220.07,26,0,0.046,1939,20241109,hyderbad,desktop,data analytics course
A2992,data analytics course,154,4828,233.39,24,6,0.046,1661,2112024,hyderabad,tablet,learn data analytics
A2993,data analytics course,155,4135,226.66,26,7,0.057,1442,20241122,hyderabad,tablet,analytics for data
A2994,data analytics course,188,5254,190.43,27,7,0.037,1821,16112024,hyderabad,desktop,online data analytics
A2995,data analytics course,83,4439,232.13,28,7,0.084,1570,19112024,hyderabad,mobile,data analytics training
A2996,data analytics course,127,3053,183.57,10,8,0.063,1669,20241113,hyderabad,tablet,data analytics course
A2997,data analytics course,141,5550,213.82,0,10,0.046,1545,20241115,hyderbad,tablet,data analytics online
A2998,data analytics course,149,4678,241.41,11,6,0.046,1106,4112024,hyderabad,desktop,analytics for data
A2999,data analytics course,152,3036,210.78,12,6,0.046,1074,20241110,hyderabad,tablet,data analytics online
A3000,data analytics course,123,5050,247.93,11,8,0.065,1755,29112024,hyderabad,tablet,analytics for data
A3001,data analytics course,137,5057,194.11,11,6,0.044,1206,20241109,hyderbad,desktop,data analytics course
A3002,data analytics course,93,5346,197.78,15,8,0.086,1036,20241115,hyderbad,tablet,data analytics online
A3003,data analytics course,150,5580,204.73,24,10,0.067,1505,17112024,hyderabad,tablet,data analytics course
A3004,data analytics course,122,3351,196.49,13,3,0.025,1362,30112024,hyderabad,desktop,data analytics course
A3005,data analytics course,168,3128,184.27,30,7,0.046,1957,1112024,hyderabad,tablet,data analytics course
A3006,data analytics course,113,0,215.57,26,8,0.071,1285,12112024,hyderabad,mobile,data analytics course
A3007,data analytics course,124,5402,222.16,21,7,0.059,1091,20241127,hyderabad,desktop,data analytics training
A3008,data analytics course,95,4653,193.63,17,4,0.042,1688,27112024,hyderbad,desktop,data analytics course
A3009,data analytics course,185,4599,248.28,15,5,0.027,1673,6112024,hyderabad,desktop,data analytics online
A3010,data analytics course,144,3120,221.66,24,0,0.046,1061,20241113,hyderabad,mobile,data analytics training
A3011,data analytics course,175,3521,210.11,14,9,0.051,1140,20241128,hyderabad,mobile,analytics for data
A3012,data analytics course,88,5823,246.67,12,9,0.102,1514,1112024,hyderabad,mobile,data analytics course
A3013,data analytics course,90,5569,196.6,27,4,0.053,1516,20112024,hyderbad,desktop,data analytics online
A3014,data analytics course,94,4255,221.06,13,5,0.053,1623,20241120,hyderabad,desktop,learn data analytics
A3015,data analytics course,191,4910,232.7,14,10,0.052,1080,20241103,hyderabad,tablet,analytics for data
A3016,data analytics course,167,5675,222.56,15,4,0.024,1862,20241117,hyderabad,tablet,analytics for data
A3017,data analytics course,136,3777,186.5,11,4,0.029,1027,20241105,hyderabad,mobile,learn data analytics
A3018,data analytics course,110,5790,215.57,23,9,0.046,1463,8112024,hyderabad,tablet,data analytics online
A3019,data analytics course,171,3055,215.57,26,5,0.029,1701,20241118,hyderabad,mobile,data analytics training
A3020,data analytics course,134,5620,231.4,28,7,0.052,1499,20241129,hyderabad,desktop,data analytics training
A3021,data analytics course,170,4594,193.2,27,9,0.053,1319,27112024,hyderabad,mobile,analytics for data
A3022,data analytics course,151,4907,248.32,10,4,0.026,1948,23112024,hyderabad,desktop,data analytics course
A3023,data analytics course,124,5437,180.54,29,7,0.046,1564,9112024,hyderbad,desktop,analytics for data
A3024,data analytics course,88,4794,242.28,11,3,0.034,1210,20241107,hyderabad,mobile,data analytics training
A3025,data analytics course,118,5326,199.76,19,8,0.068,1195,20241124,hyderabad,tablet,analytics for data
A3026,data analytics course,160,5642,200.82,25,0,0.046,1505,29112024,hyderabad,mobile,learn data analytics
A3027,data analytics course,112,4594,236.12,29,8,0.071,1569,23112024,hyderabad,mobile,data analytics training
A3028,data analytics course,186,4352,223.95,29,3,0.016,1290,6112024,hyderbad,mobile,data analytics training
A3029,data analytics course,139,4220,206.02,21,5,0.036,1671,20241121,hyderabad,desktop,learn data analytics
A3030,data analytics course,164,4909,245.06,13,3,0.045,1601,4112024,hyderabad,mobile,learn data analytics
A3031,data analytics course,89,3148,219.25,13,4,0.045,1533,20241106,hyderabad,desktop,data analytics online
A3032,data analytics course,107,3105,195.46,20,10,0.037,1455,20241119,hyderabad,mobile,data analytics online
A3033,data analytics course,179,5062,214.66,18,4,0.05,1815,24112024,hyderabad,mobile,data analytics course
A3034,data analytics course,136,4096,228.79,19,10,0.039,1054,20241126,hyderabad,desktop,data analytics training
A3035,data analytics course,140,4283,205.02,22,7,0.046,1674,20241111,hyderbad,mobile,data analytics course
A3036,data analytics course,137,4189,208.84,17,0,0.046,1211,20241109,hyderabad,mobile,online data analytics
A3037,data analytics course,199,4818,230.19,11,7,0.038,1714,20241108,hyderabad,desktop,online data analytics
A3038,data analytics course,95,5256,235.84,12,8,0.052,1324,20241124,hyderabad,mobile,data analytics training
A3039,data analytics course,182,3980,191.75,16,5,0.027,1050,20241108,hyderbad,tablet,online data analytics
A3040,data analytics course,132,4359,237.12,29,3,0.046,1872,1112024,hyderabad,mobile,online data analytics
A3041,data analytics course,139,5326,241.7,29,5,0.036,1423,8112024,hyderabad,mobile,analytics for data
A3042,data analytics course,134,5614,220.52,14,6,0.036,1505,15112024,hyderabad,desktop,data analytics online
A3043,data analytics course,166,3746,213.81,16,5,0.03,1750,20241108,hyderabad,mobile,data analytics online
A3044,data analytics course,121,5608,219.92,19,4,0.049,1209,20241114,hyderabad,tablet,data analytics training
A3045,data analytics course,173,4582,204.99,17,5,0.029,1703,20241121,hyderabad,desktop,data analytics training
A3046,data analytics course,132,4438,232.68,24,7,0.046,1959,20241109,hyderabad,desktop,analytics for data
A3047,data analytics course,136,5011,236.62,25,5,0.037,1582,20241103,hyderabad,mobile,data analytics course
A3048,data analytics course,174,5864,190.45,26,5,0.045,1508,20241127,hyderabad,mobile,data analytics training
A3049,data analytics course,168,5114,186.75,10,3,0.018,1530,20241118,hyderabad,desktop,online data analytics
A3050,data analytics course,117,5658,191.48,13,3,0.032,1779,20241125,hyderabad,mobile,learn data analytics
A3051,data analytics course,187,4876,192.2,16,5,0.027,1396,20241109,hyderabad,tablet,analytics for data
A3052,data analytics course,0,5139,212.2,20,10,0.046,1613,20241118,hyderabad,tablet,online data analytics
A3053,data analytics course,0,5470,210.97,0,7,0.046,1928,20241121,hyderabad,desktop,data analytics online
A3054,data analytics course,112,5143,242.96,18,3,0.027,1029,7112024,hyderabad,mobile,data analytics training
A3055,data analytics course,124,0,209.92,15,4,0.032,1505,20241125,hyderbad,desktop,data analytics online
A3056,data analytics course,132,4769,236.41,15,4,0.03,1505,26112024,hyderabad,tablet,analytics for data
A3057,data analytics course,167,3366,213.02,28,4,0.059,1159,20241114,hyderabad,mobile,data analytics course
A3058,data analytics course,165,5228,199.73,27,3,0.04,1829,5112024,hyderabad,mobile,analytics for data
A3059,data analytics course,108,4266,220.02,24,5,0.046,1282,23112024,hyderabad,mobile,data analytics training
A3060,data analytics course,182,5102,226.22,16,10,0.06,1600,20241107,hyderbad,mobile,data analytics course
A3061,data analytics course,91,3787,226.17,26,8,0.088,1493,10112024,hyderabad,tablet,data analytics course
A3062,data analytics course,194,4598,233.86,25,4,0.046,1565,5112024,hyderabad,tablet,data analytics online
A3063,data analytics course,189,5404,218.41,17,10,0.053,1418,20241124,hyderabad,mobile,learn data analytics
A3064,data analytics course,85,4432,214.79,22,7,0.082,1262,23112024,hyderbad,tablet,data analytics online
A3065,data analytics course,162,4016,224.48,28,10,0.041,1060,20241119,hyderabad,mobile,data analytics training
A3066,data analytics course,0,5379,248.46,28,5,0.046,1881,27112024,hyderabad,desktop,online data analytics
A3067,data analytics course,88,5093,222.28,13,9,0.05,1185,9112024,hyderabad,desktop,online data analytics
A3068,data analytics course,121,5092,219.15,21,6,0.05,1864,20241104,hyderabad,desktop,analytics for data
A3069,data analytics course,81,3015,218.69,10,7,0.086,1550,20241127,hyderabad,desktop,learn data analytics
A3070,data analytics course,125,3745,206.93,24,3,0.024,1619,20241108,hyderbad,tablet,data analytics course
A3071,data analytics course,188,5046,202.52,18,10,0.06,1625,20241105,hyderabad,tablet,online data analytics
A3072,data analytics course,99,4032,186.45,19,5,0.046,1074,20241103,hyderabad,desktop,data analytics course
A3073,data analytics course,170,3879,245.0,29,0,0.046,1202,20241126,hyderabad,tablet,data analytics course
A3074,data analytics course,105,4968,188.38,14,5,0.046,1135,20241121,hyderabad,tablet,learn data analytics
A3075,data analytics course,173,5872,190.3,24,5,0.029,1953,26112024,hyderabad,tablet,data analytics online
A3076,data analytics course,186,3058,230.71,27,7,0.038,1505,23112024,hyderabad,mobile,analytics for data
A3077,data analytics course,143,3109,246.92,22,5,0.035,1589,13112024,hyderabad,tablet,learn data analytics
A3078,data analytics course,124,5415,217.55,0,4,0.032,1258,27112024,hyderbad,desktop,data analytics online
A3079,data analytics course,154,5633,245.95,29,7,0.035,1604,20241103,hyderbad,tablet,learn data analytics
A3080,data analytics course,85,5402,191.95,18,7,0.082,1002,26112024,hyderabad,desktop,data analytics training
A3081,data analytics course,167,4059,209.18,17,4,0.024,1742,16112024,hyderabad,tablet,learn data analytics
A3082,data analytics course,139,3172,227.83,20,10,0.072,1130,28112024,hyderbad,tablet,analytics for data
A3083,data analytics course,193,5716,224.53,19,9,0.047,1167,20241113,hyderabad,desktop,online data analytics
A3084,data analytics course,127,4816,245.25,23,3,0.049,1985,7112024,hyderabad,tablet,learn data analytics
A3085,data analytics course,80,3742,247.16,0,10,0.055,1686,20241108,hyderabad,tablet,analytics for data
A3086,data analytics course,174,4469,215.98,14,8,0.046,1619,20241107,hyderabad,desktop,online data analytics
A3087,data analytics course,127,3454,209.19,19,10,0.058,1937,20241105,hyderabad,desktop,data analytics training
A3088,data analytics course,151,3702,245.02,22,9,0.06,1983,4112024,hyderbad,tablet,learn data analytics
A3089,data analytics course,113,4258,232.25,16,10,0.088,1374,20241124,hyderabad,mobile,online data analytics
A3090,data analytics course,159,4047,205.62,24,3,0.05,1177,9112024,hyderabad,tablet,analytics for data
A3091,data analytics course,197,3319,215.83,26,10,0.051,1342,18112024,hyderbad,desktop,analytics for data
A3092,data analytics course,106,5661,181.96,17,3,0.028,1250,20241111,hyderabad,desktop,data analytics online
A3093,data analytics course,143,4914,222.69,12,7,0.05,1280,12112024,hyderabad,desktop,analytics for data
A3094,data analytics course,111,5382,219.59,29,5,0.032,1464,20241125,hyderabad,desktop,analytics for data
A3095,data analytics course,98,5898,186.46,20,6,0.038,1505,20241109,hyderabad,mobile,data analytics online
A3096,data analytics course,98,3967,214.51,12,5,0.051,1180,20241108,hyderabad,desktop,analytics for data
A3097,data analytics course,109,3089,190.0,0,7,0.038,1779,20241101,hyderabad,tablet,data analytics online
A3098,data analytics course,168,3219,193.16,12,7,0.037,1395,20241123,hyderabad,mobile,online data analytics
A3099,data analytics course,127,4039,247.92,20,8,0.063,1505,20241127,hyderabad,mobile,learn data analytics
A3100,data analytics course,136,4051,194.29,25,5,0.046,1505,20241128,hyderabad,tablet,learn data analytics
A3101,data analytics course,173,5270,233.33,11,7,0.04,1783,16112024,hyderabad,desktop,analytics for data
A3102,data analytics course,184,3239,221.33,25,10,0.054,1557,20241104,hyderbad,desktop,online data analytics
A3103,data analytics course,174,4054,201.25,15,7,0.046,1514,23112024,hyderabad,mobile,learn data analytics
A3104,data analytics course,196,5448,232.55,30,8,0.041,1694,20241114,hyderabad,desktop,learn data analytics
A3105,data analytics course,193,0,238.8,20,5,0.04,1327,20241102,hyderabad,mobile,data analytics training
A3106,data analytics course,97,3937,197.37,14,10,0.103,1160,20241122,hyderabad,tablet,learn data analytics
A3107,data analytics course,128,4175,200.11,12,10,0.059,1599,20241120,hyderabad,desktop,data analytics online
A3108,data analytics course,143,5780,237.51,24,4,0.054,1440,15112024,hyderbad,mobile,data analytics online
A3109,data analytics course,0,3809,202.28,17,9,0.059,1031,20241117,hyderabad,desktop,data analytics course
A3110,data analytics course,83,3684,203.47,0,0,0.046,1805,17112024,hyderabad,tablet,data analytics course
A3111,data analytics course,189,3226,236.68,14,6,0.032,1364,20241106,hyderabad,tablet,analytics for data
A3112,data analytics course,165,4978,180.25,12,4,0.058,1123,14112024,hyderabad,tablet,online data analytics
A3113,data analytics course,172,5041,189.31,22,10,0.046,1645,20241107,hyderbad,mobile,data analytics training
A3114,data analytics course,183,4124,186.66,24,6,0.033,1183,20241128,hyderabad,tablet,data analytics course
A3115,data analytics course,196,3143,238.22,28,7,0.036,1234,20241108,hyderabad,mobile,data analytics online
A3116,data analytics course,98,4505,209.36,27,5,0.046,1186,29112024,hyderabad,tablet,learn data analytics
A3117,data analytics course,158,3736,226.99,11,8,0.046,1606,20241129,hyderabad,tablet,data analytics training
A3118,data analytics course,104,5949,216.6,28,4,0.038,1102,10112024,hyderabad,mobile,analytics for data
A3119,data analytics course,84,4625,226.02,13,5,0.046,1969,14112024,hyderabad,desktop,online data analytics
A3120,data analytics course,128,5022,188.96,26,6,0.047,1108,20241102,hyderabad,mobile,data analytics training
A3121,data analytics course,99,5483,180.04,0,5,0.05,1687,4112024,hyderabad,desktop,analytics for data
A3122,data analytics course,107,5491,217.98,17,10,0.093,1480,11112024,hyderabad,mobile,online data analytics
A3123,data analytics course,86,4078,208.92,26,3,0.035,1698,20241106,hyderbad,mobile,data analytics course
A3124,data analytics course,0,3052,245.45,24,6,0.046,1769,20241128,hyderabad,desktop,data analytics online
A3125,data analytics course,88,3708,225.76,10,5,0.036,1667,12112024,hyderabad,tablet,data analytics training
A3126,data analytics course,141,5314,184.34,29,10,0.071,1271,20241119,hyderabad,mobile,online data analytics
A3127,data analytics course,193,3566,212.73,19,7,0.036,1311,20241104,hyderabad,desktop,data analytics online
A3128,data analytics course,185,4839,193.99,26,6,0.032,1492,4112024,hyderabad,desktop,data analytics training
A3129,data analytics course,117,5145,244.44,12,8,0.068,1505,10112024,hyderabad,mobile,data analytics online
A3130,data analytics course,147,4371,243.04,26,9,0.061,1776,20241118,hyderabad,desktop,online data analytics
A3131,data analytics course,197,5697,243.72,13,3,0.046,1154,6112024,hyderabad,mobile,learn data analytics
A3132,data analytics course,81,3096,228.47,22,3,0.037,1386,20241122,hyderabad,tablet,analytics for data
A3133,data analytics course,198,4163,218.64,11,6,0.03,1904,30112024,hyderabad,tablet,learn data analytics
A3134,data analytics course,155,5150,224.6,24,7,0.039,1146,20241104,hyderabad,tablet,data analytics course
A3135,data analytics course,181,3948,223.51,17,4,0.057,1075,10112024,hyderabad,mobile,analytics for data
A3136,data analytics course,108,3126,248.94,12,3,0.028,1942,20241116,hyderabad,tablet,analytics for data
A3137,data analytics course,114,5551,195.44,30,5,0.044,1255,20241115,hyderbad,tablet,analytics for data
A3138,data analytics course,146,5712,221.73,26,5,0.046,1201,20241112,hyderbad,mobile,analytics for data
A3139,data analytics course,89,4175,194.22,11,3,0.055,1370,20241122,hyderbad,desktop,data analytics training
A3140,data analytics course,82,0,215.57,30,8,0.098,1511,17112024,hyderbad,desktop,learn data analytics
A3141,data analytics course,98,5728,230.52,14,10,0.046,1322,7112024,hyderabad,mobile,data analytics training
A3142,data analytics course,87,3161,244.49,24,8,0.092,1161,20241106,hyderabad,tablet,data analytics online
A3143,data analytics course,146,4773,248.27,30,6,0.041,1304,20241101,hyderabad,tablet,online data analytics
A3144,data analytics course,0,3385,208.31,25,10,0.046,1972,20241116,hyderabad,mobile,analytics for data
A3145,data analytics course,122,5600,223.06,12,3,0.025,1061,20241118,hyderabad,tablet,learn data analytics
A3146,data analytics course,153,4218,228.36,16,7,0.046,1178,3112024,hyderabad,mobile,data analytics online
A3147,data analytics course,108,3358,184.1,28,4,0.037,1888,20241116,hyderbad,desktop,analytics for data
A3148,data analytics course,147,3021,200.17,20,4,0.027,1718,18112024,hyderbad,mobile,analytics for data
A3149,data analytics course,121,4477,224.77,28,10,0.083,1604,17112024,hyderbad,tablet,data analytics online
A3150,data analytics course,112,4073,180.24,30,4,0.046,1628,20241112,hyderabad,tablet,data analytics training
A3151,data analytics course,127,5172,204.19,10,4,0.031,1183,20241120,hyderabad,mobile,data analytics online
A3152,data analytics course,192,5896,201.18,30,9,0.05,1589,30112024,hyderabad,desktop,data analytics course
A3153,data analytics course,174,3427,223.77,20,7,0.036,1293,15112024,hyderabad,desktop,analytics for data
A3154,data analytics course,166,4176,243.1,16,9,0.041,1147,20241124,hyderabad,desktop,learn data analytics
A3155,data analytics course,98,5835,232.82,19,6,0.046,1989,20241102,hyderabad,mobile,data analytics online
A3156,data analytics course,191,5438,244.1,19,5,0.046,1203,20241108,hyderbad,tablet,learn data analytics
A3157,data analytics course,89,4936,199.91,16,4,0.059,1543,20241114,hyderabad,desktop,data analytics course
A3158,data analytics course,180,3526,215.57,15,7,0.039,1336,20241116,hyderabad,mobile,online data analytics
A3159,data analytics course,91,5509,186.22,29,5,0.055,1928,20241102,hyderabad,mobile,learn data analytics
A3160,data analytics course,114,5748,184.76,16,8,0.07,1490,20241121,hyderabad,desktop,data analytics online
A3161,data analytics course,80,5155,217.3,28,5,0.046,1316,12112024,hyderabad,tablet,data analytics course
A3162,data analytics course,127,4537,247.11,17,7,0.043,1451,20241118,hyderabad,tablet,analytics for data
A3163,data analytics course,84,5468,227.36,13,4,0.048,1228,20241126,hyderabad,tablet,data analytics course
A3164,data analytics course,182,4390,239.33,11,7,0.052,1799,20241127,hyderbad,tablet,data analytics training
A3165,data analytics course,105,5883,180.07,20,4,0.038,1586,20241105,hyderabad,mobile,data analytics course
A3166,data analytics course,162,3120,245.58,30,6,0.037,1952,6112024,hyderbad,mobile,data analytics training
A3167,data analytics course,118,4377,219.81,21,4,0.034,1290,20241114,hyderabad,desktop,analytics for data
A3168,data analytics course,131,5719,183.69,12,7,0.053,1555,23112024,hyderabad,mobile,data analytics training
A3169,data analytics course,116,4250,186.34,12,3,0.026,1043,20241130,hyderabad,desktop,analytics for data
A3170,data analytics course,80,5648,239.26,10,6,0.075,1005,20241120,hyderabad,mobile,data analytics course
A3171,data analytics course,81,3394,187.24,12,6,0.074,1227,12112024,hyderabad,tablet,data analytics course
A3172,data analytics course,189,5117,197.9,20,8,0.042,1710,28112024,hyderabad,mobile,analytics for data
A3173,data analytics course,128,3861,232.11,30,10,0.046,1636,18112024,hyderabad,tablet,data analytics course
A3174,data analytics course,182,3303,238.4,17,4,0.022,1695,20241105,hyderabad,desktop,data analytics online
A3175,data analytics course,124,4192,184.42,12,6,0.048,1505,5112024,hyderabad,tablet,data analytics course
A3176,data analytics course,137,3720,237.22,24,5,0.036,1811,10112024,hyderabad,mobile,online data analytics
A3177,data analytics course,106,5789,183.62,19,3,0.028,1838,20241116,hyderabad,desktop,data analytics online
A3178,data analytics course,102,5113,206.65,27,6,0.059,1466,20241119,hyderabad,mobile,data analytics course
A3179,data analytics course,155,3234,204.47,12,4,0.026,1401,20241116,hyderabad,desktop,learn data analytics
A3180,data analytics course,85,3088,234.24,24,4,0.047,1210,20241107,hyderbad,tablet,analytics for data
A3181,data analytics course,126,5114,233.27,30,5,0.046,1197,15112024,hyderbad,tablet,data analytics online
A3182,data analytics course,96,5070,210.63,27,10,0.104,1653,20241118,hyderbad,tablet,online data analytics
A3183,data analytics course,128,4445,200.52,14,4,0.031,1861,20241105,hyderabad,tablet,learn data analytics
A3184,data analytics course,151,3656,199.96,26,7,0.051,1566,20241117,hyderabad,desktop,online data analytics
A3185,data analytics course,95,3583,223.37,22,9,0.033,1821,29112024,hyderbad,desktop,online data analytics
A3186,data analytics course,193,4790,247.69,23,5,0.026,1687,24112024,hyderabad,mobile,data analytics online
A3187,data analytics course,90,3235,211.4,29,10,0.111,1290,20241119,hyderabad,tablet,analytics for data
A3188,data analytics course,175,3832,245.61,27,5,0.029,1388,20241126,hyderbad,desktop,data analytics online
A3189,data analytics course,153,4261,230.25,27,7,0.046,1027,20241105,hyderabad,desktop,analytics for data
A3190,data analytics course,103,4796,180.64,26,7,0.046,1102,20241103,hyderbad,mobile,data analytics training
A3191,data analytics course,102,5229,208.55,30,5,0.049,1065,20241115,hyderbad,mobile,analytics for data
A3192,data analytics course,199,3754,220.16,26,0,0.045,1262,20241120,hyderabad,tablet,data analytics course
A3193,data analytics course,96,4851,229.12,27,6,0.046,1271,20241103,hyderabad,tablet,data analytics training
A3194,data analytics course,107,4816,243.41,20,5,0.046,1505,20241125,hyderabad,tablet,data analytics course
A3195,data analytics course,170,5404,218.24,24,5,0.046,1818,29112024,hyderabad,desktop,data analytics online
A3196,data analytics course,145,3068,237.7,24,7,0.046,1494,20241119,hyderbad,mobile,data analytics course
A3197,data analytics course,148,5877,213.84,25,8,0.046,1371,18112024,hyderabad,desktop,learn data analytics
A3198,data analytics course,141,4188,228.12,16,9,0.046,1204,30112024,hyderabad,desktop,data analytics online
A3199,data analytics course,89,5676,183.58,14,0,0.046,1254,20241116,hyderabad,mobile,data analytics online
A3200,data analytics course,140,4677,223.74,20,9,0.064,1610,20241104,hyderabad,mobile,learn data analytics
A3201,data analytics course,135,3793,190.88,24,9,0.053,1505,20241119,hyderbad,desktop,data analytics online
A3202,data analytics course,105,3548,216.8,30,7,0.054,1663,14112024,hyderbad,tablet,learn data analytics
A3203,data analytics course,119,5944,225.75,24,0,0.046,1516,13112024,hyderabad,tablet,analytics for data
A3204,data analytics course,128,4662,187.28,23,9,0.046,1710,20241113,hyderabad,desktop,data analytics training
A3205,data analytics course,120,4453,240.34,23,8,0.067,1452,20241126,hyderabad,tablet,online data analytics
A3206,data analytics course,163,5052,234.73,24,6,0.046,1848,17112024,hyderabad,mobile,online data analytics
A3207,data analytics course,94,4457,246.18,14,6,0.053,1492,20241115,hyderabad,tablet,data analytics online
A3208,data analytics course,0,5528,185.93,21,5,0.045,1719,15112024,hyderabad,mobile,data analytics training
A3209,data analytics course,146,4474,190.94,18,10,0.046,1872,20241107,hyderbad,tablet,data analytics online
A3210,data analytics course,193,5129,243.78,13,10,0.052,1583,20241106,hyderabad,tablet,data analytics course
A3211,data analytics course,96,5210,223.05,10,8,0.083,1483,20241129,hyderabad,tablet,online data analytics
A3212,data analytics course,150,3456,242.22,16,7,0.047,1215,20241102,hyderbad,desktop,data analytics training
A3213,data analytics course,130,4109,207.1,19,6,0.046,1521,20241116,hyderbad,mobile,learn data analytics
A3214,data analytics course,99,3522,210.01,28,9,0.034,1932,20241123,hyderbad,mobile,analytics for data
A3215,data analytics course,143,3600,238.14,26,7,0.049,1891,20241109,hyderabad,tablet,analytics for data
A3216,data analytics course,116,3026,209.03,24,9,0.046,1819,10112024,hyderabad,desktop,data analytics online
A3217,data analytics course,120,0,214.76,29,5,0.042,1926,20241130,hyderbad,mobile,data analytics training
A3218,data analytics course,115,4857,195.05,29,9,0.078,1644,20241117,hyderabad,desktop,data analytics training
A3219,data analytics course,175,5915,223.39,23,8,0.042,1595,20241108,hyderabad,tablet,learn data analytics
A3220,data analytics course,100,3948,230.56,30,6,0.046,1234,20241112,hyderabad,tablet,analytics for data
A3221,data analytics course,114,5446,207.62,11,8,0.046,1355,20241112,hyderabad,mobile,data analytics online
A3222,data analytics course,109,5388,205.68,22,6,0.055,1339,19112024,hyderabad,desktop,data analytics training
A3223,data analytics course,154,5138,194.15,17,7,0.045,1295,20241117,hyderabad,mobile,data analytics course
A3224,data analytics course,199,3534,238.67,24,5,0.025,1776,20241121,hyderabad,mobile,data analytics training
A3225,data analytics course,98,4302,183.4,16,9,0.092,1765,20241119,hyderabad,desktop,data analytics course
A3226,data analytics course,196,4367,238.44,20,7,0.046,1931,27112024,hyderbad,desktop,data analytics online
A3227,data analytics course,81,3721,222.89,17,4,0.046,1690,20241115,hyderabad,desktop,data analytics course
A3228,data analytics course,150,4351,203.7,26,8,0.046,1765,20241118,hyderbad,desktop,data analytics training
A3229,data analytics course,121,3122,237.57,29,6,0.05,1796,7112024,hyderabad,mobile,learn data analytics
A3230,data analytics course,124,3924,188.66,24,6,0.041,1472,20241104,hyderabad,tablet,data analytics training
A3231,data analytics course,108,4126,219.33,22,3,0.028,1275,20241129,hyderabad,mobile,data analytics course
A3232,data analytics course,192,3499,237.83,20,10,0.043,1505,20241112,hyderabad,tablet,analytics for data
A3233,data analytics course,178,3708,192.77,20,10,0.056,1292,16112024,hyderbad,tablet,data analytics online
A3234,data analytics course,191,3302,207.75,18,9,0.047,1505,26112024,hyderabad,mobile,learn data analytics
A3235,data analytics course,147,3131,242.53,10,4,0.046,1231,20241118,hyderbad,desktop,data analytics course
A3236,data analytics course,88,5145,242.9,16,10,0.043,1963,20241114,hyderbad,tablet,analytics for data
A3237,data analytics course,92,5241,223.48,23,9,0.046,1050,20241118,hyderabad,desktop,data analytics online
A3238,data analytics course,148,4149,223.33,30,6,0.041,1318,20241108,hyderbad,tablet,data analytics course
A3239,data analytics course,127,3791,231.06,11,6,0.046,1351,3112024,hyderabad,desktop,online data analytics
A3240,data analytics course,156,4375,249.33,26,6,0.038,1663,15112024,hyderabad,tablet,data analytics course
A3241,data analytics course,176,3753,201.76,11,4,0.023,1070,20241107,hyderabad,mobile,data analytics training
A3242,data analytics course,145,4275,185.05,25,7,0.036,1574,9112024,hyderabad,desktop,data analytics training
A3243,data analytics course,136,4332,234.52,19,6,0.043,1162,20241118,hyderabad,desktop,learn data analytics
A3244,data analytics course,150,4001,219.1,25,6,0.046,1365,20241109,hyderbad,tablet,online data analytics
A3245,data analytics course,145,4436,190.63,13,10,0.069,1502,20241121,hyderabad,tablet,data analytics course
A3246,data analytics course,165,5661,215.57,28,6,0.036,1848,20241102,hyderbad,desktop,data analytics online
A3247,data analytics course,183,5746,248.15,14,5,0.053,1012,25112024,hyderbad,tablet,data analytics course
A3248,data analytics course,176,3906,214.0,29,4,0.037,1382,25112024,hyderabad,tablet,online data analytics
A3249,data analytics course,164,5127,194.76,20,5,0.046,1505,20241112,hyderbad,tablet,analytics for data
A3250,data analytics course,0,4093,230.81,15,6,0.046,1713,2112024,hyderbad,desktop,data analytics course
A3251,data analytics course,95,4933,220.04,15,3,0.046,1366,20241104,hyderabad,mobile,data analytics training
A3252,data analytics course,83,5180,209.62,30,4,0.046,1972,20241113,hyderbad,desktop,analytics for data
A3253,data analytics course,91,4988,217.34,10,10,0.11,1508,29112024,hyderabad,mobile,learn data analytics
A3254,data analytics course,107,5510,216.1,14,8,0.075,1857,19112024,hyderabad,mobile,online data analytics
A3255,data analytics course,83,3187,215.57,25,10,0.034,1571,20241107,hyderbad,mobile,learn data analytics
A3256,data analytics course,166,3788,238.56,18,8,0.048,1657,6112024,hyderabad,mobile,learn data analytics
A3257,data analytics course,182,4575,233.74,24,10,0.046,1844,20241113,hyderbad,mobile,learn data analytics
A3258,data analytics course,188,4382,249.5,12,9,0.049,1746,13112024,hyderbad,desktop,analytics for data
A3259,data analytics course,107,4605,230.74,17,7,0.046,1590,20241118,hyderbad,tablet,online data analytics
A3260,data analytics course,169,4857,194.79,18,7,0.041,1391,20241122,hyderabad,mobile,data analytics online
A3261,data analytics course,165,3150,190.3,18,3,0.018,1129,20241118,hyderabad,desktop,data analytics training
A3262,data analytics course,137,4630,201.14,10,4,0.029,1680,27112024,hyderabad,tablet,learn data analytics
A3263,data analytics course,135,3712,207.14,14,3,0.048,1788,20241121,hyderabad,tablet,data analytics training
A3264,data analytics course,130,5739,215.57,23,8,0.062,1505,30112024,hyderbad,mobile,data analytics online
A3265,data analytics course,193,0,230.95,26,8,0.041,1055,11112024,hyderabad,desktop,data analytics online
A3266,data analytics course,122,4556,243.84,26,4,0.052,1164,20241124,hyderbad,mobile,online data analytics
A3267,data analytics course,167,5824,204.18,0,0,0.046,1452,20241109,hyderabad,mobile,data analytics course
A3268,data analytics course,145,5765,240.62,18,6,0.041,1056,19112024,hyderbad,desktop,data analytics training
A3269,data analytics course,80,5653,228.06,19,8,0.1,1795,20241113,hyderbad,tablet,analytics for data
A3270,data analytics course,0,4379,238.75,24,8,0.046,1505,20241110,hyderabad,mobile,data analytics training
A3271,data analytics course,141,5612,224.45,19,5,0.046,1150,16112024,hyderabad,mobile,online data analytics
A3272,data analytics course,180,3102,198.37,19,3,0.046,1505,20241129,hyderbad,mobile,online data analytics
A3273,data analytics course,196,5812,246.88,22,9,0.046,1715,20241114,hyderabad,mobile,online data analytics
A3274,data analytics course,168,4904,219.0,22,5,0.03,1541,15112024,hyderabad,tablet,online data analytics
A3275,data analytics course,0,4562,183.58,17,9,0.046,1668,30112024,hyderabad,desktop,data analytics course
A3276,data analytics course,178,4708,237.77,14,10,0.046,1449,21112024,hyderabad,mobile,learn data analytics
A3277,data analytics course,93,3945,189.53,27,3,0.032,1560,20241118,hyderabad,tablet,learn data analytics
A3278,data analytics course,138,5863,201.19,30,10,0.072,1898,20241118,hyderabad,desktop,analytics for data
A3279,data analytics course,143,4470,214.42,14,8,0.056,1353,20241122,hyderabad,mobile,data analytics course
A3280,data analytics course,0,5800,215.57,22,9,0.046,1369,20241114,hyderabad,tablet,data analytics course
A3281,data analytics course,147,4041,229.19,16,10,0.055,1558,27112024,hyderbad,desktop,analytics for data
A3282,data analytics course,101,3449,188.39,16,10,0.099,1318,20241108,hyderabad,desktop,online data analytics
A3283,data analytics course,195,4195,231.87,13,10,0.034,1834,20241125,hyderabad,desktop,learn data analytics
A3284,data analytics course,142,5365,237.95,17,10,0.07,1548,20241127,hyderabad,tablet,data analytics online
A3285,data analytics course,139,3854,234.73,10,3,0.022,1802,20241118,hyderabad,tablet,learn data analytics
A3286,data analytics course,84,5597,244.39,22,10,0.046,1685,20241103,hyderbad,tablet,data analytics training
A3287,data analytics course,103,5488,237.06,21,7,0.049,1874,20241122,hyderbad,tablet,analytics for data
A3288,data analytics course,108,3676,203.45,29,8,0.074,1369,1112024,hyderabad,mobile,data analytics online
A3289,data analytics course,171,4307,220.89,0,8,0.038,1187,20241101,hyderbad,tablet,data analytics online
A3290,data analytics course,80,4204,226.79,14,3,0.037,1434,21112024,hyderabad,tablet,data analytics course
A3291,data analytics course,169,3589,237.83,15,3,0.018,1754,20241121,hyderabad,mobile,analytics for data
A3292,data analytics course,0,3048,189.48,22,7,0.046,1740,20241118,hyderbad,mobile,analytics for data
A3293,data analytics course,92,4631,233.3,19,10,0.109,1521,27112024,hyderabad,mobile,learn data analytics
A3294,data analytics course,189,5624,248.03,23,7,0.037,1505,20241110,hyderabad,tablet,analytics for data
A3295,data analytics course,124,5931,214.41,21,3,0.046,1906,20241105,hyderabad,tablet,online data analytics
A3296,data analytics course,138,5891,247.47,14,7,0.051,1138,20241114,hyderabad,desktop,online data analytics
A3297,data analytics course,186,5774,236.22,15,6,0.032,1288,12112024,hyderbad,mobile,learn data analytics
A3298,data analytics course,100,4869,234.37,21,7,0.07,1890,1112024,hyderbad,tablet,data analytics online
A3299,data analytics course,151,5403,180.74,22,3,0.046,1610,20241129,hyderabad,tablet,data analytics online
A3300,data analytics course,176,4577,207.98,23,0,0.046,1396,20241129,hyderbad,tablet,data analytics training
A3301,data analytics course,0,3978,230.19,23,9,0.046,1792,19112024,hyderabad,desktop,analytics for data
A3302,data analytics course,141,4483,240.23,25,4,0.028,1516,14112024,hyderbad,tablet,analytics for data
A3303,data analytics course,117,5754,228.8,0,3,0.026,1505,14112024,hyderbad,mobile,data analytics online
A3304,data analytics course,131,5528,182.38,27,6,0.046,1168,20241103,hyderabad,desktop,analytics for data
A3305,data analytics course,173,3639,225.73,10,4,0.023,1804,27112024,hyderbad,tablet,data analytics online
A3306,data analytics course,195,4067,220.61,20,8,0.041,1767,8112024,hyderabad,desktop,data analytics course
A3307,data analytics course,126,3931,212.16,20,9,0.058,1537,9112024,hyderbad,desktop,learn data analytics
A3308,data analytics course,119,3602,191.83,26,3,0.046,1052,20241110,hyderabad,tablet,analytics for data
A3309,data analytics course,141,5663,237.57,16,3,0.045,1269,20241118,hyderabad,tablet,data analytics course
A3310,data analytics course,182,4021,215.57,24,7,0.038,1444,30112024,hyderabad,tablet,online data analytics
A3311,data analytics course,192,4551,223.93,22,10,0.052,1231,19112024,hyderbad,desktop,data analytics training
A3312,data analytics course,0,5123,231.93,18,9,0.046,1031,20241118,hyderabad,desktop,analytics for data
A3313,data analytics course,160,3816,207.93,27,9,0.056,1884,20241103,hyderabad,mobile,analytics for data
A3314,data analytics course,140,3154,212.73,21,4,0.029,1024,20241114,hyderabad,tablet,learn data analytics
A3315,data analytics course,134,3700,226.57,28,7,0.056,1836,20241104,hyderabad,tablet,data analytics online
A3316,data analytics course,92,3963,219.39,22,10,0.046,1834,26112024,hyderbad,mobile,online data analytics
A3317,data analytics course,163,3978,232.7,25,9,0.046,1380,20241108,hyderabad,desktop,data analytics online
A3318,data analytics course,155,5105,239.11,20,5,0.032,1009,20241105,hyderabad,mobile,analytics for data
A3319,data analytics course,194,3559,205.78,15,9,0.046,1765,3112024,hyderbad,desktop,online data analytics
A3320,data analytics course,165,3005,239.14,23,6,0.036,1989,20241127,hyderbad,tablet,learn data analytics
A3321,data analytics course,135,4740,235.55,24,4,0.03,1715,20241107,hyderbad,desktop,analytics for data
A3322,data analytics course,87,4379,209.25,29,10,0.046,1348,20241105,hyderabad,desktop,learn data analytics
A3323,data analytics course,164,4151,219.97,30,9,0.055,1505,25112024,hyderabad,desktop,online data analytics
A3324,data analytics course,0,3185,217.33,21,3,0.046,1505,15112024,hyderabad,mobile,data analytics training
A3325,data analytics course,84,5652,191.93,30,8,0.095,1729,20241113,hyderabad,mobile,data analytics online
A3326,data analytics course,158,4819,185.34,17,9,0.046,1066,24112024,hyderabad,mobile,data analytics training
A3327,data analytics course,90,4472,237.16,28,10,0.059,1629,13112024,hyderbad,mobile,learn data analytics
A3328,data analytics course,197,3186,194.44,19,6,0.03,1857,20241114,hyderabad,tablet,data analytics course
A3329,data analytics course,133,4241,197.26,25,9,0.068,1325,20241126,hyderabad,tablet,data analytics training
A3330,data analytics course,149,5035,234.52,28,5,0.034,1304,20241104,hyderabad,desktop,online data analytics
A3331,data analytics course,197,5686,239.76,27,9,0.056,1462,20241117,hyderabad,desktop,data analytics online
A3332,data analytics course,157,4062,223.72,24,8,0.051,1505,20241125,hyderabad,tablet,data analytics online
A3333,data analytics course,102,3113,202.77,22,7,0.069,1997,20241106,hyderabad,desktop,online data analytics
A3334,data analytics course,175,3958,193.52,23,8,0.046,1064,20241104,hyderabad,mobile,data analytics course
A3335,data analytics course,101,3317,215.57,23,4,0.04,1716,20241110,hyderbad,desktop,data analytics course
A3336,data analytics course,127,4226,184.46,10,9,0.071,1427,20241108,hyderabad,desktop,data analytics course
A3337,data analytics course,148,3469,212.07,14,9,0.046,1898,30112024,hyderabad,tablet,data analytics online
A3338,data analytics course,181,3859,246.36,22,9,0.056,1769,1112024,hyderbad,mobile,online data analytics
A3339,data analytics course,140,3389,183.33,28,6,0.043,1385,20241108,hyderabad,mobile,online data analytics
A3340,data analytics course,146,5075,215.57,13,9,0.056,1353,20241126,hyderabad,tablet,analytics for data
A3341,data analytics course,148,3269,191.73,18,9,0.061,1396,10112024,hyderbad,mobile,learn data analytics
A3342,data analytics course,101,4814,191.43,17,7,0.069,1112,20112024,hyderabad,desktop,learn data analytics
A3343,data analytics course,179,5145,223.04,29,9,0.05,1002,20241108,hyderabad,mobile,data analytics training
A3344,data analytics course,151,4107,183.81,21,10,0.066,1872,20241111,hyderabad,desktop,data analytics course
A3345,data analytics course,195,3221,185.08,19,10,0.042,1905,20241126,hyderabad,tablet,data analytics course
A3346,data analytics course,169,4846,230.53,15,8,0.046,1103,4112024,hyderbad,mobile,data analytics training
A3347,data analytics course,161,3160,229.71,17,3,0.019,1817,20241101,hyderabad,mobile,data analytics training
A3348,data analytics course,156,5095,214.32,30,9,0.046,1444,27112024,hyderabad,mobile,data analytics online
A3349,data analytics course,148,3957,215.57,20,10,0.068,1288,10112024,hyderbad,tablet,data analytics online
A3350,data analytics course,126,4920,182.36,27,5,0.04,1933,4112024,hyderbad,tablet,data analytics online
A3351,data analytics course,189,3588,191.74,22,9,0.046,1893,25112024,hyderabad,desktop,data analytics course
A3352,data analytics course,119,4927,223.35,16,3,0.046,1377,14112024,hyderabad,mobile,data analytics training
A3353,data analytics course,0,0,200.54,30,5,0.032,1505,20241101,hyderbad,desktop,analytics for data
A3354,data analytics course,127,5742,233.98,13,4,0.031,1743,20241112,hyderbad,tablet,data analytics course
A3355,data analytics course,106,4474,181.48,17,10,0.094,1189,20241120,hyderabad,tablet,analytics for data
A3356,data analytics course,119,4322,183.0,24,5,0.046,1108,20241106,hyderabad,mobile,data analytics online
A3357,data analytics course,81,4144,180.01,18,3,0.037,1648,20241120,hyderbad,mobile,data analytics online
A3358,data analytics course,152,5007,208.84,19,10,0.066,1628,20241124,hyderabad,mobile,online data analytics
A3359,data analytics course,153,5388,219.93,16,4,0.026,1602,20241111,hyderabad,tablet,data analytics course
A3360,data analytics course,120,4229,244.13,20,9,0.075,1380,20241112,hyderabad,desktop,data analytics course
A3361,data analytics course,167,5140,228.32,28,9,0.051,1056,8112024,hyderabad,mobile,data analytics online
A3362,data analytics course,116,5001,186.67,17,5,0.043,1340,20241107,hyderabad,desktop,analytics for data
A3363,data analytics course,93,3802,215.52,22,7,0.034,1513,20241123,hyderabad,mobile,online data analytics
A3364,data analytics course,159,5584,249.46,18,8,0.05,1176,20241109,hyderabad,desktop,analytics for data
A3365,data analytics course,146,5105,224.77,12,7,0.038,1440,20241105,hyderabad,mobile,analytics for data
A3366,data analytics course,136,5714,190.3,19,8,0.059,1694,20241130,hyderabad,desktop,data analytics training
A3367,data analytics course,159,5025,208.68,16,4,0.051,1779,20241121,hyderabad,mobile,online data analytics
A3368,data analytics course,83,3781,220.82,11,4,0.048,1866,15112024,hyderbad,mobile,data analytics training
A3369,data analytics course,136,3318,215.86,20,8,0.032,1712,20241121,hyderabad,tablet,data analytics online
A3370,data analytics course,136,3939,213.66,16,6,0.044,1708,21112024,hyderabad,tablet,online data analytics
A3371,data analytics course,166,3546,221.99,10,3,0.018,1796,20241112,hyderabad,desktop,learn data analytics
A3372,data analytics course,192,5845,247.56,28,3,0.046,1542,19112024,hyderbad,desktop,analytics for data
A3373,data analytics course,0,3580,223.48,21,6,0.046,1555,20241127,hyderabad,tablet,data analytics course
A3374,data analytics course,108,4019,199.85,25,8,0.059,1657,2112024,hyderabad,tablet,learn data analytics
A3375,data analytics course,175,3345,185.48,23,9,0.051,1193,20112024,hyderabad,desktop,data analytics online
A3376,data analytics course,80,4413,245.4,10,5,0.062,1650,20241103,hyderabad,mobile,data analytics course
A3377,data analytics course,192,4969,234.27,30,5,0.026,1627,17112024,hyderabad,tablet,data analytics course
A3378,data analytics course,85,5083,181.19,13,3,0.05,1048,20241111,hyderabad,mobile,data analytics course
A3379,data analytics course,91,4176,216.63,20,8,0.088,1502,9112024,hyderabad,mobile,data analytics course
A3380,data analytics course,94,5389,220.53,11,10,0.106,1670,27112024,hyderabad,mobile,data analytics training
A3381,data analytics course,119,4653,224.68,0,4,0.046,1773,14112024,hyderbad,tablet,learn data analytics
A3382,data analytics course,198,3926,195.25,25,7,0.035,1060,20241112,hyderbad,desktop,data analytics online
A3383,data analytics course,87,4154,232.88,13,3,0.034,1099,20241110,hyderabad,desktop,online data analytics
A3384,data analytics course,101,3286,196.59,12,9,0.089,1034,20241102,hyderabad,tablet,analytics for data
A3385,data analytics course,142,4593,230.69,20,5,0.035,1537,20241122,hyderbad,mobile,data analytics course
A3386,data analytics course,111,5689,195.94,12,4,0.046,1377,20241114,hyderbad,desktop,analytics for data
A3387,data analytics course,152,5040,238.61,30,9,0.04,1795,15112024,hyderbad,desktop,data analytics course
A3388,data analytics course,89,3623,218.35,22,6,0.067,1311,20241101,hyderabad,mobile,learn data analytics
A3389,data analytics course,115,3999,216.67,16,6,0.031,1777,20241105,hyderabad,mobile,data analytics course
A3390,data analytics course,131,4320,223.08,30,7,0.058,1505,20241104,hyderbad,mobile,analytics for data
A3391,data analytics course,153,4027,182.11,10,5,0.033,1332,20241128,hyderabad,tablet,learn data analytics
A3392,data analytics course,108,0,208.9,10,0,0.046,1313,20241129,hyderabad,desktop,learn data analytics
A3393,data analytics course,172,5712,204.06,28,7,0.034,1407,21112024,hyderabad,tablet,analytics for data
A3394,data analytics course,118,5514,237.88,27,9,0.076,1401,27112024,hyderabad,mobile,analytics for data
A3395,data analytics course,90,3776,186.92,19,4,0.04,1053,15112024,hyderabad,tablet,learn data analytics
A3396,data analytics course,97,3370,236.35,20,7,0.072,1505,20241104,hyderabad,mobile,data analytics course
A3397,data analytics course,149,3814,213.11,13,7,0.047,1057,20241106,hyderabad,mobile,analytics for data
A3398,data analytics course,137,5434,182.57,10,7,0.051,1852,20241129,hyderbad,desktop,online data analytics
A3399,data analytics course,172,4079,183.05,20,8,0.047,1988,20241128,hyderabad,desktop,data analytics course
A3400,data analytics course,116,4252,180.05,18,8,0.069,1568,17112024,hyderbad,desktop,online data analytics
A3401,data analytics course,187,4793,186.41,30,9,0.046,1120,20241103,hyderabad,desktop,data analytics course
A3402,data analytics course,126,4140,193.49,19,0,0.046,1340,19112024,hyderabad,tablet,data analytics course
A3403,data analytics course,123,5844,201.7,12,6,0.046,1636,10112024,hyderabad,desktop,data analytics online
A3404,data analytics course,132,5845,249.74,19,0,0.05,1067,3112024,hyderabad,mobile,analytics for data
A3405,data analytics course,118,3371,191.98,10,6,0.046,1458,13112024,hyderabad,mobile,learn data analytics
A3406,data analytics course,92,4853,189.19,23,9,0.046,1189,18112024,hyderbad,desktop,online data analytics
A3407,data analytics course,100,5781,202.96,30,7,0.07,1132,20241118,hyderabad,desktop,data analytics training
A3408,data analytics course,100,5435,205.99,13,6,0.031,1607,20241127,hyderabad,tablet,analytics for data
A3409,data analytics course,89,3915,207.63,10,7,0.046,1454,20241102,hyderbad,desktop,data analytics course
A3410,data analytics course,147,4231,186.73,20,5,0.046,1271,20241115,hyderabad,desktop,learn data analytics
A3411,data analytics course,153,3225,240.34,20,8,0.052,1313,20241128,hyderabad,tablet,data analytics online
A3412,data analytics course,164,3996,202.56,19,10,0.061,1880,29112024,hyderabad,desktop,data analytics online
A3413,data analytics course,124,5949,218.12,11,10,0.046,1019,6112024,hyderabad,mobile,online data analytics
A3414,data analytics course,189,5740,231.73,28,5,0.046,1306,20241103,hyderabad,tablet,online data analytics
A3415,data analytics course,142,5354,247.32,17,4,0.048,1828,20241101,hyderbad,desktop,online data analytics
A3416,data analytics course,127,4587,199.63,17,5,0.043,1319,27112024,hyderabad,tablet,data analytics course
A3417,data analytics course,174,3957,181.56,12,3,0.046,1385,20241102,hyderabad,desktop,data analytics training
A3418,data analytics course,183,5971,207.43,10,7,0.038,1325,20241125,hyderabad,tablet,online data analytics
A3419,data analytics course,190,3455,213.11,18,7,0.037,1730,20241113,hyderabad,desktop,data analytics training
A3420,data analytics course,116,5748,188.91,11,7,0.046,1368,20241114,hyderabad,desktop,data analytics online
A3421,data analytics course,199,4387,206.92,20,9,0.038,1054,24112024,hyderbad,mobile,data analytics training
A3422,data analytics course,181,4103,215.57,24,8,0.044,1103,20241125,hyderbad,mobile,data analytics online
A3423,data analytics course,197,3253,243.38,17,3,0.034,1606,20241122,hyderbad,tablet,data analytics course
A3424,data analytics course,136,4492,205.0,10,4,0.046,1319,22112024,hyderabad,tablet,online data analytics
A3425,data analytics course,128,3153,236.34,16,6,0.046,1050,20241109,hyderabad,desktop,online data analytics
A3426,data analytics course,163,4794,204.35,26,3,0.052,1978,16112024,hyderabad,tablet,data analytics online
A3427,data analytics course,199,5210,212.53,30,10,0.05,1749,20241126,hyderbad,mobile,analytics for data
A3428,data analytics course,169,5326,215.57,30,5,0.03,1030,25112024,hyderbad,desktop,data analytics online
A3429,data analytics course,138,3961,247.45,13,3,0.022,1601,20241118,hyderabad,mobile,data analytics course
A3430,data analytics course,0,5937,231.01,25,4,0.057,1448,20112024,hyderabad,tablet,online data analytics
A3431,data analytics course,154,4904,247.11,11,8,0.052,1505,22112024,hyderabad,tablet,learn data analytics
A3432,data analytics course,105,3149,233.19,13,10,0.095,1135,20241109,hyderabad,tablet,learn data analytics
A3433,data analytics course,89,5963,209.41,29,9,0.101,1066,20241118,hyderbad,desktop,online data analytics
A3434,data analytics course,125,3808,191.42,29,7,0.056,1783,20241110,hyderabad,tablet,data analytics course
A3435,data analytics course,175,3938,186.09,22,9,0.046,1218,20241105,hyderabad,mobile,analytics for data
A3436,data analytics course,175,5521,207.4,25,3,0.017,1616,4112024,hyderbad,mobile,online data analytics
A3437,data analytics course,183,0,198.12,27,10,0.055,1505,20241122,hyderbad,mobile,data analytics course
A3438,data analytics course,182,5466,206.3,26,4,0.037,1816,20241118,hyderabad,tablet,data analytics course
A3439,data analytics course,0,4528,235.96,30,4,0.046,1926,28112024,hyderabad,mobile,data analytics training
A3440,data analytics course,168,4904,220.19,23,6,0.036,1870,20241111,hyderbad,desktop,learn data analytics
A3441,data analytics course,150,5057,220.26,24,5,0.033,1505,1112024,hyderabad,desktop,data analytics training
A3442,data analytics course,152,3390,209.39,18,6,0.039,1620,20241104,hyderabad,desktop,online data analytics
A3443,data analytics course,113,3532,247.57,29,6,0.055,1273,20241120,hyderabad,mobile,learn data analytics
A3444,data analytics course,93,3683,201.45,11,10,0.108,1331,20241114,hyderabad,mobile,learn data analytics
A3445,data analytics course,141,5031,189.92,23,5,0.035,1093,20241101,hyderbad,desktop,data analytics online
A3446,data analytics course,191,5660,192.49,21,5,0.056,1023,3112024,hyderabad,mobile,data analytics course
A3447,data analytics course,187,3450,234.31,18,9,0.046,1609,20241118,hyderbad,tablet,online data analytics
A3448,data analytics course,118,4804,227.98,28,9,0.039,1064,28112024,hyderabad,mobile,learn data analytics
A3449,data analytics course,184,5983,242.62,25,6,0.046,1538,20241103,hyderabad,desktop,data analytics course
A3450,data analytics course,167,5051,202.95,21,10,0.06,1812,20241110,hyderabad,mobile,learn data analytics
A3451,data analytics course,162,3815,221.44,13,7,0.04,1728,20241121,hyderabad,desktop,data analytics course
A3452,data analytics course,125,5370,183.67,18,10,0.042,1815,14112024,hyderabad,tablet,data analytics course
A3453,data analytics course,102,4451,219.15,29,7,0.046,1491,29112024,hyderbad,mobile,data analytics online
A3454,data analytics course,141,4243,190.94,24,6,0.046,1505,20241122,hyderbad,desktop,data analytics training
A3455,data analytics course,121,3844,242.19,29,3,0.046,1897,20241110,hyderabad,mobile,learn data analytics
A3456,data analytics course,142,4023,186.79,17,3,0.021,1172,20241123,hyderabad,tablet,data analytics training
A3457,data analytics course,150,4409,223.45,23,7,0.047,1578,20241113,hyderabad,desktop,learn data analytics
A3458,data analytics course,117,3109,239.1,21,3,0.026,1505,20241127,hyderabad,tablet,data analytics course
A3459,data analytics course,142,5613,180.45,11,9,0.063,1978,20241128,hyderbad,mobile,data analytics training
A3460,data analytics course,103,4821,214.54,30,6,0.058,1408,13112024,hyderabad,tablet,data analytics online
A3461,data analytics course,187,3289,186.04,23,5,0.027,1645,20241106,hyderabad,desktop,data analytics course
A3462,data analytics course,172,4441,209.18,17,10,0.043,1505,20241129,hyderabad,desktop,data analytics online
A3463,data analytics course,105,3000,185.97,17,6,0.057,1993,20241129,hyderabad,mobile,data analytics online
A3464,data analytics course,181,4156,245.68,22,10,0.031,1336,20241114,hyderabad,mobile,learn data analytics
A3465,data analytics course,172,5314,240.69,14,9,0.046,1998,20241123,hyderabad,tablet,learn data analytics
A3466,data analytics course,98,4655,182.99,21,10,0.102,1918,25112024,hyderabad,desktop,data analytics course
A3467,data analytics course,92,3226,236.27,17,6,0.046,1473,10112024,hyderabad,tablet,data analytics training
A3468,data analytics course,102,5246,234.71,20,4,0.039,1903,25112024,hyderabad,tablet,data analytics training
A3469,data analytics course,143,5545,246.64,26,9,0.063,1105,20241108,hyderabad,mobile,learn data analytics
A3470,data analytics course,111,4069,203.57,25,4,0.033,1724,20241107,hyderabad,mobile,data analytics training
A3471,data analytics course,116,4689,198.9,27,3,0.026,1553,20241124,hyderabad,mobile,data analytics training
A3472,data analytics course,148,3907,199.43,11,7,0.047,1253,20241120,hyderbad,desktop,data analytics online
A3473,data analytics course,90,5137,219.64,21,7,0.078,1958,20241130,hyderabad,mobile,online data analytics
A3474,data analytics course,80,3836,209.37,20,7,0.046,1937,28112024,hyderabad,tablet,online data analytics
A3475,data analytics course,188,4727,245.59,12,6,0.032,1321,24112024,hyderbad,mobile,learn data analytics
A3476,data analytics course,114,3880,215.57,18,3,0.026,1217,20241118,hyderbad,mobile,data analytics online
A3477,data analytics course,112,3639,185.6,27,7,0.062,1517,20241117,hyderbad,tablet,analytics for data
A3478,data analytics course,96,3858,199.81,15,7,0.046,1672,15112024,hyderbad,mobile,data analytics online
A3479,data analytics course,0,3699,186.22,23,0,0.046,1218,20241123,hyderabad,tablet,analytics for data
A3480,data analytics course,172,5955,216.07,15,7,0.038,1323,20241102,hyderabad,mobile,learn data analytics
A3481,data analytics course,134,5520,189.43,22,10,0.046,1319,30112024,hyderbad,desktop,data analytics online
A3482,data analytics course,148,3884,233.46,14,5,0.034,1138,20241111,hyderabad,mobile,data analytics online
A3483,data analytics course,191,5361,220.04,17,10,0.052,1034,20241109,hyderbad,mobile,analytics for data
A3484,data analytics course,168,5384,235.64,28,3,0.018,1505,20241116,hyderabad,mobile,data analytics course
A3485,data analytics course,84,4388,238.98,29,4,0.048,1271,14112024,hyderabad,mobile,analytics for data
A3486,data analytics course,80,5699,213.94,17,6,0.075,1511,25112024,hyderabad,mobile,learn data analytics
A3487,data analytics course,136,3705,212.05,16,9,0.046,1471,20241114,hyderabad,desktop,analytics for data
A3488,data analytics course,0,3256,233.35,15,7,0.046,1106,10112024,hyderbad,tablet,analytics for data
A3489,data analytics course,157,4026,192.69,19,3,0.019,1028,20241109,hyderbad,tablet,analytics for data
A3490,data analytics course,0,3148,182.49,21,3,0.032,1493,20241122,hyderbad,tablet,data analytics course
A3491,data analytics course,137,5244,187.79,20,0,0.046,1915,20241111,hyderbad,tablet,online data analytics
A3492,data analytics course,121,5220,200.98,21,5,0.041,1773,20241113,hyderbad,desktop,data analytics online
A3493,data analytics course,169,5430,233.01,27,0,0.053,2000,20241110,hyderabad,mobile,learn data analytics
A3494,data analytics course,83,4693,188.45,24,6,0.072,1539,20241116,hyderabad,mobile,analytics for data
A3495,data analytics course,175,4723,237.92,19,0,0.046,1906,20241112,hyderabad,mobile,online data analytics
A3496,data analytics course,123,5812,180.11,25,4,0.033,1293,20241121,hyderabad,tablet,data analytics online
A3497,data analytics course,135,4611,215.57,17,7,0.046,1697,14112024,hyderabad,desktop,online data analytics
A3498,data analytics course,126,4960,228.68,30,3,0.058,1114,26112024,hyderabad,mobile,online data analytics
A3499,data analytics course,171,4549,181.87,18,3,0.046,1965,9112024,hyderabad,mobile,analytics for data
A3500,data analytics course,185,4803,248.77,30,5,0.027,1806,20241105,hyderabad,mobile,learn data analytics
A3501,data analytics course,157,3164,227.73,20,3,0.034,1505,20112024,hyderabad,mobile,data analytics training
A3502,data analytics course,123,3343,190.66,14,5,0.041,1562,17112024,hyderbad,mobile,data analytics course
A3503,data analytics course,122,5718,211.65,14,4,0.033,1857,19112024,hyderabad,tablet,data analytics online
A3504,data analytics course,97,3754,180.42,24,10,0.103,1011,20241116,hyderabad,tablet,analytics for data
A3505,data analytics course,88,3684,198.73,30,4,0.045,1195,2112024,hyderabad,mobile,online data analytics
A3506,data analytics course,81,5068,204.53,0,9,0.044,1773,20241103,hyderabad,tablet,data analytics online
A3507,data analytics course,96,5538,188.79,28,6,0.062,1181,20241118,hyderabad,mobile,online data analytics
A3508,data analytics course,163,4813,190.77,22,8,0.049,1505,20241125,hyderabad,desktop,online data analytics
A3509,data analytics course,0,3003,210.63,16,10,0.046,1756,20241116,hyderbad,tablet,data analytics training
A3510,data analytics course,142,3348,242.31,12,8,0.046,1220,20241121,hyderabad,tablet,online data analytics
A3511,data analytics course,83,3926,186.63,21,5,0.06,1407,20241106,hyderabad,tablet,data analytics online
A3512,data analytics course,188,3069,214.16,26,4,0.021,1563,20241114,hyderabad,desktop,learn data analytics
A3513,data analytics course,193,3978,231.8,20,3,0.046,1126,20241116,hyderabad,mobile,online data analytics
A3514,data analytics course,181,3652,206.2,27,7,0.039,1690,20241103,hyderabad,tablet,analytics for data
A3515,data analytics course,199,4400,228.05,26,8,0.04,1025,20241109,hyderbad,tablet,learn data analytics
A3516,data analytics course,167,5503,232.28,19,9,0.054,1644,20241105,hyderabad,mobile,data analytics training
A3517,data analytics course,189,4955,215.87,21,3,0.033,1238,20241117,hyderabad,mobile,data analytics online
A3518,data analytics course,125,3469,192.84,16,8,0.036,1259,20241117,hyderabad,desktop,data analytics course
A3519,data analytics course,166,4096,204.43,28,5,0.03,1579,6112024,hyderabad,desktop,learn data analytics
A3520,data analytics course,181,5171,208.69,14,4,0.022,1628,20241123,hyderabad,mobile,data analytics course
A3521,data analytics course,0,4878,183.26,25,3,0.046,1986,20241123,hyderabad,desktop,learn data analytics
A3522,data analytics course,127,3682,215.57,21,9,0.071,1384,20241122,hyderabad,tablet,data analytics training
A3523,data analytics course,83,3933,214.61,29,6,0.048,1427,20112024,hyderabad,tablet,data analytics training
A3524,data analytics course,80,3240,221.11,29,0,0.046,1263,14112024,hyderabad,desktop,learn data analytics
A3525,data analytics course,105,3030,185.91,24,5,0.048,1263,20241102,hyderabad,desktop,data analytics course
A3526,data analytics course,155,4676,219.3,26,0,0.046,1787,20241102,hyderabad,tablet,learn data analytics
A3527,data analytics course,185,0,208.41,25,3,0.047,1006,20241113,hyderabad,mobile,data analytics training
A3528,data analytics course,132,5616,215.57,28,7,0.053,1491,26112024,hyderabad,desktop,data analytics online
A3529,data analytics course,198,5736,227.53,14,9,0.045,1607,20241118,hyderbad,mobile,learn data analytics
A3530,data analytics course,184,3641,189.0,22,7,0.038,1905,20241115,hyderabad,tablet,data analytics training
A3531,data analytics course,190,5429,243.6,23,8,0.037,1505,20241123,hyderabad,tablet,data analytics course
A3532,data analytics course,127,4327,220.57,24,5,0.046,1017,21112024,hyderbad,mobile,data analytics course
A3533,data analytics course,130,5340,221.95,27,0,0.046,1488,20241102,hyderbad,tablet,data analytics online
A3534,data analytics course,172,3612,191.27,25,10,0.046,1243,20241118,hyderabad,mobile,analytics for data
A3535,data analytics course,0,4195,226.79,27,3,0.05,1117,13112024,hyderabad,desktop,data analytics course
A3536,data analytics course,144,5968,224.21,21,6,0.032,1993,20241110,hyderabad,desktop,online data analytics
A3537,data analytics course,148,5431,216.71,20,6,0.041,1200,20241120,hyderabad,mobile,online data analytics
A3538,data analytics course,189,3420,181.35,26,6,0.032,1692,18112024,hyderbad,desktop,data analytics training
A3539,data analytics course,143,4701,222.43,29,4,0.028,1953,20241107,hyderabad,tablet,data analytics online
A3540,data analytics course,185,4958,201.3,21,5,0.027,1965,6112024,hyderabad,desktop,analytics for data
A3541,data analytics course,172,5295,204.31,26,8,0.046,1218,20241129,hyderabad,tablet,data analytics course
A3542,data analytics course,121,3577,239.27,29,3,0.046,1735,20241126,hyderabad,desktop,data analytics online
A3543,data analytics course,158,3766,222.89,27,0,0.056,1673,20241122,hyderbad,mobile,learn data analytics
A3544,data analytics course,137,4287,231.9,14,7,0.046,1829,20241129,hyderabad,desktop,analytics for data
A3545,data analytics course,150,5630,239.21,26,4,0.027,1302,30112024,hyderabad,tablet,analytics for data
A3546,data analytics course,93,4157,206.1,30,8,0.086,1129,8112024,hyderabad,mobile,learn data analytics
A3547,data analytics course,101,5983,185.86,10,5,0.05,1019,6112024,hyderabad,tablet,online data analytics
A3548,data analytics course,178,3109,180.7,25,10,0.056,1709,12112024,hyderabad,desktop,data analytics course
A3549,data analytics course,96,3365,225.77,27,8,0.083,1884,30112024,hyderbad,tablet,data analytics course
A3550,data analytics course,170,5380,204.62,20,4,0.024,1473,20241115,hyderbad,desktop,data analytics course
A3551,data analytics course,176,5036,221.48,13,3,0.031,1072,22112024,hyderabad,mobile,data analytics training
A3552,data analytics course,178,4176,198.49,30,4,0.022,1717,12112024,hyderabad,desktop,learn data analytics
A3553,data analytics course,99,5663,187.48,22,5,0.034,1394,20241129,hyderabad,desktop,online data analytics
A3554,data analytics course,0,5852,181.96,19,4,0.046,1816,20241122,hyderabad,tablet,data analytics online
A3555,data analytics course,164,4725,224.43,18,10,0.061,1140,20241130,hyderabad,mobile,data analytics training
A3556,data analytics course,94,5762,202.12,23,5,0.053,1694,20241123,hyderbad,tablet,online data analytics
A3557,data analytics course,82,4773,226.66,10,6,0.033,1189,20241120,hyderabad,desktop,data analytics training
A3558,data analytics course,194,4198,217.66,16,10,0.052,1619,20241129,hyderabad,tablet,online data analytics
A3559,data analytics course,176,5314,188.23,17,8,0.045,1725,20241104,hyderabad,mobile,analytics for data
A3560,data analytics course,170,3401,235.7,10,0,0.046,1047,20241115,hyderabad,mobile,online data analytics
A3561,data analytics course,144,3509,193.65,28,3,0.021,1361,16112024,hyderabad,tablet,analytics for data
A3562,data analytics course,127,4850,235.92,25,10,0.079,1057,20241112,hyderabad,desktop,data analytics course
A3563,data analytics course,108,5245,227.35,12,5,0.046,1384,20241127,hyderabad,tablet,data analytics training
A3564,data analytics course,96,5474,201.65,16,8,0.03,1376,29112024,hyderabad,mobile,learn data analytics
A3565,data analytics course,103,4913,180.45,12,3,0.029,1178,28112024,hyderbad,mobile,learn data analytics
A3566,data analytics course,160,5975,212.18,14,0,0.046,1507,20241104,hyderabad,tablet,data analytics course
A3567,data analytics course,141,5451,246.96,13,4,0.028,1725,20241112,hyderbad,tablet,learn data analytics
A3568,data analytics course,121,4538,216.98,27,4,0.033,1874,19112024,hyderabad,desktop,data analytics course
A3569,data analytics course,176,4285,245.13,28,9,0.046,1321,20241108,hyderabad,mobile,learn data analytics
A3570,data analytics course,125,5041,228.64,21,6,0.048,1403,20241129,hyderabad,desktop,online data analytics
A3571,data analytics course,0,5386,220.23,23,5,0.046,1462,8112024,hyderbad,desktop,data analytics online
A3572,data analytics course,137,5168,230.04,0,7,0.051,1377,13112024,hyderabad,desktop,data analytics course
A3573,data analytics course,174,4308,190.54,24,10,0.057,1948,20241121,hyderabad,tablet,data analytics online
A3574,data analytics course,177,3884,219.75,29,5,0.028,1626,5112024,hyderabad,desktop,analytics for data
A3575,data analytics course,155,4312,231.52,30,3,0.019,1003,20241106,hyderabad,mobile,data analytics course
A3576,data analytics course,129,3482,184.89,23,9,0.046,1667,20241129,hyderbad,mobile,online data analytics
A3577,data analytics course,91,4893,222.3,29,10,0.11,1430,20241121,hyderabad,mobile,learn data analytics
A3578,data analytics course,0,3075,239.32,12,10,0.046,1966,20241122,hyderbad,mobile,data analytics course
A3579,data analytics course,126,4558,195.36,23,3,0.024,1020,20241126,hyderbad,desktop,online data analytics
A3580,data analytics course,87,3248,220.5,13,6,0.046,1871,20241128,hyderabad,mobile,data analytics online
A3581,data analytics course,0,5297,215.57,27,9,0.046,1268,23112024,hyderabad,desktop,data analytics course
A3582,data analytics course,107,3589,183.25,19,0,0.046,1571,29112024,hyderabad,desktop,data analytics course
A3583,data analytics course,124,3383,224.63,21,7,0.046,1263,20241110,hyderabad,desktop,data analytics online
A3584,data analytics course,124,5629,189.62,14,9,0.073,1626,20241127,hyderabad,desktop,data analytics training
A3585,data analytics course,97,5914,226.47,15,7,0.046,1889,20241108,hyderabad,tablet,online data analytics
A3586,data analytics course,186,3314,237.84,11,5,0.046,1864,20241105,hyderabad,tablet,data analytics online
A3587,data analytics course,165,5262,211.33,24,3,0.018,1075,20112024,hyderabad,desktop,data analytics online
A3588,data analytics course,110,3088,205.09,13,7,0.064,1061,5112024,hyderabad,tablet,data analytics course
A3589,data analytics course,191,4753,200.39,24,9,0.047,1702,20241105,hyderabad,mobile,analytics for data
A3590,data analytics course,136,3036,201.48,20,7,0.046,1811,20241113,hyderabad,tablet,data analytics training
A3591,data analytics course,146,5743,190.39,18,3,0.021,1108,13112024,hyderabad,mobile,data analytics training
A3592,data analytics course,152,5061,234.42,12,5,0.046,1566,10112024,hyderbad,tablet,online data analytics
A3593,data analytics course,189,5944,202.89,28,5,0.046,1360,8112024,hyderabad,mobile,data analytics course
A3594,data analytics course,99,4446,233.53,11,6,0.061,1189,20241105,hyderabad,tablet,data analytics training
A3595,data analytics course,88,5344,242.07,17,9,0.054,1418,29112024,hyderabad,mobile,online data analytics
A3596,data analytics course,154,3211,248.28,14,6,0.039,1950,20241128,hyderabad,tablet,data analytics online
A3597,data analytics course,113,3808,233.25,18,4,0.035,1085,20241102,hyderbad,desktop,data analytics training
A3598,data analytics course,196,5853,220.13,16,7,0.036,1558,20241108,hyderabad,tablet,data analytics training
A3599,data analytics course,0,5453,215.57,12,5,0.046,1174,20241122,hyderabad,desktop,analytics for data
