Hour,HouseUsage,Day
05,62.647783333999996,01
06,55.090016668000004,01
07,42.884166665,01
08,57.600766667,01
09,38.390183332,01
10,73.164966666,01
11,47.924833337,01
12,32.223283329,01
13,21.502600000999998,01
14,45.40321667,01
15,88.234833336,01
16,79.298183335,01
17,115.001316667,01
18,125.723383334,01
19,78.259400001,01
20,76.276699998,01
21,89.099183337,01
22,115.72579999999999,01
23,121.818900003,01
00,165.506316669,02
01,85.872016664,02
02,56.716999997,02
03,46.456266666,02
04,89.340383335,02
05,80.964083335,02
06,46.179233333,02
07,47.043283333,02
08,59.668033335,02
09,46.713949998,02
10,48.878833333,02
11,55.335899998,02
12,96.662316671,02
13,83.656850001,02
14,43.452599999,02
15,43.91285,02
16,17.214600002,02
17,15.62488333,02
18,37.827899997,02
19,97.488216667,02
20,106.03310000100001,02
21,129.434949997,02
22,175.454883339,02
23,176.082616667,02
00,104.280149994,03
01,124.431583333,03
02,96.725799997,03
03,47.900916662,03
04,59.874966666,03
05,42.819383334,03
06,52.151616666,03
07,54.292150001,03
08,47.43303333,03
09,47.604183332,03
10,49.079033335,03
11,52.664500001,03
12,74.702333335,03
13,44.331149994,03
14,41.185299997,03
15,42.911016669,03
16,74.015166667,03
17,68.495499998,03
18,47.014216668,03
19,46.575150002,03
20,82.298166666,03
21,113.174633336,03
22,123.161816667,03
23,114.006366665,03
00,97.656133336,04
01,92.320883331,04
02,65.766600001,04
03,42.027899999,04
04,55.54405,04
05,33.552433332999996,04
06,45.164516667,04
07,40.171450002,04
08,55.546099997,04
09,47.854033332,04
10,72.912483336,04
11,61.351200003,04
12,40.48165,04
13,34.142866663999996,04
14,67.210383331,04
15,96.7337,04
16,65.72058333,04
17,59.009150002,04
18,37.432233333999996,04
19,28.510516668,04
20,38.368533334,04
21,73.64245,04
22,123.804616665,04
23,125.76155,04
00,78.935616667,05
01,115.639983335,05
02,141.610566666,05
03,143.353650001,05
04,102.22953333,05
05,87.201766664,05
06,79.819116667,05
07,61.866133334,05
08,59.463133333,05
09,68.476850002,05
10,82.136900001,05
11,72.871783334,05
12,77.430616665,05
13,63.447050001,05
14,37.510483333,05
15,31.461983333,05
16,30.189933333,05
17,12.479583335,05
18,15.662249999999998,05
19,17.341033334,05
20,23.090516665,05
21,56.741033334,05
22,76.224916669,05
23,62.784433332,05
00,71.658450001,06
01,65.451133331,06
02,56.590716668,06
03,81.169933331,06
04,62.649466663,06
05,64.839316666,06
06,57.021750006,06
07,57.862366665,06
08,56.008466668,06
09,59.555433335000004,06
10,86.952566666,06
11,85.1694,06
12,71.779733335,06
13,43.587116666,06
14,44.252933337,06
15,22.085733332,06
16,21.737099996999998,06
17,18.957349996999998,06
18,8.481400001999999,06
19,9.912416667999999,06
20,16.434466669,06
21,42.973183332,06
22,32.739850002,06
23,129.39241667,06
00,121.574983334,07
01,124.318949996,07
02,76.953199999,07
03,73.203499998,07
04,39.651166668,07
05,34.809283334,07
06,41.336616668,07
07,55.995183336,07
08,47.916900001,07
09,48.536533335,07
10,78.662066668,07
11,56.170433336,07
12,61.288133332,07
13,43.441216668,07
14,58.663116667,07
15,42.034166666,07
16,34.380983330999996,07
17,38.363933333,07
18,15.90606667,07
19,31.848499999999998,07
20,45.70866667,07
21,64.57363333,07
22,62.585616666,07
23,90.521300004,07
00,70.903100003,08
01,87.028816668,08
02,65.414016668,08
03,72.913133333,08
04,77.694983328,08
05,61.251350005,08
06,55.012900002,08
07,67.346333335,08
08,53.126766667,08
09,60.65605,08
10,82.823616668,08
11,51.97585,08
12,81.651049997,08
13,46.61636667,08
14,72.230933334,08
15,60.446833333,08
16,47.244166666,08
17,37.28295,08
18,43.009583333,08
19,67.137416668,08
20,96.382066667,08
21,82.284999998,08
22,82.889250003,08
23,61.529699997,08
00,49.034383332,09
01,43.561766667,09
02,49.567233333,09
03,51.009383333,09
04,52.036233336,09
05,44.316183331,09
06,41.595450002,09
07,45.335449997,09
08,39.02401667,09
09,43.807416666,09
10,45.803516669,09
11,48.438333330999995,09
12,66.479349998,09
13,68.967933332,09
14,55.789516668,09
15,47.902600000999996,09
16,35.71666667,09
17,29.944100002,09
18,58.416450005,09
19,39.544516667,09
20,57.377933334,09
21,75.289333335,09
22,107.20706666699999,09
23,107.543066671,09
00,109.862400003,10
01,69.635550001,10
02,82.453033335,10
03,43.679050001,10
04,48.708000002,10
05,48.092983334,10
06,39.587866665,10
07,40.627433334,10
08,44.636733335,10
09,40.720999999,10
10,44.192333333,10
11,45.318966669,10
12,64.247416665,10
13,66.035700003,10
14,115.232083337,10
15,84.282316666,10
16,85.591666669,10
17,76.677133336,10
18,55.266200001,10
19,48.819750004,10
20,46.46965,10
21,74.315750004,10
22,87.469483332,10
23,176.221316668,10
00,88.290316668,11
01,145.944066668,11
02,109.854233334,11
03,82.223366664,11
04,50.483116666,11
05,31.323416666,11
06,33.673266667,11
07,51.963949999,11
08,45.676883334,11
09,55.563000001,11
10,68.646049998,11
11,67.841949997,11
12,37.232166665,11
13,49.637349998,11
14,89.949299999,11
15,92.666716668,11
16,90.337966665,11
17,43.269233334,11
18,75.530716663,11
19,41.298216665,11
20,36.208916664,11
21,69.36688333400001,11
22,70.436166667,11
23,68.263966666,11
00,94.636799998,12
01,104.080350002,12
02,72.646749996,12
03,77.133833335,12
04,134.308816668,12
05,84.585799999,12
06,51.484633332,12
07,57.82631667,12
08,51.061966665,12
09,61.512666663,12
10,82.118066668,12
11,62.01405,12
12,71.061716665,12
13,47.333016666,12
14,44.822983332,12
15,42.460999998,12
16,31.111066666,12
17,54.003916667,12
18,23.303299997,12
19,38.129316668,12
20,60.541950003,12
21,59.737966665,12
22,69.520183334,12
23,90.861899998,12
00,62.020500001,13
01,68.054850003,13
02,53.519183336,13
03,75.246283332,13
04,67.044533332,13
05,51.367116665,13
06,60.6418,13
07,53.6237,13
08,52.462583334,13
09,62.243450002,13
10,85.148050001,13
11,76.9655,13
12,92.704816668,13
13,107.474583337,13
14,70.88385,13
15,75.934083335,13
16,32.88395,13
17,34.267933335,13
18,16.528250001,13
19,21.416966668,13
20,40.132449999,13
21,95.92499999900001,13
22,83.951650003,13
23,82.841499999,13
00,88.932633334,14
01,77.891133334,14
02,75.850683335,14
03,40.296483331,14
04,44.489949998,14
05,40.83425,14
06,65.990850001,14
07,49.763733335,14
08,51.880216664,14
09,66.585033332,14
10,74.257183332,14
11,73.074283334,14
12,86.669799999,14
13,84.895483332,14
14,50.111866662,14
15,47.918033335,14
16,16.08965,14
17,58.155766664,14
18,37.194366666,14
19,29.555916668,14
20,29.526183335,14
21,75.134733337,14
22,66.988166664,14
23,68.245200001,14
00,86.540116664,15
01,68.891366669,15
02,45.910966668,15
03,61.476083332,15
04,62.015450001,15
05,49.198916666,15
06,43.481266667999996,15
07,45.960750001,15
08,54.824883336,15
09,47.700983331,15
10,76.568366669,15
11,52.95671667,15
12,85.213033338,15
13,46.226000003,15
14,29.378516664,15
15,16.979983331,15
16,28.208249997,15
17,25.689483335,15
18,14.290916669,15
19,20.803416669,15
20,43.932416668,15
21,74.60458333300001,15
22,57.72068333,15
23,84.942583329,15
00,79.9334,16
01,97.824266668,16
02,49.211233332,16
03,51.73285,16
04,68.299866666,16
05,73.469283334,16
06,34.842116662,16
07,43.476733334,16
08,44.741683336,16
09,49.199233334,16
10,48.640666672,16
11,54.820883336,16
12,68.961949998,16
13,51.203416667999996,16
14,50.941316669,16
15,44.18375,16
16,50.148616667,16
17,39.077316667,16
18,66.546866666,16
19,67.699683332,16
20,68.800883335,16
21,88.773533334,16
22,70.948816663,16
23,92.820366664,16
00,89.782366667,17
01,90.808533333,17
02,102.492016662,17
03,85.704766667,17
04,65.78735,17
05,44.16718333,17
06,38.480583337,17
07,54.723666668,17
08,34.966249998,17
09,63.681266665,17
10,49.799516666,17
11,52.559150002,17
12,80.787449999,17
13,86.255616669,17
14,44.095283334,17
15,37.025066669,17
16,51.968900004,17
17,39.631299996,17
18,67.331349998,17
19,82.996583332,17
20,46.954033332,17
21,89.798349999,17
22,104.657349999,17
23,95.667833336,17
00,158.019800003,18
01,172.098766667,18
02,158.291899997,18
03,106.122533335,18
04,58.732183334,18
05,36.364483332,18
06,38.416716668,18
07,43.993449999,18
08,54.193000002,18
09,60.166866669,18
10,80.596600001,18
11,51.936233331,18
12,55.096550002,18
13,64.146333333,18
14,94.024716666,18
15,107.992216665,18
16,108.41610000200001,18
17,127.916700002,18
18,119.564599998,18
19,88.615933334,18
20,81.892550005,18
21,117.790200003,18
22,146.050583334,18
23,115.036350001,18
00,75.210250005,19
01,69.090450002,19
02,66.142149999,19
03,94.082383335,19
04,76.953650004,19
05,68.1635,19
06,75.330866667,19
07,82.177916667,19
08,84.674049998,19
09,76.916233331,19
10,84.229583333,19
11,81.558433335,19
12,100.685716663,19
13,108.054666668,19
14,111.271100002,19
15,45.012449998,19
16,36.704499999999996,19
17,63.039800001,19
18,98.98665,19
19,85.53095,19
20,53.842499994,19
21,91.438316666,19
22,86.227983334,19
23,111.733316665,19
00,83.980766666,20
01,87.641283335,20
02,49.243266668,20
03,63.916566664,20
04,73.741683334,20
05,57.861383333,20
06,60.456216669,20
07,68.169416666,20
08,52.010366664,20
09,54.320416666999996,20
10,91.230266665,20
11,75.830649996,20
12,75.139766662,20
13,50.069883335,20
14,42.66081667,20
15,19.507566668,20
16,27.929849995999998,20
17,14.702733336,20
18,5.319583328999999,20
19,28.650116663,20
20,19.928616665,20
21,78.551133329,20
22,84.4814,20
23,98.872799999,20
00,81.119116665,21
01,61.223050002,21
02,64.842616666,21
03,46.885416665,21
04,52.315166667,21
05,63.403916663,21
06,44.813000003,21
07,54.177966667,21
08,52.722249999,21
09,45.622050001,21
10,85.906583332,21
11,60.518183332,21
12,58.8544,21
13,46.822800001,21
14,29.637699998,21
15,42.386883331,21
16,18.279066667,21
17,10.3836,21
18,22.610266664,21
19,27.142133301,21
20,48.162283334,21
21,92.163466665,21
22,70.136350001,21
23,75.51981666500001,21
00,85.104583333,22
01,83.13515,22
02,61.295750001,22
03,58.373716667000004,22
04,55.984316668,22
05,49.865950001,22
06,66.454650001,22
07,46.001100001,22
08,64.063516664,22
09,62.018316661,22
10,66.956700001,22
11,70.179900002,22
12,81.865866666,22
13,38.544816665,22
14,39.758616667,22
15,16.327766669,22
16,28.308833334,22
17,12.261150004,22
18,33.915433334,22
19,41.171583336,22
20,88.935316664,22
21,77.541633333,22
22,85.79595,22
23,85.965033334,22
00,54.782233334,23
01,63.047549999,23
02,49.394183332,23
03,56.436399999,23
04,49.168566666,23
05,58.895083339,23
06,46.115316667,23
07,45.890566662,23
08,53.751116664,23
09,57.665966667999996,23
10,43.795066666,23
11,58.391616667,23
12,83.319783331,23
13,79.603750001,23
14,58.968216669,23
15,67.347516666,23
16,78.37095,23
17,96.914433334,23
18,91.004733336,23
19,138.721016662,23
20,103.88681667,23
21,119.085133333,23
22,161.836233336,23
23,95.07673333299999,23
00,75.737616668,24
01,76.883649999,24
02,74.522083332,24
03,74.469516667,24
04,74.59161667,24
05,41.765300001,24
06,31.179833332,24
07,61.414066663999996,24
08,40.215333334,24
09,66.130266671,24
10,52.221433336,24
11,64.90086667,24
12,69.634483334,24
13,58.357533332,24
14,45.126533329,24
15,34.296900001,24
16,43.98215,24
17,34.536083337,24
18,37.060950002,24
19,32.220933332,24
20,67.1826,24
21,142.329266667,24
22,94.999633334,24
23,48.823400002,24
00,38.461183332,25
01,58.345816667,25
02,40.366466668,25
03,36.789500001,25
04,37.233599997,25
05,52.972850006,25
06,48.118366665,25
07,48.328199995,25
08,48.355649999,25
09,46.6914,25
10,85.315849998,25
11,72.150216667,25
12,77.233933336,25
13,59.188399997,25
14,41.081183339,25
15,49.832916665,25
16,71.311750003,25
17,21.117299998,25
18,40.635516665,25
19,57.189150002,25
20,47.403983331,25
21,60.384416664999996,25
22,117.49223332700001,25
23,68.104833332,25
00,101.704533328,26
01,131.233699999,26
02,88.987850002,26
03,76.691133332,26
04,48.772000004,26
05,42.458099995,26
06,44.529666667,26
07,48.643833332,26
08,44.962400002,26
09,59.275733333,26
10,62.07663333,26
11,57.01241667,26
12,85.028583329,26
13,39.06206667,26
14,19.025616668999998,26
15,27.767083337,26
16,39.256249995,26
17,39.5626,26
18,33.764166666,26
19,51.085916666,26
20,79.610183332,26
21,79.133583332,26
22,88.763450002,26
23,88.867166664,26
00,60.954799998,27
01,55.424166668,27
02,49.391200001,27
03,68.84386667,27
04,42.670266668000004,27
05,35.361383337,27
06,44.776983334,27
07,45.508066667,27
08,43.811949999999996,27
09,48.848416667,27
10,59.468716668,27
11,42.368916664,27
12,63.218533333,27
13,46.935050000000004,27
14,25.512549998,27
15,25.537550001,27
16,14.576483331,27
17,14.780466663999999,27
18,29.036116663999998,27
19,10.093200001,27
20,11.230666671,27
21,44.239383331,27
22,56.725799999,27
23,53.786133332,27
00,162.985999999,28
01,117.554899999,28
02,86.437799996,28
03,70.562433333,28
04,56.901000001,28
05,36.1394,28
06,42.13853333,28
07,57.235516667,28
08,49.373133336,28
09,41.759833334,28
10,75.974133335,28
11,55.763816661999996,28
12,64.894233334,28
13,44.513433332,28
14,27.073833336,28
15,31.63995,28
16,26.973916668,28
17,15.673749997,28
18,52.642183336,28
19,29.672983334,28
20,32.502066666,28
21,50.42215,28
22,48.381933335,28
23,80.454133335,28
00,59.959533332,29
01,83.240383333,29
02,57.301550002,29
03,43.963600004,29
04,47.35471667,29
05,47.578033335,29
06,38.274583337,29
07,55.664650001,29
08,37.372866671,29
09,61.571933336,29
10,55.248616667,29
11,55.040300001,29
12,60.140916666,29
13,81.785466668,29
14,56.03215,29
15,22.928883337,29
16,43.337883333,29
17,49.549483336,29
18,36.995416665,29
19,52.804483334,29
20,79.487983337,29
21,70.908433337,29
22,87.62205,29
23,79.497116666,29
00,56.549599998,30
01,57.543866667,30
02,34.115483332,30
03,56.145466668,30
04,53.697783331,30
05,50.668333335,30
06,47.643300002000004,30
07,60.128700001,30
08,54.753816668,30
09,44.442916667,30
10,64.750933333,30
11,56.283149998,30
12,126.069099999,30
13,54.883216669999996,30
14,51.156283332,30
15,31.3634,30
16,28.271300005,30
17,38.495550001,30
18,18.278666665,30
19,18.073833334,30
20,19.456849999,30
21,31.5027,30
22,70.536350002,30
23,112.619516667,30
00,79.111100003,31
01,64.276599997,31
02,75.084816668,31
03,48.188066667,31
04,35.859299996,31
05,30.19301667,31
06,28.358483336,31
07,34.921483336,31
08,31.193733336,31
09,37.544383338,31
10,44.23696667,31
11,61.41516667,31
12,59.431966665000004,31
13,50.844783332,31
14,73.394499997,31
15,40.843599999,31
16,72.659033335,31
17,58.569149999,31
18,26.974866665,31
19,174.880616663,31
20,122.566366667,31
21,84.009666664,31
22,120.67838333499999,31
23,85.886499999,31
00,82.878066671,01
01,135.403950003,01
02,122.477433333,01
03,61.925050001,01
04,20.101149998,01
05,20.709533332,01
06,29.055416667,01
07,35.423266667,01
08,44.222416665,01
09,45.589033332,01
10,53.131466669,01
11,43.661816664,01
12,53.886516668,01
13,23.357583334,01
14,19.737850002,01
15,14.412133334,01
16,22.327833330999997,01
17,14.858283338,01
18,19.379966664999998,01
19,51.789250002,01
20,101.015366667,01
21,104.347983332,01
22,221.726116666,01
23,146.829066667,01
00,45.884550001,02
01,72.022683335,02
02,57.856866667,02
03,79.759750004,02
04,54.219883336,02
05,47.157299998,02
06,34.889200001,02
07,27.428683336,02
08,47.391433333,02
09,41.444400002,02
10,73.919283332,02
11,47.695433329,02
12,78.4812,02
13,56.290916666,02
14,19.542699999,02
15,18.313766672,02
16,14.388966666999998,02
17,38.441933333,02
18,27.724783332,02
19,10.231849999,02
20,27.942799998999998,02
21,42.823399996999996,02
22,30.151566668,02
23,50.644766663,02
00,46.758633336,03
01,64.042900002,03
02,46.148099999,03
03,51.352933336,03
04,55.991183336,03
05,47.000483334,03
06,40.990266667,03
07,45.09916667,03
08,36.585449998,03
09,58.802599997,03
10,54.197,03
11,41.672200000000004,03
12,70.467783336,03
13,42.455966658,03
14,37.892883335,03
15,37.073733336,03
16,38.465783333,03
17,38.882399999,03
18,35.684583335,03
19,40.468033332,03
20,51.619516669,03
21,44.825766669,03
22,53.978233334,03
23,55.756183334,03
00,40.094666668,04
01,33.895416667999996,04
02,23.888483332,04
03,28.579533333,04
04,26.807133334,04
05,23.842216672,04
06,22.617466668,04
07,21.760500001,04
08,26.853349999,04
09,38.888200002,04
10,79.328500003,04
11,40.32226667,04
12,90.64506667,04
13,55.675633333,04
14,16.689883332,04
15,14.230816667,04
16,13.428283333,04
17,10.561666665999999,04
18,11.477083332,04
19,20.891433338,04
20,32.746616667,04
21,52.612383334,04
22,53.364683334,04
23,62.883749999,04
00,82.665516662,05
01,66.6884,05
02,56.588233333,05
03,51.052299999,05
04,57.80538333,05
05,60.413500004,05
06,41.285250004,05
07,34.635083334,05
08,46.329966666,05
09,42.857499998,05
10,63.499316666,05
11,45.408866665,05
12,66.474233331,05
13,42.910966667000004,05
14,32.555366666,05
15,42.683083335999996,05
16,46.224750003,05
17,47.799733333,05
18,41.690816667,05
19,41.923099998,05
20,38.565433331,05
21,45.581783337,05
22,82.646716668,05
23,78.20579999899999,05
00,81.606783331,06
01,93.10243333,06
02,116.956283336,06
03,97.005300001,06
04,34.444066667,06
05,44.724083333,06
06,43.938266663,06
07,61.614416668,06
08,46.199499999,06
09,47.171316669,06
10,60.094983334,06
11,47.141750002,06
12,74.250416667,06
13,77.060266666,06
14,23.075316669,06
15,38.241766666,06
16,21.318150001,06
17,15.097749998,06
18,19.507016668,06
19,13.836800002999999,06
20,22.890083335,06
21,25.013916669,06
22,39.485533332,06
23,42.403283336,06
00,52.61365,07
01,49.502683334,07
02,39.161000001,07
03,36.548016672,07
04,43.414483331,07
05,47.775916664,07
06,60.929399999,07
07,44.877499999,07
08,38.777400001,07
09,57.219466668,07
10,37.976733331,07
11,63.741816666,07
12,59.638183331,07
13,45.830466667,07
14,32.827183331,07
15,24.743133334,07
16,27.258699997,07
17,8.284866666,07
18,5.474066666,07
19,22.173983334,07
20,48.809299999,07
21,66.623449999,07
22,85.0977,07
23,65.047800002,07
00,97.341133331,08
01,171.265233335,08
02,90.959733337,08
03,72.71403333399999,08
04,55.14368333,08
05,39.8153,08
06,39.934016666,08
07,47.984850003,08
08,39.345166664,08
09,46.241300004,08
10,81.323433333,08
11,59.678816665,08
12,42.270083334,08
13,55.198599998999995,08
14,105.617533334,08
15,117.224749997,08
16,116.921166668,08
17,99.294433337,08
18,76.466766667,08
19,54.762166664,08
20,67.520266661,08
21,105.701949998,08
22,233.853100001,08
23,215.732083332,08
00,145.74650000100002,09
01,111.113750001,09
02,61.650366665,09
03,50.095216668,09
04,49.952349999,09
05,49.468849999,09
06,51.310216665,09
07,60.259016663,09
08,58.141366667,09
09,45.969350001,09
10,77.284466666,09
11,66.022616665,09
12,67.766050002,09
13,38.992849999,09
14,24.331299999,09
15,29.885016667,09
16,9.971449997999999,09
17,35.263749998,09
18,28.584550002,09
19,50.393949999,09
20,88.889566667,09
21,93.156333333,09
22,83.125616668,09
23,78.859383334,09
00,78.812566664,10
01,106.052649997,10
02,72.400383332,10
03,42.291933336,10
04,42.256316662,10
05,55.999666667,10
06,51.552733336,10
07,47.501299998,10
08,64.020366665,10
09,42.445216668,10
10,76.489216663,10
11,46.718599996,10
12,78.196250001,10
13,29.378966668,10
14,28.243983332,10
15,37.746783329,10
16,36.155599996999996,10
17,43.852866667,10
18,35.044249999,10
19,34.628683333,10
20,60.6905,10
21,50.268100003,10
22,60.937316671,10
23,72.213466666,10
00,97.769883331,11
01,92.244800003,11
02,56.058716665,11
03,45.828516666,11
04,41.57993333,11
05,45.959849999999996,11
06,58.061199998999996,11
07,43.892616665,11
08,62.689316669,11
09,55.82936667,11
10,75.294300001,11
11,55.350116668,11
12,72.8893,11
13,41.994933333,11
14,61.938600001,11
15,46.807166671,11
16,45.284733332,11
17,66.033166664,11
18,27.959249998,11
19,70.829983335,11
20,98.864983331,11
21,78.002983331,11
22,89.70685000099999,11
23,95.729333333,11
00,101.857133334,12
01,105.922649997,12
02,85.266933328,12
03,98.424516671,12
04,94.218499998,12
05,81.37833333100001,12
06,96.918616669,12
07,79.8676,12
08,75.085933333,12
09,82.196366665,12
10,98.224099999,12
11,81.274716668,12
12,93.827533337,12
13,87.653049997,12
14,41.932416664,12
15,59.950166669,12
16,67.230266667,12
17,69.36161667,12
18,30.343083332,12
19,41.189883329,12
20,61.446266666,12
21,66.256783334,12
22,66.739516667,12
23,69.706683328,12
00,50.632983331,13
01,69.058999998,13
02,64.793049996,13
03,73.402999994,13
04,55.433466664,13
05,58.392349999,13
06,63.045833334,13
07,60.28295,13
08,48.819483333,13
09,64.82993333499999,13
10,62.221350002,13
11,63.779683335,13
12,83.0335,13
13,65.073283332,13
14,43.692633334,13
15,61.16205,13
16,93.410733337,13
17,115.542866668,13
18,76.4624,13
19,92.14031666300001,13
20,91.066716668,13
21,91.13261666,13
22,149.235200003,13
23,143.704466665,13
00,100.318849999,14
01,130.993616667,14
02,119.313216667,14
03,53.300933333,14
04,73.435516667,14
05,76.861450005,14
06,82.66588333,14
07,82.325999997,14
08,78.674216665,14
09,80.625733335,14
10,118.942416665,14
11,87.145283333,14
12,90.746450002,14
13,77.05448333,14
14,59.233899999,14
15,38.351533334,14
16,35.708433333,14
17,35.189349997,14
18,25.977716663,14
19,22.311933338,14
20,13.339749998999999,14
21,54.976516667,14
22,64.517133333,14
23,74.941383334,14
00,104.197349995,15
01,101.847116667,15
02,91.55921667,15
03,63.303416666,15
04,75.398533334,15
05,69.402866666,15
06,70.327950001,15
07,73.02856667,15
08,81.175000003,15
09,73.475233334,15
10,88.338466667,15
11,81.38423333,15
12,56.37038333,15
13,50.524366664,15
14,82.896533331,15
15,76.231266667,15
16,73.105633333,15
17,92.528916665,15
18,107.833649998,15
19,99.98385,15
20,105.333783332,15
21,122.158283332,15
22,205.325500002,15
23,174.603383336,15
00,101.433433332,16
01,138.646166666,16
02,88.00345000200001,16
03,80.044016671,16
04,64.104616665,16
05,72.581649996,16
06,60.173316667,16
07,59.95971667,16
08,77.246900001,16
09,54.394233334,16
10,95.62135,16
11,53.574133332,16
12,83.345533332,16
13,59.1161,16
14,72.568783334,16
15,81.970266669,16
16,34.062416669,16
17,68.07675,16
18,41.663116668,16
19,51.294133335,16
20,61.827199999,16
21,69.65293333300001,16
22,57.982400002,16
23,68.559016669,16
00,71.839566664,17
01,79.82499999699999,17
02,43.354583338,17
03,50.79535,17
04,64.769949999,17
05,53.311683335,17
06,66.720199999,17
07,49.040599998,17
08,57.320750003,17
09,59.379349998,17
10,86.530633336,17
11,51.033850004,17
12,86.141800002,17
13,51.799750001,17
14,35.970316666,17
15,50.621750001,17
16,36.144,17
17,53.848216664,17
18,38.513966663,17
19,59.953433332,17
20,64.989283334,17
21,51.9456,17
22,76.663066668,17
23,73.901616669,17
00,71.843833334,18
01,146.354066665,18
02,143.636899999,18
03,85.718933333,18
04,66.056650002,18
05,43.16716667,18
06,69.181066669,18
07,52.634,18
08,55.385650001,18
09,73.826933333,18
10,83.057166666,18
11,69.712966665,18
12,86.767499998,18
13,52.899249996,18
14,29.186316665,18
15,32.806933332,18
16,18.896216667,18
17,7.280749997999999,18
18,22.095683334,18
19,14.634133334,18
20,23.233116669999998,18
21,62.395850002,18
22,48.784733331,18
23,58.809949997,18
00,103.258666668,19
01,71.623216667,19
02,94.710149998,19
03,70.280883335,19
04,78.727533338,19
05,80.125849997,19
06,62.966883334,19
07,73.599966672,19
08,62.299150001,19
09,70.724366668,19
10,86.470033328,19
11,69.066566663,19
12,84.866283334,19
13,56.631800001,19
14,50.47785,19
15,24.937366671,19
16,19.596966665,19
17,25.340550002,19
18,37.050350001,19
19,40.288016667,19
20,49.715966669,19
21,54.584766667,19
22,93.663550003,19
23,67.026566668,19
00,71.715833335,20
01,53.746816669,20
02,47.865483335,20
03,44.86515,20
04,60.56045,20
05,50.188033329999996,20
06,57.361066667,20
07,50.781933333,20
08,47.224450004,20
09,62.563183329,20
10,43.384533333,20
11,61.384966674,20
12,88.225700002,20
13,111.738083334,20
14,67.228666668,20
15,49.744400002,20
16,40.029416669999996,20
17,15.130850000999999,20
18,29.20715,20
19,37.036583333,20
20,59.873166668,20
21,93.878633334,20
22,91.09289999800001,20
23,60.709466665,20
00,31.506749999,21
01,33.204166668,21
02,29.985833331,21
03,30.470383332999997,21
04,31.977999998999998,21
05,26.101449998,21
06,34.6299,21
07,31.285000002,21
08,43.09895,21
09,34.385066664,21
10,44.625400002,21
11,45.140983338,21
12,69.797816666,21
13,43.621150001,21
14,37.311800003,21
15,35.306416664,21
16,50.181433334,21
17,46.014050001,21
18,64.859300003,21
19,66.291883335,21
20,106.355433332,21
21,75.355483335,21
22,60.537766664,21
23,82.86641666599999,21
00,84.217850002,22
01,81.445666669,22
02,77.143416666,22
03,51.564883334,22
04,49.701083335999996,22
05,30.733800002,22
06,31.102533335,22
07,45.740699997,22
08,45.536733335,22
09,56.786366667,22
10,66.91376666400001,22
11,97.96225,22
12,74.097616665,22
13,66.501633336,22
14,56.446333334,22
15,44.160366666,22
16,39.934933333,22
17,13.867716667,22
18,13.390933333,22
19,33.01755,22
20,46.73795,22
21,76.927250003,22
22,174.202316667,22
23,227.26366666500002,22
00,156.421250002,23
01,109.890999999,23
02,77.45095,23
03,71.292983334,23
04,65.865983331,23
05,61.794733331,23
06,34.478483333,23
07,43.180699998,23
08,44.228933331,23
09,44.330466666,23
10,65.669133331,23
11,78.984366667,23
12,65.063266667,23
13,66.820666666,23
14,37.448216664,23
15,41.061199997,23
16,13.468833331999999,23
17,48.984100002,23
18,50.605133332,23
19,36.338133337,23
20,49.601066669,23
21,54.060233334,23
22,70.981633335,23
23,52.850100001,23
00,52.220633334,24
01,63.02155,24
02,61.556300001000004,24
03,45.757399999,24
04,43.457866668,24
05,40.721183336,24
06,59.345200003,24
07,45.256483336,24
08,45.660200001,24
09,54.814299999,24
10,59.519116666,24
11,66.839500003,24
12,90.131083334,24
13,38.738816663,24
14,31.355533333,24
15,45.613266662,24
16,43.667533332,24
17,64.160583334,24
18,41.362416666,24
19,40.740516665,24
20,59.273233336,24
21,63.077566667,24
22,51.609266667,24
23,93.087999999,24
00,193.863749999,25
01,108.300500001,25
02,104.256616666,25
03,87.927966668,25
04,36.151800003,25
05,34.855999996,25
06,31.828849998,25
07,35.783383332,25
08,32.252683335,25
09,34.224566667,25
10,52.545766664,25
11,53.690050002,25
12,54.777549998,25
13,38.127816667,25
14,14.182816665999999,25
15,24.583983334,25
16,21.924266666999998,25
17,23.041966667,25
18,24.933666665,25
19,13.325183332999998,25
20,24.512383329,25
21,50.081033333,25
22,44.758450001,25
23,54.248499996,25
00,57.27695,26
01,39.108916664999995,26
02,45.117133334,26
03,33.770316667,26
04,56.593583334,26
05,50.015133335,26
06,68.522283335,26
07,53.299583339,26
08,60.832750002,26
09,60.846433331,26
10,74.160999998,26
11,88.355616664,26
12,95.84171666900001,26
13,39.589699997,26
14,33.014533335,26
15,21.907150005,26
16,35.522616667,26
17,45.881499997,26
18,17.677766667,26
19,9.482849997999999,26
20,21.133350001,26
21,28.731166666,26
22,85.495266668,26
23,148.6298,26
00,155.45581667,27
01,109.176466669,27
02,89.896883332,27
03,74.089583332,27
04,36.691116669,27
05,55.985433334,27
06,51.881766665,27
07,65.011533335,27
08,59.595466667,27
09,52.794633334,27
10,68.775600001,27
11,50.082766663,27
12,85.63403333,27
13,69.019383334,27
14,32.702433335,27
15,48.269016667,27
16,16.089466667,27
17,32.600716667,27
18,22.044516667,27
19,22.276466667999998,27
20,22.483749998,27
21,45.70775,27
22,37.82215,27
23,46.533516664,27
00,63.605833333999996,28
01,68.862949999,28
02,55.402266669,28
03,43.266366667,28
04,34.399283329999996,28
05,53.196816665,28
06,46.436383334,28
07,56.921283331,28
08,60.137649999,28
09,49.366283334,28
10,49.500600003,28
11,52.885433333,28
12,60.266283334,28
13,73.715299997,28
14,54.917333333,28
15,18.126533332,28
16,29.321316667,28
17,26.743083329,28
18,20.888083333,28
19,41.947833333,28
20,54.375750000000004,28
21,27.521800002,28
22,36.435600002,28
23,97.540233331,28
00,158.319583331,29
01,152.834866665,29
02,82.760116669,29
03,70.027599997,29
04,46.386916667,29
05,41.12835,29
06,43.401033335,29
07,48.701199999,29
08,48.562633332,29
09,52.961949999,29
10,54.171533332,29
11,75.726733332,29
12,50.871066669,29
13,48.216916669,29
14,62.867100004,29
15,62.954699997,29
16,49.059600002,29
17,40.136166664,29
18,26.310783334,29
19,27.777433335,29
20,14.218416666,29
21,24.58425,29
22,90.931599999,29
23,258.160483333,29
00,62.665133331,01
01,71.740700006,01
02,69.282066666,01
03,52.591166665,01
04,32.867983334,01
05,38.841349999,01
06,40.223100001,01
07,52.117283335,01
08,41.049833334,01
09,47.381316667,01
10,48.373733335,01
11,75.1213,01
12,80.346216667,01
13,23.9905,01
14,46.587850003,01
15,55.226216666,01
16,6.539000002999999,01
17,5.6311499949999995,01
18,3.732649998,01
19,14.726466667999999,01
20,8.963383334,01
21,20.662983332,01
22,31.607383332999998,01
23,59.095616673,01
00,74.384516665,02
01,67.260016668,02
02,55.580999998,02
03,51.425866667,02
04,46.519500003,02
05,34.034249996999996,02
06,37.67065,02
07,39.7451,02
08,34.681016666,02
09,39.859499999,02
10,40.145949998,02
11,62.61333333,02
12,78.367599996,02
13,42.551933331,02
14,25.484166664,02
15,21.367750002,02
16,23.063116667,02
17,24.7565,02
18,7.584600002999999,02
19,3.9214333339999996,02
20,8.578950000999999,02
21,17.396650001999998,02
22,52.451399998,02
23,89.647600001,02
00,94.151800001,03
01,99.400583331,03
02,183.63996667,03
03,124.820833335,03
04,67.978333333,03
05,26.721900000999998,03
06,41.139833332,03
07,45.75555,03
08,45.220549996,03
09,48.280533335,03
10,45.443649998,03
11,69.36165,03
12,61.492083334,03
13,36.329599998,03
14,26.916966667,03
15,39.20245,03
16,33.889649999999996,03
17,22.01005,03
18,14.581200001,03
19,12.855233334,03
20,13.084699996,03
21,36.11093333,03
22,36.447433335999996,03
23,84.098349998,03
00,108.468150006,04
01,74.235550002,04
02,129.044849998,04
03,103.275316667,04
04,27.759650002,04
05,26.851983335,04
06,44.893883335,04
07,48.930366666,04
08,47.21998333,04
09,51.79071667,04
10,49.544233334,04
11,66.128383333,04
12,77.811400004,04
13,45.001066664,04
14,35.019699996,04
15,31.305116667,04
16,16.000683335,04
17,11.007683337,04
18,6.7316,04
19,9.701366665999998,04
20,35.45221667,04
21,56.565066668,04
22,67.445200002,04
23,100.099566669,04
00,210.568066667,05
01,91.010583333,05
02,83.55471667,05
03,78.780383333,05
04,67.517233334,05
05,48.288400001,05
06,36.669933336999996,05
07,42.389116671,05
08,56.487066669,05
09,45.273783331,05
10,94.16043333,05
11,50.61615,05
12,30.232616666,05
13,29.326499996,05
14,25.566399998999998,05
15,13.5963,05
16,4.008083331,05
17,14.093633336,05
18,13.715349998,05
19,20.688450003,05
20,30.75171667,05
21,17.919266669,05
22,29.928249999,05
23,50.62145,05
00,41.011950002,06
01,40.564083331,06
02,45.971383333,06
03,40.940716668,06
04,44.991033334,06
05,43.266133334,06
06,43.681100001,06
07,42.685216664,06
08,49.458983332,06
09,45.299383331,06
10,42.319283339,06
11,53.130700001,06
12,43.419849999,06
13,32.278499999,06
14,22.12568333,06
15,10.672750000999999,06
16,10.989250003,06
17,6.896366666,06
18,3.8902500329999996,06
19,6.582683336,06
20,6.136349997999999,06
21,15.083549996999999,06
22,46.364833333,06
23,91.841166665,06
00,114.746933334,07
01,102.543466666,07
02,94.280933332,07
03,48.979199998,07
04,29.845283334999998,07
05,41.111983334,07
06,36.100433334,07
07,42.460399998999996,07
08,43.355916665,07
09,51.80135,07
10,41.808316667,07
11,66.826700006,07
12,72.458716663,07
13,62.064999998,07
14,63.741383334,07
15,22.791216664,07
16,21.854383336999998,07
17,15.964566665,07
18,19.745450001,07
19,45.232116665999996,07
20,45.2347,07
21,145.625783337,07
22,179.879083332,07
23,161.850533328,07
00,69.862266665,08
01,60.213833337,08
02,88.18753333000001,08
03,57.658466667,08
04,27.319533333,08
05,24.232883331,08
06,41.132200003,08
07,31.987383336,08
08,43.461933331,08
09,36.9226,08
10,53.223616668,08
11,53.879233335,08
12,78.041133338,08
13,44.746566671,08
14,34.666800002,08
15,3.5728333339999994,08
16,9.240949998,08
17,4.221733333999999,08
18,3.674150000999999,08
19,12.525383329999999,08
20,15.074933333999999,08
21,24.871016667,08
22,30.5639,08
23,38.218316668,08
00,43.609066665,09
01,61.942283338,09
02,58.917500004,09
03,45.782616664,09
04,22.770650004,09
05,22.909733333,09
06,23.48775,09
07,26.733066668,09
08,26.786233333,09
09,40.083433331,09
10,35.100200003,09
11,52.987683332,09
12,74.263149999,09
13,24.033100002999998,09
14,7.635633335,09
15,5.306883330999999,09
16,3.6180833329999995,09
17,20.292966665999998,09
18,6.0206666659999994,09
19,30.383833330999998,09
20,40.558716668,09
21,24.518583336,09
22,27.019333331,09
23,61.074416666,09
00,55.836199996,10
01,53.977883332,10
02,44.541950007000004,10
03,31.136366667,10
04,23.94415,10
05,27.262499998,10
06,36.674500001,10
07,27.913483333,10
08,23.759250000999998,10
09,25.382800004,10
10,19.514133332,10
11,23.519916663,10
12,50.476433335,10
13,56.763249997,10
14,59.536316664,10
15,19.757049996,10
16,17.463866668999998,10
17,17.919499999,10
18,19.532916668,10
19,37.74878333,10
20,47.649733336,10
21,41.336516669,10
22,42.540716663,10
23,56.205833332,10
00,27.215149998999998,11
01,26.970199995999998,11
02,40.548833332,11
03,47.0182,11
04,26.732499998999998,11
05,21.389383331999998,11
06,22.317783336999998,11
07,22.748799998,11
08,22.149100001,11
09,22.066050002999997,11
10,21.613849999,11
11,21.527083331,11
12,42.311233337,11
13,45.939549999,11
14,48.766216667,11
15,15.469116669,11
16,20.617683333,11
17,19.770399997,11
18,12.677283335999999,11
19,51.849666666,11
20,30.724066668,11
21,37.786733328,11
22,24.525533332,11
23,45.874833336,11
00,52.182233333,12
01,58.72353333,12
02,46.922050002,12
03,35.526599999,12
04,22.347233330999998,12
05,23.109566667,12
06,29.026466666999998,12
07,32.915266668,12
08,44.858933334999996,12
09,34.097266667999996,12
10,51.777566669,12
11,51.663133332,12
12,56.740633333,12
13,51.423566666999996,12
14,28.218800002,12
15,44.038283328,12
16,29.105966666,12
17,10.582433334,12
18,5.1966333339999995,12
19,7.905816664999999,12
20,16.127866664,12
21,17.237116667,12
22,28.140333333,12
23,52.413416669,12
00,49.401033331,13
01,46.41175,13
02,46.226583334,13
03,37.753833333,13
04,23.794316671,13
05,25.735833335,13
06,29.154216669,13
07,23.778466667,13
08,25.585916667,13
09,29.429416666999998,13
10,33.106883333,13
11,75.868016668,13
12,47.936266669,13
13,55.858666663,13
14,29.023433337,13
15,24.058516664,13
16,33.368150001,13
17,4.518050002999999,13
18,9.492016669,13
19,9.675300001,13
20,18.677466667,13
21,123.344966668,13
22,68.31755,13
23,37.78361667,13
00,75.572066667,14
01,72.744949998,14
02,60.880099996,14
03,23.507716664,14
04,23.973183331999998,14
05,23.269683336,14
06,27.02708333,14
07,26.822049999,14
08,23.878683332999998,14
09,30.238966666,14
10,48.877533335,14
11,29.983883331999998,14
12,74.2931,14
13,60.955983334,14
14,35.794799999,14
15,34.997683334,14
16,58.229099998,14
17,51.402416667,14
18,60.148950001,14
19,46.811233331,14
20,49.533199999,14
21,48.8943,14
22,91.012333332,14
23,89.473116666,14
00,96.955916668,15
01,74.397450001,15
02,80.493216665,15
03,73.154166666,15
04,66.940533336,15
05,40.864566669,15
06,42.279133333,15
07,43.465050002,15
08,50.510216669,15
09,51.510516667,15
10,64.184699997,15
11,76.221183334,15
12,58.761300001,15
13,25.128333333,15
14,24.744416668,15
15,23.650499997,15
16,25.919299998,15
17,41.107849997,15
18,27.772966666,15
19,41.075483334,15
20,41.469766667,15
21,64.038933331,15
22,62.884150002,15
23,51.263349997999995,15
00,69.2494,16
01,57.011883335,16
02,52.159033336,16
03,43.534099999,16
04,27.892366669,16
05,32.051733331,16
06,39.084450002,16
07,48.069633336,16
08,42.473550001,16
09,41.205066668,16
10,75.871666666,16
11,56.342466666,16
12,50.456216669,16
13,23.581633337,16
14,18.027049997,16
15,13.057483334,16
16,4.2655833329999995,16
17,6.677133333,16
18,6.988016665999999,16
19,10.595016668,16
20,18.345366666,16
21,30.162883332,16
22,71.249683331,16
23,57.956133336,16
00,49.694550002,17
01,78.532716666,17
02,107.583666671,17
03,80.29058333500001,17
04,42.552266667,17
05,35.277383336,17
06,29.965033333,17
07,28.398916663999998,17
08,24.250900000999998,17
09,45.861383336,17
10,49.051200001,17
11,63.716650001,17
12,39.822483334,17
13,19.410883333999998,17
14,9.07908333,17
15,5.057333334999999,17
16,7.791283332999999,17
17,29.981800001,17
18,33.715500002,17
19,17.873766662999998,17
20,26.747550002,17
21,41.292216669,17
22,55.864266667,17
23,49.191183331,17
00,50.357399996,18
01,63.902216663000004,18
02,67.151966665,18
03,32.561416666,18
04,31.615466664,18
05,39.626199996,18
06,44.802366666,18
07,63.315633331,18
08,49.850633332,18
09,39.0556,18
10,75.757900002,18
11,77.448933338,18
12,59.306883332,18
13,28.917416667999998,18
14,29.418866664,18
15,24.397133333,18
16,9.817633331,18
17,26.4952,18
18,68.227066665,18
19,57.753633336,18
20,22.514983333,18
21,38.612366666999996,18
22,63.880233332,18
23,153.143233334,18
00,136.047116669,19
01,175.897450003,19
02,99.802516669,19
03,96.663483335,19
04,27.081649999,19
05,37.758133330999996,19
06,36.293666666,19
07,42.429000001,19
08,45.107633332,19
09,47.257350002,19
10,43.049533337,19
11,64.707849999,19
12,76.747200002,19
13,43.717499996,19
14,28.91088333,19
15,23.214483333,19
16,64.411866665,19
17,18.32781667,19
18,21.007133331,19
19,38.170066669,19
20,18.522066665,19
21,40.089466663,19
22,33.191833333,19
23,42.579816665,19
00,59.453249997,20
01,61.981633335,20
02,61.366733333,20
03,30.705183334,20
04,42.916833334,20
05,51.368599998,20
06,57.855633331,20
07,44.752016669999996,20
08,53.474583331,20
09,50.979983337,20
10,56.459783331,20
11,60.493016663,20
12,69.5736,20
13,62.824750001,20
14,32.442716665,20
15,32.163633333,20
16,34.127400001,20
17,51.209533332,20
18,54.237066667,20
19,89.142633333,20
20,84.485916666,20
21,45.842366670000004,20
22,58.099349999,20
23,92.57528333,20
00,100.389533332,21
01,72.588566666,21
02,63.581950001,21
03,37.809233333,21
04,33.19741667,21
05,41.642866661,21
06,36.980966668,21
07,49.865516663,21
08,43.557749999,21
09,65.969416666,21
10,61.282266669,21
11,63.360250002,21
12,43.263699998999996,21
13,26.293616668,21
14,94.631066668,21
15,53.557016669,21
16,29.147449997,21
17,14.684283337,21
18,8.238733332999999,21
19,15.869550004999999,21
20,18.384516665,21
21,46.931033333,21
22,149.168633331,21
23,97.549366669,21
00,84.22511667,22
01,91.771499998,22
02,79.467783332,22
03,45.150133332,22
04,44.238633334,22
05,42.390183334999996,22
06,61.443100001,22
07,48.221616672,22
08,58.207949999,22
09,53.683883334,22
10,72.260249998,22
11,89.383733331,22
12,68.386449999,22
13,28.788233335999998,22
14,27.485016666,22
15,25.56601667,22
16,16.317949999,22
17,10.707583331999999,22
18,18.731733334999998,22
19,11.882700002,22
20,19.72836667,22
21,32.386116666999996,22
22,59.011116668,22
23,47.153666665,22
00,51.249816668,23
01,59.457883336,23
02,40.749933333,23
03,44.209933333,23
04,30.872750002,23
05,37.464549999999996,23
06,48.146966663,23
07,38.951950002,23
08,46.039933336,23
09,58.731850001,23
10,75.808249998,23
11,69.020983334,23
12,47.040816668,23
13,30.449350002,23
14,56.784816671,23
15,58.534549999,23
16,11.193783333999999,23
17,22.2477,23
18,17.498749999,23
19,16.544183329,23
20,28.667466667,23
21,31.406733333,23
22,33.107533335,23
23,37.514116669,23
00,46.615250002,24
01,97.882400002,24
02,96.479933331,24
03,38.353850002,24
04,33.53745,24
05,27.272299997999998,24
06,31.43365,24
07,39.032549998,24
08,41.720983336,24
09,43.688016667,24
10,71.988816669,24
11,69.449499997,24
12,51.806983334,24
13,30.714700001,24
14,15.057583335,24
15,6.431900000999999,24
16,6.9065833329999995,24
17,5.8140666659999996,24
18,2.9040999989999996,24
19,8.230133333,24
20,28.8386,24
21,35.654566667,24
22,55.273683334,24
23,52.304100003,24
00,54.992716666999996,25
01,60.626133336,25
02,59.498266667,25
03,40.520716664,25
04,30.451883334999998,25
05,40.968566665,25
06,49.867466669,25
07,38.414749998,25
08,44.542400001,25
09,57.269033333,25
10,65.95461666599999,25
11,74.002166666,25
12,47.589516664,25
13,31.639783334,25
14,32.615000001,25
15,37.730683331,25
16,38.296599998,25
17,50.718866672,25
18,17.951950003,25
19,41.649316665,25
20,30.666299999,25
21,25.094199999999997,25
22,42.374966669,25
23,52.211966668,25
00,80.517166667,26
01,75.408533335,26
02,39.936549999,26
03,31.303049998,26
04,35.914549997,26
05,40.59055,26
06,48.026683332,26
07,43.666816663,26
08,48.810999996,26
09,46.805449999,26
10,49.771283332,26
11,50.459649998,26
12,85.430416667,26
13,37.646916669,26
14,37.893000003,26
15,64.857933334,26
16,43.016749998,26
17,47.134366666,26
18,31.809600002,26
19,115.685366669,26
20,90.062316665,26
21,174.297433336,26
22,125.23665,26
23,105.853916667,26
00,80.702849999,27
01,62.016033334,27
02,63.819583335,27
03,80.869416666,27
04,64.49358333400001,27
05,30.284449999,27
06,34.421633337,27
07,33.000733334,27
08,29.400416671,27
09,31.312583335,27
10,34.309133334,27
11,57.8015,27
12,46.667183335,27
13,51.884466665,27
14,37.588666666,27
15,93.181533335,27
16,43.026550002,27
17,6.201016667999999,27
18,10.910933331999999,27
19,51.508383334,27
20,55.862616666,27
21,73.203983331,27
22,63.412366665,27
23,53.876099998,27
00,79.161116672,28
01,62.376900001,28
02,54.890716667,28
03,52.862183333,28
04,37.053450001,28
05,30.223616668,28
06,33.823616666,28
07,31.817616665,28
08,40.000016664,28
09,51.912733329,28
10,66.296283331,28
11,53.050850004000004,28
12,57.782833337,28
13,50.458300001,28
14,30.049766668,28
15,32.657999997,28
16,32.536716672,28
17,44.780500003,28
18,38.478583332,28
19,38.696533333,28
20,45.403966665,28
21,68.10695,28
22,90.975900001,28
23,121.176316668,28
00,98.373983334,29
01,107.96995,29
02,44.059150001,29
03,28.976250002,29
04,39.699750002,29
05,37.929916668,29
06,53.090833337,29
07,52.612149997,29
08,40.68495,29
09,51.700816669,29
10,72.887049998,29
11,60.805333335,29
12,64.706433335,29
13,31.863366664,29
14,60.303933332,29
15,57.367233336,29
16,37.51055,29
17,38.30753333,29
18,26.428266667,29
19,16.426716666,29
20,22.230233331,29
21,52.911649997,29
22,64.970916667,29
23,58.393649999,29
00,65.729449997,30
01,73.452016663,30
02,63.743999998,30
03,54.468250002,30
04,43.972483331999996,30
05,44.148700001,30
06,59.201633337,30
07,44.978400001,30
08,55.208600001,30
09,49.897899998,30
10,72.973550001,30
11,65.718516668,30
12,64.35345,30
13,29.041166665,30
14,27.003999999999998,30
15,12.586699998999999,30
16,15.67486667,30
17,9.933450001999999,30
18,11.02065,30
19,12.875716665999999,30
20,17.989733332,30
21,29.257766668,30
22,35.9008,30
23,45.341266667,30
00,76.531550002,31
01,92.983916667,31
02,99.251600001,31
03,44.839583329,31
04,30.346616662,31
05,38.094999997,31
06,48.281083334,31
07,34.775516668,31
08,37.238550002,31
09,43.552799997,31
10,63.500333332,31
11,72.666916665,31
12,45.913033332,31
13,21.711449996,31
14,19.467699999,31
15,24.997166662999998,31
16,33.274216665,31
17,33.452,31
18,16.674533334,31
19,31.827983331,31
20,78.066766663,31
21,75.267483334,31
22,43.456999998,31
23,46.156549999,31
00,54.668483337,01
01,51.28785,01
02,54.732083333,01
03,42.848633336,01
04,34.378966663,01
05,25.314150000999998,01
06,29.521083334,01
07,23.829616669,01
08,30.311083336,01
09,23.58145,01
10,29.596349998,01
11,62.686416668,01
12,71.281050003,01
13,61.851833334,01
14,26.450316671,01
15,24.630733335,01
16,37.965266664,01
17,32.832916666,01
18,25.832750003999998,01
19,28.662699999,01
20,19.318649996999998,01
21,28.020183335,01
22,25.723750001,01
23,35.520733331,01
00,54.378116667,02
01,54.520399998,02
02,43.472816667,02
03,26.492466668,02
04,31.049333335,02
05,25.572616663999998,02
06,30.635383332,02
07,27.546449999,02
08,27.615566666,02
09,31.754850004999998,02
10,32.902749997,02
11,41.164333332,02
12,49.707649999,02
13,48.958416669,02
14,46.491149998,02
15,40.247583337,02
16,38.389433337999996,02
17,36.467883332,02
18,48.278599995,02
19,99.842216663,02
20,97.098383332,02
21,34.409800002,02
22,41.867583334,02
23,48.944250002,02
00,60.2402,03
01,60.480616666,03
02,38.122383332,03
03,31.686716668,03
04,30.624666665,03
05,37.46313333,03
06,48.633483332,03
07,54.975799997,03
08,41.107166666,03
09,52.451700002,03
10,41.177883334,03
11,52.925966666,03
12,93.157883334,03
13,89.089716667,03
14,140.285500002,03
15,83.439283335,03
16,40.044033334,03
17,22.338516665,03
18,65.393650001,03
19,42.843550004,03
20,86.974983332,03
21,58.371716666,03
22,141.287466665,03
23,99.357049998,03
00,124.4567,04
01,89.80065,04
02,65.737383332,04
03,42.59265,04
04,47.460583334,04
05,55.9683,04
06,45.956566663,04
07,57.954883332,04
08,47.638883333,04
09,61.392616666,04
10,75.778516663,04
11,49.495950002,04
12,64.521616662,04
13,57.940899998,04
14,80.107566664,04
15,76.954016671,04
16,64.968533335,04
17,103.960999997,04
18,69.65998333499999,04
19,92.091916666,04
20,63.639533329,04
21,90.963749996,04
22,195.742283332,04
23,155.374550001,04
00,124.372866662,05
01,82.570650001,05
02,57.898699998,05
03,88.749966666,05
04,76.42433333299999,05
05,39.833833331,05
06,66.577733337,05
07,51.352799997,05
08,51.199150001,05
09,63.856466669999996,05
10,80.425233334,05
11,86.509999998,05
12,53.433016667000004,05
13,36.854949996,05
14,40.841933334,05
15,39.004899999,05
16,70.499600002,05
17,40.014199998,05
18,39.39525,05
19,48.612166665,05
20,32.71445,05
21,43.352816665,05
22,43.961466662999996,05
23,33.691249999,05
00,72.49205,06
01,67.494833337,06
02,66.85843333,06
03,37.43701667,06
04,41.835950002,06
05,55.659016668,06
06,54.123266668,06
07,44.074516666,06
08,53.833033332,06
09,49.371433336,06
10,75.064366668,06
11,71.083383334,06
12,56.049266669,06
13,20.669599998,06
14,32.621633332,06
15,6.719566667999999,06
16,22.072283334999998,06
17,12.990066667999999,06
18,18.614666664999998,06
19,27.443766669,06
20,38.942550003,06
21,31.776749999,06
22,59.051816667,06
23,45.386166667,06
00,70.038233336,07
01,72.300766665,07
02,65.819599999,07
03,65.359483333,07
04,28.779766669,07
05,34.503266663,07
06,38.808516665,07
07,44.460850002,07
08,38.873499996999996,07
09,51.740733335,07
10,52.743600003,07
11,75.23555,07
12,59.603316666,07
13,20.680699999999998,07
14,23.770466662,07
15,30.356349999,07
16,33.173483334,07
17,19.125983334,07
18,29.50295,07
19,52.264666667,07
20,60.978216665,07
21,56.740066666,07
22,47.267383332,07
23,35.657766668,07
00,56.689783333,08
01,69.318866667,08
02,42.659400002,08
03,31.312033333,08
04,30.474633332,08
05,27.132166666,08
06,34.143699999,08
07,36.766533329,08
08,45.497749999999996,08
09,34.159833335,08
10,66.850800001,08
11,69.386899999,08
12,47.288016665,08
13,17.4415,08
14,14.423016666,08
15,19.65398333,08
16,26.061466664999998,08
17,33.396516666,08
18,25.92335,08
19,29.714599999,08
20,50.249716668,08
21,52.510366666,08
22,66.290833333,08
23,48.350999998,08
00,45.560083331,09
01,52.724166665999995,09
02,31.443099995,09
03,35.148816664,09
04,40.430750001,09
05,41.845999997999996,09
06,59.005583335,09
07,38.719133336,09
08,43.473833334,09
09,50.739400001,09
10,43.622216669,09
11,54.971116665,09
12,76.810483332,09
13,50.500416667,09
14,49.268883331,09
15,6.929899998999999,09
16,32.519416668,09
17,42.33295,09
18,35.700883334,09
19,39.86505,09
20,41.961283334,09
21,61.315299998,09
22,61.954733337,09
23,77.29818333200001,09
00,75.509316666,10
01,82.927983332,10
02,47.667916667,10
03,50.146416669,10
04,29.444116668,10
05,40.276716661,10
06,54.936866662,10
07,37.369149996,10
08,54.755366667,10
09,38.815950001,10
10,56.927733334,10
11,45.183766672,10
12,62.52875,10
13,40.627916667,10
14,66.406416665,10
15,39.779850001,10
16,19.311699999,10
17,11.764783332,10
18,17.814316664,10
19,44.535816666,10
20,42.812666669,10
21,59.360683336,10
22,49.503716663,10
23,37.76585,10
00,58.244333335,11
01,43.379166665,11
02,56.455133331,11
03,59.625783331,11
04,49.543600004,11
05,25.751850001,11
06,29.070649999,11
07,38.210283331,11
08,46.927983333,11
09,33.854416665,11
10,64.695233335,11
11,50.298066668,11
12,55.894016671,11
13,76.021916665,11
14,67.767166664,11
15,61.378666665,11
16,62.2311,11
17,107.965183339,11
18,67.764383333,11
19,19.943399998,11
20,51.182383334,11
21,104.745499998,11
22,104.369849999,11
23,80.836500003,11
00,141.630283333,12
01,68.264749999,12
02,54.334950006,12
03,76.725916664,12
04,58.659600003,12
05,36.834283335,12
06,22.637383336,12
07,27.256083335,12
08,32.714716668,12
09,42.048800004,12
10,77.144283334,12
11,106.31486666800001,12
12,58.594616664,12
13,24.101800004999998,12
14,24.121099998,12
15,35.843999998,12
16,46.306633331,12
17,15.982416671,12
18,15.755533334999999,12
19,15.536533334,12
20,22.216199998,12
21,19.8273,12
22,43.23535,12
23,38.479133332,12
00,46.860533329,13
01,53.751316667,13
02,33.850699997,13
03,47.427666665,13
04,26.032166666,13
05,40.160583333,13
06,43.615283336,13
07,55.615166669,13
08,40.761416666,13
09,73.190566664,13
10,75.352599997,13
11,74.002316671,13
12,49.696800001,13
13,12.948750001,13
14,9.243749997999998,13
15,13.969683335,13
16,8.378666664999999,13
17,5.3729,13
18,5.440466668999999,13
19,3.629249999,13
20,16.493533333,13
21,15.658983334,13
22,37.553116662,13
23,107.285733334,13
00,85.537999993,14
01,77.519883335,14
02,68.050683336,14
03,49.470599997,14
04,29.408566671,14
05,25.160766662,14
06,26.594299998,14
07,24.252366673,14
08,24.18778333,14
09,56.931799997,14
10,53.294666664,14
11,95.080533333,14
12,41.801433332,14
13,17.43076667,14
14,18.744066663999998,14
15,22.220183329999998,14
16,21.355750002,14
17,7.207366663999999,14
18,49.490033332,14
19,54.735583334,14
20,50.3943,14
21,76.038200002,14
22,50.639933335,14
23,30.042216664999998,14
00,44.969683334,15
01,41.241333336000004,15
02,65.487533335,15
03,88.252983336,15
04,41.677366666,15
05,27.816966668,15
06,25.303983332999998,15
07,25.581616666,15
08,25.083916668,15
09,47.934333331,15
10,82.285066665,15
11,74.401799997,15
12,46.250149998,15
13,7.092849999999999,15
14,3.5584666669999994,15
15,19.102249996999998,15
16,19.584266667999998,15
17,8.276983336999999,15
18,5.144633335,15
19,5.357983329,15
20,13.664916666,15
21,21.705966667,15
22,27.37646667,15
23,25.020300003,15
00,26.766733334999998,16
01,26.943716665,16
02,23.841666664999998,16
03,26.841116665999998,16
04,27.228050002,16
05,23.796316662,16
06,24.425083333,16
07,26.019133329,16
08,23.766283333,16
09,24.095316663,16
10,31.3217,16
11,59.05656667,16
12,39.198499999,16
13,12.539183331,16
14,12.368216665999999,16
15,5.896483364999999,16
16,7.799099998999999,16
17,4.61718333,16
18,4.614633329999999,16
19,7.228316663999999,16
20,10.70755,16
21,16.4925,16
22,27.614349999999998,16
23,22.281350002,16
00,23.1615,17
01,24.984683333,17
02,31.228250001,17
03,47.390016669,17
04,23.209366664999997,17
05,25.45998333,17
06,25.208016667,17
07,21.677899998999997,17
08,24.613949996,17
09,24.425433336999998,17
10,33.928,17
11,55.580899998999996,17
12,46.623616664,17
13,17.211616668,17
14,12.646566667,17
15,12.956933331,17
16,6.12325,17
17,17.117966668,17
18,7.10113333,17
19,32.341516669,17
20,54.295599999,17
21,46.310233333,17
22,96.560233334,17
23,28.09805,17
00,43.177499999,18
01,53.2351,18
02,68.874766667,18
03,59.797116666,18
04,21.237483334,18
05,30.245833338,18
06,30.724066665,18
07,22.992500001,18
08,27.216400001,18
09,21.748300003,18
10,28.560100002,18
11,26.214266669,18
12,49.933100001,18
13,94.877916667,18
14,57.389983332,18
15,25.552349996,18
16,16.911516665,18
17,7.396633334,18
18,25.094116666,18
19,17.650766672,18
20,20.820666666,18
21,29.057616664999998,18
22,39.575466665,18
23,48.50186667,18
00,83.968316667,19
01,181.971233327,19
02,64.321300003,19
03,53.206283333,19
04,70.951099998,19
05,54.906683333,19
06,37.072333336,19
07,21.869466664,19
08,28.099516665,19
09,26.416599996,19
10,20.403666668,19
11,55.694966663,19
12,37.878783332,19
13,20.573666666,19
14,25.868066667,19
15,21.591016665999998,19
16,15.159266667999999,19
17,6.611649999999999,19
18,6.160166663,19
19,11.579516666,19
20,19.100083333,19
21,22.023183336,19
22,39.237600001,19
23,30.192549996,19
00,41.373666668,20
01,46.607966665,20
02,54.587066666,20
03,63.221233334,20
04,50.551733333,20
05,31.386416665,20
06,28.609333333,20
07,26.072583332999997,20
08,22.912683334,20
09,21.859266664,20
10,21.6149,20
11,46.173000003,20
12,27.751849998,20
13,8.168483333,20
14,2.7122999989999994,20
15,11.037249999,20
16,21.368416664999998,20
17,2.1364166689999995,20
18,5.508133332999999,20
19,3.6418833339999996,20
20,14.962233333999999,20
21,16.55755,20
22,27.187200003,20
23,23.575416665,20
00,39.479400003,21
01,53.870800003,21
02,36.905883332,21
03,24.900966667,21
04,23.755716664999998,21
05,21.680816663999998,21
06,21.838716668,21
07,23.997633334,21
08,25.919483334,21
09,21.737666666,21
10,27.949216666999998,21
11,48.542450001,21
12,46.102866669,21
13,7.479166669,21
14,4.474733338999999,21
15,4.679066667,21
16,17.905733332,21
17,13.982866669,21
18,27.963233330999998,21
19,29.659599999,21
20,17.066833335,21
21,19.063000001,21
22,36.890250003,21
23,29.171033336,21
00,27.062266665,22
01,45.494466666,22
02,53.335233332,22
03,32.358683333,22
04,32.537066665,22
05,27.262699997,22
06,22.802433332,22
07,23.87035,22
08,20.27675,22
09,26.410416665,22
10,20.880950003,22
11,52.206349999,22
12,36.459283335,22
13,18.262866667,22
14,9.276500001999999,22
15,4.433333331999999,22
16,12.131883335,22
17,16.003283335,22
18,28.655349995999998,22
19,52.706783333,22
20,48.252533332999995,22
21,52.512100003,22
22,45.96375,22
23,35.948883337,22
00,58.626799999,23
01,73.360083331,23
02,58.235600002,23
03,47.999800001,23
04,34.89285,23
05,27.52735,23
06,26.839316668,23
07,33.383183332,23
08,29.010483333,23
09,49.6484,23
10,32.790400002,23
11,28.074533334999998,23
12,22.6214,23
13,20.040400001,23
14,22.017783335,23
15,26.137500001,23
16,49.543883330999996,23
17,25.469333334999998,23
18,6.036550002999999,23
19,4.950049999,23
20,13.568700002,23
21,22.905116667999998,23
22,26.10325,23
23,26.362616663,23
00,27.733833334,24
01,29.598933337,24
02,47.336683332999996,24
03,41.414666667,24
04,28.937333331999998,24
05,28.161833333,24
06,27.813333331,24
07,26.181033333,24
08,27.63535,24
09,30.228633333999998,24
10,28.643883333999998,24
11,41.974183333,24
12,53.946933333,24
13,62.163133333,24
14,31.004450004,24
15,9.202833335,24
16,8.105983332,24
17,3.5581666689999984,24
18,11.338900004,24
19,25.526300001,24
20,21.985083334,24
21,24.572349998,24
22,46.753516665,24
23,59.087166665,24
00,51.565800004,25
01,50.205183336,25
02,42.849716664,25
03,35.748049998,25
04,23.405416666,25
05,21.945233339,25
06,24.149699998,25
07,24.474116667,25
08,23.561516665,25
09,23.360783337,25
10,26.865383333,25
11,30.606349999,25
12,36.001083336,25
13,45.832283333,25
14,87.901783333,25
15,86.091750001,25
16,16.20205,25
17,25.800383336,25
18,28.67408333,25
19,18.076500002,25
20,21.272100001,25
21,27.938933331999998,25
22,222.452083333,25
23,88.513050002,25
00,145.538866667,26
01,57.69458333,26
02,48.940283334,26
03,63.940649999,26
04,56.460549995,26
05,30.730666667,26
06,21.165733333,26
07,22.613099998,26
08,21.450416667,26
09,21.953799999999998,26
10,42.831866667,26
11,67.461066666,26
12,35.886866667999996,26
13,33.613366667,26
14,35.895183331,26
15,32.702416665,26
16,43.338600002,26
17,27.719766672,26
18,28.126366667,26
19,40.7847,26
20,45.755183333,26
21,52.975333333,26
22,60.700966664,26
23,46.353966669,26
00,46.851383332,27
01,49.266216666,27
02,37.607633332,27
03,32.970616669,27
04,24.099100002,27
05,37.64541667,27
06,34.582883335,27
07,41.765866666,27
08,41.988666668,27
09,41.06195,27
10,65.875383337,27
11,81.891933333,27
12,54.670350001,27
13,33.235333329,27
14,12.674583339,27
15,9.280616665,27
16,7.133816662999999,27
17,5.840066669,27
18,6.025833333,27
19,5.873050001999999,27
20,7.378050001999999,27
21,11.762216669999999,27
22,40.380333334,27
23,29.538983332999997,27
00,32.004233335,28
01,51.434300001,28
02,39.061266667,28
03,22.680266661,28
04,25.184316667,28
05,19.157916664,28
06,24.85123333,28
07,21.371616664999998,28
08,20.983766667999998,28
09,35.830166668,28
10,53.970450002,28
11,35.742033334,28
12,24.862183331,28
13,17.26451667,28
14,40.355733330999996,28
15,107.234716668,28
16,76.255616663,28
17,52.943483334,28
18,6.979116663999999,28
19,24.072349999,28
20,23.153333332,28
21,25.701666666999998,28
22,61.065399998000004,28
23,42.447866667,28
00,42.772749999,29
01,36.568516668,29
02,62.680350002,29
03,76.445916667,29
04,52.21021667,29
05,23.057966667,29
06,21.738,29
07,22.985983331,29
08,20.256316666,29
09,31.742049999,29
10,47.769666666,29
11,56.673416668,29
12,41.989483333,29
13,30.656549999,29
14,43.497116665,29
15,55.367383331,29
16,8.791566663,29
17,8.671833332999999,29
18,15.285733334,29
19,52.639366666,29
20,57.461183334,29
21,58.112783335,29
22,40.843983333,29
23,28.940649997999998,29
00,36.270466668,30
01,56.242283332,30
02,40.895349997,30
03,55.015716667,30
04,50.583316668,30
05,24.946349996,30
06,22.024366668,30
07,26.488916667999998,30
08,25.328749996,30
09,24.350500002,30
10,57.797033333,30
11,70.315333335,30
12,46.674783331,30
13,21.278716665,30
14,11.451200001999998,30
15,22.488883333,30
16,13.037516666999998,30
17,21.207266666,30
18,41.623666667,30
19,39.836483336,30
20,36.503583337,30
21,34.072883336000004,30
22,32.380583334,30
23,174.958516667,30
00,164.623799999,01
01,60.087849999999996,01
02,51.613466665,01
03,23.168999999,01
04,29.678916665,01
05,28.521333332999998,01
06,37.656799999,01
07,21.598733329999998,01
08,23.474766669,01
09,26.835866668999998,01
10,32.085733335,01
11,53.318266670999996,01
12,80.479983334,01
13,59.373016665,01
14,78.663033331,01
15,27.172866665,01
16,27.204316666,01
17,27.881266666,01
18,57.281466668,01
19,75.618983331,01
20,96.15980000100001,01
21,62.261900001,01
22,82.014166669,01
23,49.908383332,01
00,28.220249999,02
01,65.875833331,02
02,55.772533333,02
03,24.128766665,02
04,26.005766666,02
05,29.085550000999998,02
06,38.191633336,02
07,33.575350001,02
08,42.0874,02
09,37.7842,02
10,67.174283328,02
11,28.792099997,02
12,54.5006,02
13,49.113566669,02
14,82.492516666,02
15,62.718133333,02
16,38.238133331,02
17,41.092683330999996,02
18,52.814500004,02
19,53.192016667,02
20,30.72945,02
21,74.717116666,02
22,102.871349999,02
23,70.865683337,02
00,67.950833333,03
01,51.32553333,03
02,87.204583333,03
03,63.461466666,03
04,33.976016668999996,03
05,18.979066663999998,03
06,21.273366668,03
07,26.757499997,03
08,24.223750004,03
09,35.662249998,03
10,47.307666667,03
11,63.610249996,03
12,44.920033333,03
13,26.679233334,03
14,19.857083335,03
15,29.432916669,03
16,28.072133334,03
17,22.581416666,03
18,22.430099999,03
19,19.906599998,03
20,30.956133334,03
21,47.230033331,03
22,49.977116666,03
23,38.2469,03
00,35.981916665,04
01,44.628316667,04
02,55.248950001,04
03,34.410699998,04
04,20.647300000999998,04
05,21.971349996,04
06,20.720983334,04
07,29.995116666999998,04
08,30.735833334,04
09,41.872833336,04
10,57.001716667,04
11,52.874133335,04
12,42.483933330999996,04
13,21.578266665999998,04
14,24.402966666999998,04
15,56.069216665,04
16,41.560683334,04
17,44.020216665,04
18,22.004600001,04
19,22.094766669,04
20,34.287700005,04
21,56.152933335,04
22,75.395216667,04
23,67.717683336,04
00,60.590833329,05
01,66.870466668,05
02,34.350316666,05
03,23.269099999999998,05
04,22.7849,05
05,23.137633335,05
06,26.604183328999998,05
07,53.831366668,05
08,45.363449999000004,05
09,33.993933333,05
10,64.448116666,05
11,55.71955,05
12,53.219583333,05
13,24.447149999,05
14,19.550450001,05
15,22.594133331,05
16,34.575500001,05
17,31.896883331999998,05
18,47.488316667,05
19,47.718400004,05
20,16.935716667,05
21,68.164966665,05
22,58.828833335,05
23,36.863233334,05
00,54.916950004,06
01,62.288916666,06
02,61.461800003,06
03,36.306150002,06
04,27.051833336999998,06
05,26.663833335,06
06,26.940933334,06
07,35.850933329,06
08,37.927216662999996,06
09,44.558366665,06
10,79.434516664,06
11,59.202616667,06
12,49.778833335,06
13,10.125816666999999,06
14,11.837433334,06
15,40.965816671,06
16,40.488616667,06
17,45.183749997999996,06
18,83.536983335,06
19,67.924883335,06
20,51.595766664,06
21,64.02771667,06
22,68.353300001,06
23,27.231066667,06
00,31.998650001999998,07
01,27.174216668,07
02,57.854116665999996,07
03,42.571533336,07
04,25.567499997,07
05,25.456950002,07
06,24.875849998,07
07,23.153533333,07
08,29.906400000999998,07
09,31.457000002,07
10,44.060733336,07
11,80.358733333,07
12,53.832433333,07
13,69.868716665,07
14,60.841633335000004,07
15,61.019483335,07
16,60.932449999,07
17,53.316083331,07
18,32.869083334,07
19,38.687733328,07
20,93.106816665,07
21,109.127933336,07
22,63.904883334,07
23,55.060133330999996,07
00,72.86140000099999,08
01,58.819616666,08
02,53.477333336,08
03,26.07565,08
04,24.413366664999998,08
05,20.069116665,08
06,25.332433334999997,08
07,22.135866666,08
08,20.82716667,08
09,27.555716666,08
10,17.831383333999998,08
11,39.529549999,08
12,45.612899997999996,08
13,50.3294,08
14,47.870916667,08
15,45.372516667,08
16,32.169966667,08
17,11.714066666999999,08
18,71.953883334,08
19,57.876200001,08
20,52.283133334,08
21,78.967033334,08
22,199.091416665,08
23,188.875049994,08
00,66.700633333,09
01,56.715816665,09
02,60.174516667,09
03,35.240966666,09
04,20.965516666,09
05,24.249499998,09
06,26.467749996,09
07,21.052933336,09
08,28.762333334,09
09,24.539333335,09
10,59.373683335,09
11,39.566783336,09
12,42.404016668,09
13,25.744416668,09
14,38.929716666,09
15,16.844449999,09
16,31.182599995,09
17,36.709349999,09
18,63.777916667,09
19,12.217949999999998,09
20,13.167100003,09
21,32.880933335,09
22,77.687149997,09
23,161.250766666,09
00,221.413799999,10
01,110.529816665,10
02,59.370933334,10
03,54.322316668,10
04,23.575316666,10
05,23.571533331999998,10
06,25.676683333,10
07,21.32256667,10
08,22.544533334,10
09,32.014666667,10
10,54.20425,10
11,54.462249999,10
12,43.156283334,10
13,11.010099999,10
14,37.883483335,10
15,25.689850001,10
16,25.150266665,10
17,7.633983332999999,10
18,7.8159333349999995,10
19,16.913766669,10
20,8.365033331,10
21,22.374716665999998,10
22,41.624466668000004,10
23,31.182949995999998,10
00,29.745116670999998,11
01,28.567800002,11
02,49.858100005,11
03,33.727033332,11
04,21.008733335,11
05,22.74175,11
06,24.158050003,11
07,25.316249998,11
08,26.214866665,11
09,22.429066672999998,11
10,26.15735,11
11,50.694416665,11
12,23.901083333,11
13,4.9458833329999985,11
14,4.630316665,11
15,4.466949998,11
16,1.9021833349999995,11
17,5.595116668999999,11
18,4.201450001999999,11
19,7.1477166699999986,11
20,9.221416667,11
21,20.398466662,11
22,30.598666667,11
23,22.476733334,11
00,36.001816663999996,12
01,52.968766671,12
02,35.423449998,12
03,22.102516666,12
04,24.483450002999998,12
05,21.975133334,12
06,34.145183335,12
07,20.555433334,12
08,27.432033331,12
09,20.423100001999998,12
10,33.883783336,12
11,73.28201667,12
12,52.660483332,12
13,13.642283334,12
14,6.348216668999999,12
15,4.678550003999999,12
16,20.889233332,12
17,8.57126667,12
18,10.248266667,12
19,32.905833332,12
20,44.200550002,12
21,38.723933338,12
22,45.0886,12
23,49.017333334,12
00,48.452466666,13
01,80.662033334,13
02,56.787900001,13
03,65.757266672,13
04,28.636916667999998,13
05,29.210650000999998,13
06,28.808150002,13
07,26.684099996999997,13
08,27.107399997999998,13
09,25.756099997,13
10,41.412033334,13
11,91.768283332,13
12,69.563516666,13
13,100.338099997,13
14,154.627633334,13
15,34.573100001,13
16,27.692400001,13
17,52.427666664,13
18,57.279466668,13
19,28.472650000999998,13
20,25.313466665,13
21,24.641533332999998,13
22,22.642750002,13
23,28.391899999,13
00,23.780949999,14
01,34.566466665,14
02,24.018016666999998,14
03,31.476649998,14
04,27.309016661999998,14
05,24.288149997,14
06,26.754766662999998,14
07,22.903016666,14
08,30.024166666,14
09,19.763433334,14
10,30.258599999999998,14
11,26.083533334,14
12,17.031766665,14
13,6.379083332999999,14
14,4.834066664999999,14
15,7.074033330999999,14
16,7.615466666,14
17,10.871100000999999,14
18,10.337183333,14
19,18.515250001,14
20,16.686050005,14
21,25.968016667,14
22,18.493550003,14
23,27.461999999,14
00,21.372183332,15
01,26.943199998999997,15
02,23.106933334,15
03,48.19391667,15
04,33.319300003,15
05,33.900849998,15
06,28.778266664,15
07,29.415016666,15
08,24.93955,15
09,28.426050002,15
10,21.493133336,15
11,20.061716671,15
12,15.908283334999998,15
13,6.265266668999999,15
14,17.635633334999998,15
15,7.637383331999999,15
16,8.556016663,15
17,62.911350001,15
18,41.608866668,15
19,48.141400002,15
20,60.960316667,15
21,70.531900002,15
22,59.704450001,15
23,89.690883335,15
00,192.674683331,16
01,101.808599997,16
02,80.525983335,16
03,51.5708,16
04,30.968233335,16
05,30.535133333999998,16
06,52.338349999,16
07,42.049216664,16
08,38.344566666,16
09,53.168749999999996,16
10,70.246166666,16
11,60.655316671,16
12,38.466316666,16
13,38.678150002,16
14,113.523399997,16
15,107.98845,16
16,73.954333333,16
17,17.905549999999998,16
18,8.96055,16
19,0.048,16
20,28.582149997,16
21,58.430933334,16
22,106.080400001,16
23,148.597433333,16
00,61.485616662,17
01,94.121333334,17
02,86.07236666600001,17
03,47.664283328,17
04,30.646150001,17
05,22.157749998,17
06,26.340233333,17
07,29.72215,17
08,29.326733333,17
09,34.975499998,17
10,56.932083335,17
11,68.830283335,17
12,46.367416667,17
13,30.790050001,17
14,21.239899997,17
15,11.089533331,17
16,13.162116668,17
17,15.884816666999999,17
18,26.054916667,17
19,14.904233332999999,17
20,17.038433335999997,17
21,17.666349999,17
22,43.35225,17
23,43.282949998,17
00,42.516900003,18
01,42.909366664,18
02,105.945466668,18
03,74.0836,18
04,47.983616669,18
05,25.148833331,18
06,20.229599998999998,18
07,32.806166667,18
08,22.317700004,18
09,23.897500001,18
10,43.447050002,18
11,45.929866671,18
12,47.591716670000004,18
13,41.494200002,18
14,17.447700001,18
15,62.106966668,18
16,43.574816667,18
17,4.419016666999999,18
18,5.746766665999999,18
19,11.302383334,18
20,20.016583333,18
21,42.135816663,18
22,56.436883332,18
23,64.618549999,18
00,59.0337,19
01,63.540383331,19
02,48.275250002,19
03,52.51395,19
04,29.467133334,19
05,24.937666673,19
06,26.085533332999997,19
07,28.145300005,19
08,22.211533332,19
09,26.176616666,19
10,22.811433335,19
11,47.629366668,19
12,46.231366674,19
13,16.976983331,19
14,11.343349998999999,19
15,13.65873333,19
16,13.209616665,19
17,5.421700001,19
18,15.970449998,19
19,12.282066667999999,19
20,13.589366670999999,19
21,25.543350001,19
22,43.956633331,19
23,49.24495,19
00,72.81895,20
01,67.852416666,20
02,56.314999999,20
03,42.61491667,20
04,31.142816665999998,20
05,28.52003333,20
06,27.425233339,20
07,30.635800001,20
08,28.874466672,20
09,26.610383335999998,20
10,35.048383335,20
11,48.104300001,20
12,30.459849997,20
13,22.70236667,20
14,25.348283332999998,20
15,49.62445,20
16,23.275816668,20
17,16.094316664999997,20
18,7.726749998,20
19,50.191983331,20
20,47.587466665,20
21,23.422099997,20
22,24.489416667,20
23,21.123916665,20
00,28.722383332,21
01,29.861100003,21
02,43.53975,21
03,29.5773,21
04,21.229033331,21
05,31.760866664999998,21
06,25.183700003,21
07,23.285016666,21
08,26.795100001999998,21
09,22.196483329,21
10,24.198049999,21
11,21.869533331,21
12,17.931766664999998,21
13,18.992066665,21
14,16.926333337,21
15,15.647483334999999,21
16,15.736749999999999,21
17,13.804900001,21
18,7.776950002999999,21
19,18.356150001,21
20,27.152216668,21
21,17.268899996,21
22,21.933616666,21
23,28.751166669,21
00,20.044133332,22
01,24.164933335,22
02,25.090783335,22
03,20.812166666,22
04,23.721350001999998,22
05,26.608649997,22
06,27.332350005,22
07,24.688450003,22
08,26.142366666,22
09,20.016183335,22
10,22.924799997999997,22
11,21.276833334,22
12,16.216049997,22
13,21.571049999,22
14,19.566716662,22
15,8.290850000999999,22
16,11.736166669,22
17,5.739016664999999,22
18,5.151216664999999,22
19,13.163549999999999,22
20,11.232933332,22
21,13.601950001999999,22
22,24.966233336,22
23,29.638733333,22
00,54.479350001,23
01,59.66121667,23
02,31.666533333,23
03,27.679649999,23
04,26.084016667,23
05,23.800183335,23
06,27.465199999,23
07,26.229683334,23
08,30.690883335,23
09,44.170983333,23
10,50.281549997,23
11,48.84745,23
12,30.451916666,23
13,25.356783333,23
14,20.00385,23
15,11.085166669,23
16,38.656166668,23
17,9.855816669,23
18,11.602683335,23
19,22.165899998,23
20,16.870016668999998,23
21,30.003500004,23
22,45.004050001,23
23,38.923799996999996,23
00,55.095216664,24
01,87.420283332,24
02,56.709683331,24
03,85.64556667000001,24
04,61.111966666,24
05,27.114650000999998,24
06,24.307199999999998,24
07,51.038483336,24
08,26.960283333,24
09,25.961283333,24
10,21.363166665999998,24
11,21.956366661,24
12,21.596800001,24
13,22.620383332,24
14,23.109133333,24
15,16.715699997999998,24
16,16.735933332,24
17,20.519100000999998,24
18,15.251566666999999,24
19,18.432199997999998,24
20,17.661850001999998,24
21,22.648049998999998,24
22,25.355300001,24
23,22.475383333,24
00,32.441149999,25
01,29.726533338,25
02,36.108399999,25
03,22.001399999,25
04,20.156766662,25
05,25.132650001,25
06,23.557183337999998,25
07,30.311666669,25
08,25.679833334999998,25
09,18.755916665,25
10,28.041649997,25
11,19.174416668,25
12,16.208583334,25
13,9.394399997999999,25
14,2.672333331999999,25
15,3.9651999969999996,25
16,5.251066666999999,25
17,3.4078999999999993,25
18,4.388066668,25
19,10.325066667,25
20,10.689450003,25
21,19.712400003,25
22,15.992333333,25
23,28.742783334,25
00,27.689449998,26
01,39.498533331,26
02,20.143516667,26
03,21.482700000999998,26
04,23.338899999,26
05,18.160966666,26
06,22.849033334,26
07,21.334866666,26
08,23.684666669,26
09,27.323616664,26
10,16.718266668,26
11,23.165233331,26
12,18.044983334999998,26
13,10.472566667999999,26
14,5.803366666,26
15,4.1312166669999995,26
16,14.248566664,26
17,8.193933331999999,26
18,11.414,26
19,16.562683332,26
20,13.125383331,26
21,22.671650002,26
22,25.863616664,26
23,22.423566666,26
00,24.990450001,27
01,26.147649998,27
02,23.233633336,27
03,21.59151667,27
04,19.886966669,27
05,35.612016664,27
06,23.031516671,27
07,26.220666668,27
08,28.628,27
09,23.951699999,27
10,22.402416663,27
11,19.045583336,27
12,17.666200002,27
13,10.317783334,27
14,16.176133331,27
15,21.563933328999997,27
16,5.666933337,27
17,16.864816668,27
18,14.465400004,27
19,11.249016666,27
20,16.780150001,27
21,23.634750001,27
22,23.498250001,27
23,23.798133336,27
00,31.168083337,28
01,23.325983334,28
02,19.202133337,28
03,28.956766667,28
04,26.598483336,28
05,25.911633334,28
06,32.533816668,28
07,21.210433333999998,28
08,26.054700002,28
09,24.175849999,28
10,21.185300001999998,28
11,20.651666664,28
12,24.670883333,28
13,17.122683332999998,28
14,3.6461333329999994,28
15,4.961583331,28
16,10.342316666999999,28
17,8.283500001,28
18,10.971533333999998,28
19,10.701716669,28
20,16.412800001,28
21,19.235766665,28
22,26.773383330999998,28
23,28.323350000999998,28
00,21.540550002,29
01,33.644333333,29
02,22.952949996999997,29
03,24.90728333,29
04,20.625716669,29
05,33.917633332,29
06,27.531516669,29
07,26.667399998,29
08,32.834133334,29
09,20.142016665,29
10,27.106700003,29
11,27.410949999,29
12,18.115733331999998,29
13,13.016766663999999,29
14,10.486716662,29
15,9.284033335,29
16,5.988300000999999,29
17,11.165800003,29
18,29.638183331999997,29
19,18.635599998,29
20,15.244383334999998,29
21,22.959850002,29
22,24.542750004,29
23,24.946883334,29
00,31.047050004,30
01,24.857383333999998,30
02,24.663250001999998,30
03,30.785766669,30
04,18.840449999,30
05,26.847283332,30
06,29.037366666,30
07,30.210466664,30
08,28.666716668,30
09,21.751783331,30
10,30.641699996999996,30
11,22.135716668,30
12,24.600816663,30
13,21.217333335,30
14,15.152983335,30
15,7.807100000999999,30
16,10.155316671,30
17,6.169616662999999,30
18,9.654566662999999,30
19,16.167599999,30
20,17.553716667,30
21,17.937016666999998,30
22,25.382300004,30
23,28.570900001,30
00,24.93286667,31
01,25.531016666,31
02,30.443450004,31
03,23.750716663,31
04,18.802050000999998,31
05,25.672399999,31
06,29.400183332999998,31
07,30.497116669,31
08,25.556150001,31
09,29.739416668,31
10,24.455316663999998,31
11,17.052433333,31
12,28.1941,31
13,8.255650002,31
14,4.008266668999999,31
15,8.613383335,31
16,4.621549998999999,31
17,8.936283332999999,31
18,7.776383334999999,31
19,27.040666668,31
20,10.827883334,31
21,18.572066667999998,31
22,31.392300003,31
23,33.240483335,31
00,74.495433332,01
01,65.36885,01
02,61.739166668,01
03,31.908183331,01
04,23.47246667,01
05,29.936883333,01
06,20.152050001,01
07,32.168899995,01
08,31.206100002,01
09,26.655633335999998,01
10,52.14185,01
11,68.625366668,01
12,37.881016666,01
13,9.892716665999998,01
14,22.007566667,01
15,4.128316667999999,01
16,3.4069666649999992,01
17,6.157400001999999,01
18,12.904383338999999,01
19,9.003316667,01
20,12.412550004,01
21,25.848550001,01
22,30.844333330999998,01
23,39.018583333,01
00,70.163083336,02
01,75.17825,02
02,72.393083334,02
03,57.198533332000004,02
04,20.004316665,02
05,33.235750002,02
06,19.130583336,02
07,28.392633331,02
08,27.813616668,02
09,23.024733334,02
10,26.283766667,02
11,40.474299998,02
12,49.984816668,02
13,16.335416666,02
14,11.763849999,02
15,8.137816665999999,02
16,7.945949997999999,02
17,13.044033333999998,02
18,6.723883335,02
19,18.432249997,02
20,11.896199999999999,02
21,28.662766661,02
22,31.692116672,02
23,35.517700005,02
00,29.907499998,03
01,48.25235,03
02,54.692066667,03
03,63.753100003,03
04,54.314450003,03
05,33.066666667999996,03
06,29.030016664999998,03
07,24.883700000999998,03
08,25.488966662,03
09,22.076799999,03
10,26.885666665,03
11,40.223366664000004,03
12,44.140149998,03
13,24.459166665999998,03
14,31.163100003,03
15,29.291266663,03
16,47.078416666,03
17,37.431650003,03
18,15.773116666,03
19,14.181716664,03
20,24.016716669,03
21,20.623433334999998,03
22,32.759033332,03
23,24.568849997999997,03
00,34.175066666,04
01,52.484266667,04
02,35.224333332,04
03,27.483233332999998,04
04,41.590333334,04
05,30.724966667,04
06,18.700416668,04
07,28.845933333,04
08,20.32455,04
09,26.972833333,04
10,24.175766666999998,04
11,24.144683333,04
12,36.62885,04
13,34.552966667999996,04
14,44.418633334,04
15,34.698699997,04
16,40.922150004,04
17,30.133550003,04
18,16.558283336,04
19,85.131899999,04
20,94.125916665,04
21,67.386683333,04
22,70.123566668,04
23,66.6549,04
00,144.126066665,05
01,104.903049999,05
02,96.638350001,05
03,87.6382,05
04,57.348633336,05
05,33.94781667,05
06,22.677733333,05
07,30.520850003,05
08,30.624049999,05
09,22.760633331999998,05
10,25.682150003,05
11,22.648133336,05
12,20.720900001,05
13,53.589949999,05
14,33.563899997,05
15,36.904733334,05
16,55.133550001,05
17,76.090316664,05
18,80.11044999799999,05
19,56.711566667,05
20,61.849383332,05
21,142.333733333,05
22,136.620400001,05
23,65.702499995,05
00,74.461050003,06
01,73.733883334,06
02,56.986816666,06
03,87.35885,06
04,62.276449999,06
05,30.432050003,06
06,26.090683331999998,06
07,25.7195,06
08,26.851133334,06
09,29.983733334,06
10,29.44278333,06
11,52.55576667,06
12,41.520599996,06
13,38.530766668,06
14,19.56495,06
15,6.3203499999999995,06
16,30.152683334,06
17,30.638116667,06
18,16.686116663,06
19,10.92128333,06
20,14.869066663999998,06
21,44.049966669,06
22,60.243016666,06
23,95.330250003,06
00,47.375583332,07
01,58.836666667,07
02,54.147266665000004,07
03,89.699049997,07
04,58.05295,07
05,25.862283334,07
06,22.487200000999998,07
07,23.284083337,07
08,22.750533333,07
09,22.005666669,07
10,22.829099998,07
11,45.655383333,07
12,45.6113,07
13,23.726800002999997,07
14,8.182083332,07
15,34.564600001,07
16,15.723283337,07
17,8.001683335,07
18,14.060066669,07
19,29.193783336,07
20,15.919333332999999,07
21,23.750583332999998,07
22,58.451283332,07
23,64.855283333,07
00,55.388716668,08
01,57.620883336,08
02,58.043299998,08
03,51.262450001,08
04,26.597966661999997,08
05,27.465916663999998,08
06,27.677349999,08
07,20.068749997,08
08,30.603316664,08
09,20.482050004999998,08
10,25.286283335,08
11,42.176950001,08
12,37.506166663,08
13,32.101066667,08
14,41.446016669,08
15,66.223416664,08
16,29.216033333,08
17,46.740750001,08
18,38.039833335,08
19,17.777599998,08
20,15.587883329999999,08
21,43.74621667,08
22,51.473383335,08
23,41.428000001,08
00,55.28203333,09
01,80.111966669,09
02,42.414400002,09
03,38.017483335,09
04,30.270066667,09
05,23.044949999,09
06,27.656166666,09
07,21.219816667,09
08,25.108800001,09
09,23.932983335,09
10,19.951583332,09
11,41.981483331999996,09
12,42.275883336,09
13,21.519133332,09
14,4.991416667999999,09
15,5.605066665999999,09
16,17.62795,09
17,31.7825,09
18,38.638749998,09
19,63.1549,09
20,30.061333334,09
21,35.722533335,09
22,39.122600006,09
23,28.520716665,09
00,43.540400001,10
01,42.803216668,10
02,38.831566667,10
03,32.540266668,10
04,28.012566665999998,10
05,28.211483334,10
06,43.725783332,10
07,21.028650003,10
08,18.437116665999998,10
09,23.546516667,10
10,41.057049999,10
11,61.786733332,10
12,46.312783329,10
13,11.002116661999999,10
14,10.11,10
15,35.014183333,10
16,14.112500032,10
17,4.633316665999999,10
18,5.572116663999999,10
19,73.542683332,10
20,37.817266666,10
21,16.535700002,10
22,25.417550002,10
23,21.159450001,10
00,26.374233333,11
01,23.215933335,11
02,24.260066666,11
03,27.285716669,11
04,21.349500001,11
05,26.196633335999998,11
06,19.44051667,11
07,25.804816666999997,11
08,20.911716665,11
09,23.336616664999998,11
10,26.150949999999998,11
11,20.690216668999998,11
12,18.71895,11
13,10.542566665999999,11
14,16.575016667,11
15,19.140750001,11
16,19.598900001,11
17,27.97995,11
18,15.912650002,11
19,11.139516665999999,11
20,18.279500004,11
21,17.171733336,11
22,19.757950000999998,11
23,29.458316664999998,11
00,19.474516665,12
01,22.283149998,12
02,21.252583334,12
03,20.141816671,12
04,24.288783333999998,12
05,18.9403,12
06,28.742233335999998,12
07,24.074583335,12
08,19.098099998,12
09,22.65925,12
10,18.358649999,12
11,17.067983332,12
12,19.840066667,12
13,7.204583334999999,12
14,9.898983332999999,12
15,8.103366667,12
16,4.882066698999999,12
17,8.345200001999999,12
18,21.439249996999997,12
19,23.521150001,12
20,14.766099997,12
21,17.593033333999998,12
22,15.95476667,12
23,19.703166666999998,12
00,24.45283333,13
01,25.677083336,13
02,40.689600001,13
03,29.461733331999998,13
04,20.396599997,13
05,23.737066665,13
06,19.323150003,13
07,21.020466669,13
08,23.136333331,13
09,17.820933332,13
10,20.973516668,13
11,44.519283334,13
12,31.439583335,13
13,14.024900001999999,13
14,5.909099997999999,13
15,15.056250002999999,13
16,11.177083334999999,13
17,15.575083334,13
18,35.512466664,13
19,16.751499997,13
20,14.798233333999999,13
21,28.399216667,13
22,52.670416669,13
23,169.064483335,13
00,69.751799997,14
01,88.342233336,14
02,78.200783332,14
03,45.553933331,14
04,28.885166667,14
05,30.568366668,14
06,20.289316665999998,14
07,25.136299999,14
08,19.129616665,14
09,21.534500001999998,14
10,61.71365,14
11,52.518866663,14
12,47.803283338,14
13,14.408333331,14
14,5.639449998999999,14
15,19.245783331000002,14
16,4.385233330999999,14
17,3.8928833009999995,14
18,5.424016665999999,14
19,3.3320333359999994,14
20,10.885899997,14
21,15.757166666,14
22,19.140699999,14
23,25.745383334,14
00,42.131266667,15
01,82.754166669,15
02,94.551750001,15
03,52.104516665,15
04,27.810216666,15
05,25.37591667,15
06,20.77341667,15
07,22.383649999,15
08,28.798383334,15
09,36.173383337,15
10,23.241066666,15
11,22.231883332,15
12,20.054966667,15
13,15.373666670999999,15
14,6.929316667999999,15
15,3.904483333999999,15
16,22.244299997,15
17,28.383049996,15
18,6.151533335999999,15
19,11.665016668,15
20,17.068400002,15
21,18.445049999,15
22,35.728266667999996,15
23,38.893649996,15
00,45.321316669,16
01,53.014483336,16
02,32.649133335,16
03,23.567183334,16
04,24.1491,16
05,21.302699994999998,16
06,26.500883329999997,16
07,25.498083336,16
08,25.0403,16
09,30.213983336,16
10,38.582833337,16
11,39.966266664,16
12,16.084783335,16
13,23.232683335,16
14,7.952383329999999,16
15,12.351966668,16
16,41.281799998,16
17,28.857749999,16
18,12.932966667999999,16
19,44.154233332,16
20,11.964733335999998,16
21,28.557466669,16
22,38.911749997,16
23,43.66405,16
00,58.424000001,17
01,51.161266664,17
02,48.936550001,17
03,33.502333333,17
04,36.702133333999996,17
05,32.656516668,17
06,23.290016667,17
07,31.843133336,17
08,21.152699997,17
09,22.834083335,17
10,24.493933332999998,17
11,41.592183333,17
12,29.67455,17
13,15.868816665999999,17
14,12.972783333999999,17
15,5.9755333319999995,17
16,23.554716666999997,17
17,39.310400005,17
18,32.159883330999996,17
19,63.116916672,17
20,45.789933334,17
21,55.216100002,17
22,46.352916668,17
23,23.901600003,17
00,41.155233334,18
01,50.87523333,18
02,27.661049999,18
03,23.970966665,18
04,25.082550001999998,18
05,23.769233335,18
06,21.280933336,18
07,23.823149997999998,18
08,24.525016668,18
09,22.321000004,18
10,20.885933335,18
11,25.835966667,18
12,37.679233333,18
13,17.809133334,18
14,30.995949996,18
15,59.399649997,18
16,51.083983334,18
17,34.4828,18
18,19.250600001,18
19,43.452249998,18
20,38.646333336,18
21,58.014383333,18
22,68.133833332,18
23,48.104133331,18
00,48.07615,19
01,64.148916667,19
02,51.113833332,19
03,46.89793333,19
04,69.436933331,19
05,31.136866667,19
06,33.796816662,19
07,35.956899999,19
08,21.655216666999998,19
09,20.271250002,19
10,25.700149999,19
11,22.149899997,19
12,24.411516666,19
13,19.288850001,19
14,28.278816671,19
15,9.279400000999999,19
16,8.500483332,19
17,15.237499999999999,19
18,10.183966668,19
19,43.317333335,19
20,34.190516667,19
21,49.339749998,19
22,50.964133337,19
23,45.137433333,19
00,36.161799998,20
01,59.276783337,20
02,50.039916664,20
03,45.733383334,20
04,43.811516666,20
05,24.728833334,20
06,26.681016668999998,20
07,23.982966663,20
08,24.216583334,20
09,24.169083331,20
10,23.026749997,20
11,27.499683333,20
12,28.109516664999997,20
13,20.512816665,20
14,16.848716668999998,20
15,33.931983331,20
16,46.042933330000004,20
17,4.052250000999999,20
18,5.2641999959999985,20
19,17.192600002,20
20,19.250750002,20
21,16.32153333,20
22,31.570066661,20
23,22.779349998999997,20
00,63.532533334,21
01,49.115349998,21
02,47.9792,21
03,34.131599996999995,21
04,33.063200001,21
05,32.558999999,21
06,27.625616667,21
07,31.749649997,21
08,28.2519,21
09,24.077616667,21
10,28.71305,21
11,28.253749997,21
12,15.963399999999998,21
13,27.403200002,21
14,20.334899999,21
15,19.666900002,21
16,44.114683333,21
17,20.20555,21
18,6.641099999999999,21
19,13.384216666,21
20,30.915116669,21
21,67.11096667,21
22,69.362799999,21
23,27.252966669,21
00,56.770266666,22
01,54.707866666,22
02,34.0341,22
03,20.819583337,22
04,26.545549996,22
05,23.307783329,22
06,24.973183338,22
07,30.297533332,22
08,23.059549996999998,22
09,21.370416667,22
10,22.536216665999998,22
11,49.618849998,22
12,32.830916662999996,22
13,17.50556667,22
14,15.276016666999999,22
15,21.443999998,22
16,7.250266666999999,22
17,7.5315833319999985,22
18,2.4354500029999993,22
19,5.780716667999999,22
20,8.951533332999999,22
21,17.478100003999998,22
22,29.018366669,22
23,29.302966666,22
00,51.189583335,23
01,55.062666668,23
02,54.814949998,23
03,66.462200002,23
04,54.815683331,23
05,64.558983334,23
06,29.069883332,23
07,26.3808,23
08,19.938133331,23
09,26.654366668999998,23
10,18.008333335,23
11,54.323166669,23
12,32.772233330999995,23
13,18.848783337,23
14,14.566316665,23
15,9.525216661,23
16,13.403983334,23
17,12.258650002,23
18,17.260166668,23
19,11.280349998999998,23
20,36.5318,23
21,38.571899998,23
22,46.665383331,23
23,38.480816666,23
00,49.572950001,24
01,41.370749998,24
02,48.111783332,24
03,52.572783336,24
04,24.207533334,24
05,25.127683335,24
06,25.973766667,24
07,20.165183330999998,24
08,25.89285,24
09,27.89395,24
10,21.478633334999998,24
11,51.385716669,24
12,34.793699998,24
13,20.212083334,24
14,10.868450003,24
15,30.322066668999998,24
16,36.050183333,24
17,6.480383331,24
18,65.977133338,24
19,63.693966668,24
20,33.84175,24
21,28.672649997999997,24
22,24.611883337,24
23,21.387999997999998,24
00,28.412333332,25
01,53.121466665999996,25
02,45.018049999,25
03,22.357583331999997,25
04,31.943216669,25
05,29.004266666,25
06,21.589916666,25
07,25.720300001,25
08,21.946699996,25
09,22.628283335,25
10,27.502999997,25
11,32.091516667,25
12,45.554016668,25
13,10.997100001,25
14,60.908649999,25
15,34.934916665,25
16,17.529766667,25
17,8.820183337,25
18,9.046799998,25
19,13.187516668999999,25
20,12.753883333,25
21,22.214750001,25
22,23.807766671,25
23,26.973983335,25
00,26.377066671,26
01,34.134800001,26
02,27.351133336,26
03,28.46168333,26
04,27.146749998,26
05,28.366466671,26
06,24.961399996999997,26
07,30.527050001,26
08,20.097683336,26
09,33.262533327999996,26
10,20.876916664,26
11,48.360883332,26
12,16.621116671,26
13,16.625233336,26
14,6.859433332999999,26
15,8.08645,26
16,3.770549999999999,26
17,6.680916667999999,26
18,4.466666663,26
19,9.144983331999999,26
20,12.677416673,26
21,19.171433333,26
22,27.67065,26
23,23.974516664,26
00,25.098316663,27
01,56.384533330000004,27
02,54.9834,27
03,28.984100003,27
04,28.828449998,27
05,39.823949999999996,27
06,33.510633335,27
07,30.428733332,27
08,25.645266669999998,27
09,20.329516665,27
10,25.292683334,27
11,41.275333335,27
12,31.080883333,27
13,45.914966666,27
14,35.207866667,27
15,28.086666667,27
16,16.96241667,27
17,14.926833334,27
18,15.683083333999999,27
19,30.931883335,27
20,29.821916668,27
21,40.51375,27
22,180.979300001,27
23,91.14885,27
00,102.137533332,28
01,131.959466667,28
02,61.745283335,28
03,34.479383331,28
04,32.513816669,28
05,24.730749998,28
06,29.083683334,28
07,24.567016664,28
08,22.222933331,28
09,30.523950001,28
10,21.32933333,28
11,59.246033335999996,28
12,29.398650001,28
13,28.982016665,28
14,16.964683336,28
15,23.838066665,28
16,20.312033333,28
17,20.177449999,28
18,16.904083335,28
19,21.864983331999998,28
20,28.901999999,28
21,21.953750001,28
22,41.934983334,28
23,22.537449997,28
00,25.094033334,29
01,53.443716666,29
02,47.364000003,29
03,37.295333333,29
04,31.492783333,29
05,20.447316665,29
06,34.020650003,29
07,21.250349997,29
08,24.938399996999998,29
09,39.413666662,29
10,44.927666664,29
11,38.723383332,29
12,47.685799999,29
13,14.033033332999999,29
14,10.520933329,29
15,15.740566661999999,29
16,27.773433335,29
17,35.540750001,29
18,8.392216667,29
19,7.555766667999999,29
20,13.636116669,29
21,21.381866664,29
22,24.377800002,29
23,43.373616668000004,29
00,34.513183333,30
01,55.715633333999996,30
02,41.809183332,30
03,31.000699999,30
04,43.818216668,30
05,37.109450001,30
06,20.545716665,30
07,22.379149997,30
08,25.929349998,30
09,20.206033332,30
10,38.49585,30
11,54.140949997999996,30
12,28.334483333999998,30
13,12.376683331999999,30
14,9.939850001,30
15,9.150450001,30
16,7.421949997,30
17,11.583599999999999,30
18,8.950766667999998,30
19,10.467883332,30
20,12.386316663999999,30
21,22.460166665,30
22,34.481666668,30
23,23.907933328,30
00,26.306816668,01
01,46.87598333,01
02,63.083966667,01
03,47.256666669,01
04,60.425383335,01
05,54.4077,01
06,20.398299998,01
07,26.157083336,01
08,18.88471667,01
09,28.319016669,01
10,25.615899999,01
11,38.471833335,01
12,45.502633333,01
13,24.2833,01
14,33.951716669,01
15,23.003633334,01
16,17.737550002,01
17,15.259799999999998,01
18,21.238150002,01
19,17.991133333,01
20,37.7896,01
21,46.887016668,01
22,39.947649999,01
23,19.722683335,01
00,29.005983333,02
01,35.317316665,02
02,47.563433334,02
03,36.07791667,02
04,22.065666668,02
05,26.433433333,02
06,27.414366669,02
07,24.880666666,02
08,22.743433332,02
09,21.444533332,02
10,26.130933332999998,02
11,37.505183334,02
12,33.314416667,02
13,11.78175,02
14,7.592266665999999,02
15,31.603699999,02
16,18.383916666,02
17,52.527033332,02
18,31.456766666,02
19,13.580216671999999,02
20,3.0182499989999996,02
21,24.860149995999997,02
22,18.643233335999998,02
23,27.389566668,02
00,23.610416662,03
01,62.056666663,03
02,31.720816669,03
03,31.136616665,03
04,19.986266665,03
05,32.765583332,03
06,25.403616667999998,03
07,29.048416669999998,03
08,19.148099996,03
09,28.21426667,03
10,19.639016664,03
11,32.804733333,03
12,22.449949999999998,03
13,37.104300004,03
14,34.274650003,03
15,24.449233334,03
16,4.263133335999999,03
17,12.801649996,03
18,86.233683335,03
19,41.956366667,03
20,47.714316667,03
21,56.765316664,03
22,84.255983333,03
23,49.043900002,03
00,83.197616669,04
01,89.296149996,04
02,52.511800001,04
03,42.898100001,04
04,41.778699999,04
05,20.114733333,04
06,34.650099999,04
07,22.278466666,04
08,24.806816665,04
09,24.661349995,04
10,21.446983331,04
11,31.715683335999998,04
12,55.170266663,04
13,86.261799997,04
14,88.836883332,04
15,91.668116668,04
16,70.372449997,04
17,46.946566665,04
18,12.530283332,04
19,23.173016664,04
20,16.650933331,04
21,20.944733332,04
22,41.627533336,04
23,45.320833332,04
00,44.116216668999996,05
01,51.358133338,05
02,40.778116669,05
03,29.374966666,05
04,43.058199999,05
05,26.877150004,05
06,26.521933336,05
07,25.576833334,05
08,21.950366664,05
09,23.178233335999998,05
10,26.494116669,05
11,76.789166667,05
12,44.432166663,05
13,26.189966668,05
14,18.966016667999998,05
15,8.717333334,05
16,10.593900002,05
17,6.669600000999999,05
18,7.620266664999999,05
19,8.292183334999999,05
20,15.144449999999999,05
21,19.091649998999998,05
22,37.605283334,05
23,29.536533331999998,05
00,34.661883337,06
01,28.797316663,06
02,56.749066666,06
03,46.905750005,06
04,53.718150001,06
05,23.568700003,06
06,25.589650001,06
07,21.403299996,06
08,27.191083331999998,06
09,22.703800001,06
10,34.926883333,06
11,61.473566668000004,06
12,46.417616665,06
13,28.482416665,06
14,18.684816669,06
15,41.042166666,06
16,33.466733334,06
17,4.984816664999999,06
18,21.508966671,06
19,6.809666695,06
20,22.793466668,06
21,72.919583332,06
22,61.021866667,06
23,445.80403333099997,06
00,429.477566667,07
01,413.003866679,07
02,165.727250004,07
03,159.199183333,07
04,96.507299997,07
05,61.878200002,07
06,77.454050001,07
07,51.231899999,07
08,27.119833333,07
09,57.423966664,07
10,18.851083337,07
11,51.463616667,07
12,40.421750001,07
13,23.703916667999998,07
14,49.015983333,07
15,42.588699999999996,07
16,12.006733332,07
17,22.725933334,07
18,14.098166667,07
19,27.253766665,07
20,21.755383335999998,07
21,20.501333333999998,07
22,65.828583332,07
23,57.184033335,07
00,46.706500002,08
01,53.130966667,08
02,263.99576667,08
03,156.821933334,08
04,92.167566665,08
05,86.982166666,08
06,56.986133336,08
07,55.340699999,08
08,57.587116668,08
09,53.470449998999996,08
10,68.908116666,08
11,44.002466668,08
12,158.889683335,08
13,204.207966668,08
14,71.754716668,08
15,14.153216666999999,08
16,35.150366665,08
17,38.193700000999996,08
18,44.302716668,08
19,27.054466669,08
20,24.525500003,08
21,23.901516669,08
22,29.157250003,08
23,23.482366669,08
00,29.203850001,09
01,25.233850001,09
02,28.217800001,09
03,29.845316665,09
04,32.529116665,09
05,32.180416668999996,09
06,29.079383333,09
07,39.174633333,09
08,41.359466668,09
09,38.061266666,09
10,22.582116667999998,09
11,33.389733334,09
12,24.367933331,09
13,45.035266667,09
14,39.016266668,09
15,41.8703,09
16,21.213450002,09
17,25.92515,09
18,29.276983333,09
19,17.469416668,09
20,36.926416671,09
21,26.6582,09
22,41.111549998,09
23,34.500399999,09
00,64.472866663,10
01,67.748149997,10
02,78.689466666,10
03,73.581983335,10
04,36.421883335,10
05,29.250733331,10
06,31.130483337,10
07,23.794366666,10
08,28.954499998,10
09,32.757983335,10
10,24.084533335,10
11,24.335649999999998,10
12,50.384966666,10
13,43.858533333,10
14,48.948733333,10
15,38.1942,10
16,20.771383336,10
17,13.916283330999999,10
18,10.909716671999998,10
19,18.410400003,10
20,14.403283335,10
21,23.800249999,10
22,25.774550001999998,10
23,26.767583333,10
00,47.045650003,11
01,44.059366669,11
02,40.951316666,11
03,26.323866665,11
04,24.634200003,11
05,25.77635,11
06,24.319233333,11
07,19.837283332,11
08,30.571949999,11
09,20.026183332,11
10,20.765149998,11
11,24.928283331,11
12,21.497816667,11
13,16.7954,11
14,35.902233329,11
15,30.04948333,11
16,37.417466667,11
17,22.397783333,11
18,26.622149999,11
19,36.867299999,11
20,24.258516669,11
21,45.338649997,11
22,98.85393333,11
23,63.053483332,11
00,49.002166664,12
01,98.092199999,12
02,89.574083337,12
03,42.882266662,12
04,25.088616669,12
05,23.864583335,12
06,29.467316664,12
07,27.931000003,12
08,23.163299998,12
09,29.070350003,12
10,59.263333332,12
11,50.405716667,12
12,28.207799998,12
13,19.307899999,12
14,14.642649999,12
15,8.234633336,12
16,18.703699998,12
17,5.4957833339999995,12
18,4.843233334999999,12
19,9.443083338,12
20,16.4041,12
21,13.122266671999999,12
22,30.676833329999997,12
23,31.271750001999997,12
00,43.416249999,13
01,41.970450002,13
02,52.694933331,13
03,33.227933336999996,13
04,24.175833332,13
05,26.953899998,13
06,22.263649999,13
07,26.306233330999998,13
08,32.786100004,13
09,25.016483331,13
10,32.634749997,13
11,51.555449999,13
12,55.655533337,13
13,18.040549997,13
14,18.955266666,13
15,13.461883334,13
16,34.252116668,13
17,50.598316667,13
18,39.415849999,13
19,140.001666667,13
20,257.091000003,13
21,210.754199996,13
22,172.62063332900001,13
23,459.28014998000003,13
00,186.394750005,14
01,110.325299999,14
02,84.73855,14
03,125.932633332,14
04,88.907383332,14
05,41.436600002,14
06,52.316466669,14
07,64.94798333199999,14
08,51.366733335,14
09,29.556233333999998,14
10,58.5835,14
11,57.275633335,14
12,60.592883333,14
13,32.264483332,14
14,32.245333334,14
15,24.784133331,14
16,41.831133331,14
17,32.998583334,14
18,31.271283334,14
19,80.883083334,14
20,225.92893333,14
21,170.653833333,14
22,137.824116667,14
23,104.425183336,14
00,124.529033333,15
01,110.82489999799999,15
02,309.14449999699997,15
03,122.476866668,15
04,102.710800003,15
05,71.8441,15
06,57.030400003,15
07,56.025899998,15
08,30.12335,15
09,64.094999997,15
10,90.180466668,15
11,60.36966667,15
12,38.465583337,15
13,18.252966668,15
14,18.827083333,15
15,15.846049999,15
16,120.859366665,15
17,141.592899999,15
18,142.78955,15
19,130.251966667,15
20,163.171100001,15
21,187.7843,15
22,186.61124999700002,15
23,503.12101663,15
00,349.50418333700003,16
01,152.723233336,16
02,73.610833329,16
03,236.645083331,16
04,93.86683333500001,16
05,60.066583331,16
06,54.185533332,16
07,55.026299998,16
08,59.178399997999996,16
09,26.351683332,16
10,94.744533332,16
11,40.777116663,16
12,35.8215,16
13,24.542266663,16
14,37.955883331,16
15,65.954866665,16
16,51.1692,16
17,112.944099998,16
18,215.330283336,16
19,210.493049999,16
20,232.37521667000001,16
21,162.645933332,16
22,58.384816665,16
23,43.951533332000004,16
00,38.222933332000004,17
01,63.4859,17
02,53.567566666,17
03,192.996366665,17
04,95.499966667,17
05,53.70506667,17
06,71.44495000100001,17
07,55.437066668,17
08,25.232416665,17
09,24.955333332,17
10,89.713100001,17
11,47.796583334,17
12,55.959116664999996,17
13,20.415766665,17
14,15.2648,17
15,16.311700001,17
16,36.718483334,17
17,82.037200002,17
18,235.117049998,17
19,530.23461668,17
20,491.570233333,17
21,480.877899989,17
22,336.551016669,17
23,114.726599999,17
00,37.574949998,18
01,59.228349998,18
02,165.541866663,18
03,102.99946666700001,18
04,55.151733333,18
05,56.961466668,18
06,53.881133333,18
07,56.907416663,18
08,28.039333330999998,18
09,28.615449995,18
10,89.716366665,18
11,69.185066668,18
12,115.525266665,18
13,58.603350003,18
14,38.593816665,18
15,5.250500002,18
16,29.141266667,18
17,62.2705,18
18,103.225266668,18
19,236.407883333,18
20,185.208766666,18
21,170.074883333,18
22,151.956916667,18
23,216.928633332,18
00,203.069983334,19
01,166.8672,19
02,110.644333331,19
03,97.977099997,19
04,72.70605,19
05,29.181333334999998,19
06,22.439750002,19
07,31.904066666,19
08,22.179366667,19
09,25.725483332,19
10,21.147183331999997,19
11,68.287016669,19
12,52.550783334,19
13,40.194850002,19
14,33.471433335,19
15,15.737350001,19
16,15.0764,19
17,8.696433333999998,19
18,11.403566668999998,19
19,11.621450002,19
20,21.738599999999998,19
21,15.118199998,19
22,26.308166663999998,19
23,20.935916665999997,19
00,36.493349998,20
01,33.870183331,20
02,40.0154,20
03,40.761033337,20
04,37.304666663,20
05,29.126666665,20
06,23.853749999999998,20
07,25.412433334,20
08,25.057833329999998,20
09,18.704400003,20
10,23.470999999,20
11,52.033083338,20
12,46.228866667,20
13,37.538233334,20
14,8.619466665,20
15,8.025333331999999,20
16,24.92426667,20
17,20.712866668,20
18,8.025383328999999,20
19,11.855716665,20
20,19.499349998,20
21,40.942666665,20
22,38.00405,20
23,59.245566668,20
00,63.094850001,21
01,94.477999998,21
02,70.56045,21
03,75.463133335,21
04,35.370816671,21
05,41.141600001,21
06,34.049900004,21
07,37.877316671,21
08,33.238700001,21
09,32.332683335,21
10,37.190133336,21
11,83.166116667,21
12,52.142033334,21
13,14.444799996999999,21
14,8.734450000999999,21
15,5.9356166649999995,21
16,6.483683331999999,21
17,5.942683330999999,21
18,8.6348,21
19,4.518000002,21
20,19.127933333999998,21
21,21.516600001,21
22,39.188233332,21
23,36.338316665,21
00,51.373483332999996,22
01,40.488599997,22
02,57.337750002,22
03,50.465716664,22
04,25.041683331999998,22
05,32.819400001,22
06,27.583516667999998,22
07,26.136850001,22
08,30.94311667,22
09,28.360883332,22
10,24.808316672,22
11,59.457983333,22
12,52.090266668,22
13,22.105133334999998,22
14,48.275966669,22
15,36.246283334,22
16,21.644583336,22
17,11.954416669,22
18,11.609783327999999,22
19,12.342933334,22
20,18.163033327999997,22
21,22.770783336,22
22,23.6379,22
23,34.318900002,22
00,21.327499999,23
01,34.472300001,23
02,30.940583332,23
03,22.681366665,23
04,35.354516668,23
05,39.168683332,23
06,30.218950002,23
07,29.056516663,23
08,25.524050001,23
09,25.982316663,23
10,27.645233333,23
11,23.429083332999998,23
12,26.970783334,23
13,11.620116668,23
14,7.63846667,23
15,3.0229666649999998,23
16,4.5525833339999995,23
17,2.994733337999999,23
18,9.047266665999999,23
19,9.264783335999999,23
20,15.532750002999999,23
21,23.807299998999998,23
22,22.469716665,23
23,31.18415,23
00,24.570650004,24
01,28.239100002,24
02,26.538116663,24
03,30.748266668,24
04,21.986383331,24
05,32.731449998,24
06,23.5303,24
07,28.976916667,24
08,25.744216669,24
09,29.544750002,24
10,23.060799998,24
11,28.128383334,24
12,22.828483336,24
13,12.952683335,24
14,9.070750031,24
15,5.760750004999999,24
16,7.190416666999999,24
17,2.9437000019999986,24
18,9.753399998999999,24
19,6.0056000009999995,24
20,18.547316666,24
21,18.201516668,24
22,27.124983329,24
23,26.473633334,24
00,26.935433337,25
01,27.741433333,25
02,28.982416664,25
03,54.429566666,25
04,379.521983333,25
05,154.708550002,25
06,128.13678333000001,25
07,79.724466666,25
08,57.005366668,25
09,51.410733328999996,25
10,78.129949997,25
11,70.93148333,25
12,102.687133335,25
13,168.5008,25
14,234.160816664,25
15,155.626333333,25
16,240.263516668,25
17,291.207049995,25
18,201.188383338,25
19,234.695666662,25
20,442.311416654,25
21,359.883016675,25
22,301.896316677,25
23,243.742583333,25
00,188.187899992,26
01,122.231100004,26
02,122.379583335,26
03,254.415249996,26
04,99.927233331,26
05,105.184083335,26
06,73.094483335,26
07,37.062066666,26
08,54.608516666,26
09,43.298433336,26
10,71.470399997,26
11,52.347250003,26
12,66.180899999,26
13,38.782383334,26
14,56.38578333,26
15,72.405616666,26
16,79.000449998,26
17,85.955966668,26
18,130.459633333,26
19,295.093766672,26
20,354.355216668,26
21,403.27861666900003,26
22,382.694366682,26
23,235.593283336,26
00,122.531600001,27
01,156.640633332,27
02,264.064066676,27
03,218.558766668,27
04,108.782866668,27
05,61.66365,27
06,52.936000003,27
07,63.29145,27
08,56.851699998,27
09,31.7976,27
10,75.64874999999999,27
11,58.777849997,27
12,57.920833334,27
13,38.476116666,27
14,9.667766667999999,27
15,21.11578333,27
16,11.277600003,27
17,6.6704666679999995,27
18,13.340033331999999,27
19,117.16633333200001,27
20,270.74798333,27
21,299.122316669,27
22,280.260133331,27
23,187.300033336,27
00,197.048633331,28
01,71.386416669,28
02,337.589533332,28
03,32.15213333,28
04,82.98808333299999,28
05,57.808299999999996,28
06,50.969883333,28
07,30.641566667,28
08,48.954533333,28
09,26.504950002,28
10,33.944566666,28
11,63.574183337,28
12,43.729066669,28
13,20.719433334999998,28
14,29.846166666,28
15,16.231066671,28
16,27.010516667,28
17,89.599233334,28
18,126.976499998,28
19,364.367316658,28
20,475.352266677,28
21,257.414733319,28
22,166.14228333,28
23,138.950549998,28
00,150.535566666,29
01,139.481083332,29
02,116.699949998,29
03,181.531616663,29
04,201.965350002,29
05,112.654850002,29
06,65.856950001,29
07,62.370933332,29
08,54.93983333,29
09,56.24375,29
10,55.996633334,29
11,68.282750002,29
12,46.126066666,29
13,29.636700001999998,29
14,17.981033332,29
15,7.224716667999999,29
16,10.217833333,29
17,38.064400002999996,29
18,126.333183332,29
19,225.342449999,29
20,351.87183334,29
21,333.381950003,29
22,246.189899995,29
23,254.1886,29
00,106.182700002,30
01,105.469433333,30
02,230.778483338,30
03,156.105649999,30
04,122.047149997,30
05,113.606866664,30
06,58.197900001,30
07,61.736866664,30
08,33.954000001,30
09,33.779766669,30
10,57.453100001,30
11,41.14941667,30
12,37.429866668,30
13,25.520033333,30
14,26.692799996999998,30
15,26.564049997999998,30
16,98.3057,30
17,119.233466667,30
18,145.646766665,30
19,151.061366669,30
20,469.81004999099997,30
21,336.632633336,30
22,195.24696666100002,30
23,164.09846666800001,30
00,309.597249996,31
01,178.868533334,31
02,133.847949996,31
03,269.490649996,31
04,128.173066662,31
05,116.265483331,31
06,73.884233332,31
07,83.356766671,31
08,53.166116666,31
09,52.731666669,31
10,51.042883334,31
11,27.313366667,31
12,26.462083333,31
13,39.633833332,31
14,56.962649998,31
15,72.067249999,31
16,67.988283334,31
17,52.144166667,31
18,48.308366666,31
19,50.364933332999996,31
20,89.727666668,31
21,36.877583334,31
22,22.450233334,31
23,27.160516668,31
00,62.18288333,01
01,55.665566666000004,01
02,46.101350002,01
03,49.524183333,01
04,26.879216667999998,01
05,23.755433333,01
06,30.269766667,01
07,19.834249996,01
08,32.789016669,01
09,19.8197,01
10,23.78625,01
11,26.898116667,01
12,27.732233331,01
13,46.879650001,01
14,116.267950001,01
15,51.60935,01
16,86.80051667000001,01
17,90.806649999,01
18,63.768083333999996,01
19,53.420833335,01
20,34.238216666,01
21,128.019699997,01
22,105.410366665,01
23,40.891900004,01
00,89.089516666,02
01,52.92691667,02
02,44.265799997,02
03,72.53529999999999,02
04,68.127699997,02
05,44.102249998,02
06,33.984116668,02
07,26.386800000999997,02
08,23.967216668,02
09,27.701500002,02
10,23.844349999,02
11,48.167100001,02
12,36.540066663,02
13,21.240516664999998,02
14,32.883566667,02
15,23.076950003,02
16,20.082300003,02
17,14.609216670999999,02
18,11.424583334,02
19,6.721799999999999,02
20,17.731333335,02
21,14.838066661,02
22,30.957483333,02
23,22.546116669,02
00,32.080050002,03
01,26.790283335999998,03
02,48.991833334,03
03,42.226233334,03
04,25.811683333999998,03
05,28.867616667,03
06,18.856633335999998,03
07,26.092550001,03
08,19.708283332,03
09,25.167833332,03
10,27.423999998,03
11,51.573600001,03
12,36.750466664,03
13,14.658116664,03
14,7.699849999999999,03
15,7.648816667999999,03
16,10.700116664,03
17,3.268566665999999,03
18,13.146516668,03
19,5.928699966999999,03
20,21.907433336,03
21,14.843283330999999,03
22,43.419666667,03
23,48.801083331,03
00,51.841983331,04
01,82.065583333,04
02,76.096166665,04
03,37.384433335,04
04,28.212949999,04
05,24.903700004,04
06,24.236566666999998,04
07,19.721066667,04
08,29.649133328999998,04
09,25.989649998999997,04
10,23.067249999,04
11,46.880999999,04
12,39.724049997,04
13,18.897566662,04
14,24.831983335,04
15,9.495083334,04
16,2.6676500329999993,04
17,8.403066667,04
18,7.323449999,04
19,4.547883336999999,04
20,19.469166665,04
21,23.422533339,04
22,35.444433331,04
23,33.046366668,04
00,45.874816663,05
01,56.8615,05
02,51.340466666,05
03,43.442583338,05
04,36.910533334,05
05,26.423849998999998,05
06,29.9355,05
07,35.0418,05
08,42.096616664,05
09,34.364066662,05
10,23.157100002,05
11,67.15816666799999,05
12,48.594833331,05
13,21.483800002,05
14,29.581966668,05
15,8.080300001999998,05
16,33.389166668,05
17,15.591749999,05
18,10.234166665999998,05
19,21.739699997,05
20,18.2666,05
21,36.542466669999996,05
22,40.452283336,05
23,55.272966664,05
00,40.581866667999996,06
01,94.129383331,06
02,78.768600004,06
03,36.0785,06
04,31.018133335999998,06
05,34.5163,06
06,31.983533337,06
07,34.865666667,06
08,35.519333333,06
09,30.27095,06
10,43.09226667,06
11,41.583800001,06
12,46.084866665,06
13,31.511100003,06
14,21.28545,06
15,25.294150002,06
16,18.997299996,06
17,98.253666666,06
18,404.38299999599997,06
19,373.860283331,06
20,305.17215000199997,06
21,343.819333336,06
22,286.334433335,06
23,203.000433332,06
00,25.379699998,07
01,38.195699998,07
02,115.524000003,07
03,132.957633331,07
04,88.933933333,07
05,61.823800005,07
06,55.884883333999994,07
07,60.483099997,07
08,80.105250001,07
09,64.314883336,07
10,60.234966669,07
11,35.821066664,07
12,72.704516668,07
13,50.202416666,07
14,84.211416666,07
15,65.819816665,07
16,38.737016668,07
17,16.149399998,07
18,54.962166666,07
19,44.954816664,07
20,28.406216667,07
21,59.813783337000004,07
22,58.058433331,07
23,73.638933339,07
00,177.605383335,08
01,235.418299999,08
02,193.093883334,08
03,102.19385000300001,08
04,73.081483331,08
05,92.096883338,08
06,49.063716668,08
07,49.73455,08
08,42.866983335,08
09,23.754249997,08
10,50.947000001,08
11,55.372549998,08
12,60.302033329,08
13,141.15828333299999,08
14,64.606633334,08
15,39.966416665,08
16,39.134116666,08
17,23.893816665,08
18,62.447933335,08
19,308.338799999,08
20,408.591483333,08
21,59.021183331,08
22,352.843333332,08
23,280.1262,08
00,61.488550001,09
01,99.12940000100001,09
02,87.890966664,09
03,45.804666666,09
04,38.106299998,09
05,46.82298333,09
06,35.222633333,09
07,33.034833334,09
08,32.1658,09
09,33.67425,09
10,32.426533335,09
11,50.513616671,09
12,44.390483333,09
13,46.305750002,09
14,41.396916668,09
15,36.420216667,09
16,24.069350002,09
17,16.965916661999998,09
18,18.446599997,09
19,14.466399999999998,09
20,24.360116668,09
21,53.237766669,09
22,70.710250001,09
23,52.663533333,09
00,57.828783334,10
01,56.579716668,10
02,72.172350003,10
03,109.527816668,10
04,40.381883332,10
05,28.828949997,10
06,37.896866666,10
07,27.81416667,10
08,28.802133333,10
09,24.62808333,10
10,27.4172,10
11,45.60701667,10
12,47.031,10
13,28.482399997999998,10
14,32.091116668,10
15,55.215266666,10
16,21.097949998,10
17,30.927999998,10
18,31.41055,10
19,36.542916667,10
20,37.757100001,10
21,43.169516671,10
22,37.663416666,10
23,66.5152,10
00,93.659649999,11
01,383.835400003,11
02,196.208916667,11
03,152.707566669,11
04,127.875649999,11
05,98.395066664,11
06,85.604866661,11
07,61.561866667,11
08,63.318333336,11
09,82.702466664,11
10,60.834416667,11
11,51.047116669,11
12,191.727550004,11
13,165.244816664,11
14,199.05871667,11
15,160.552966668,11
16,197.220816662,11
17,256.435283337,11
18,317.490666664,11
19,496.549916664,11
20,422.080616676,11
21,259.481716658,11
22,156.994949998,11
23,123.59065,11
00,89.894516666,12
01,106.229116666,12
02,220.793116662,12
03,192.698816663,12
04,199.834916667,12
05,140.776516668,12
06,85.625516667,12
07,82.621866669,12
08,107.251166667,12
09,63.530166668,12
10,77.269283334,12
11,92.715966667,12
12,96.581483333,12
13,91.527133332,12
14,79.040800003,12
15,180.70766667200002,12
16,156.395583346,12
17,252.478733333,12
18,162.497733331,12
19,113.04608333,12
20,164.025499998,12
21,326.535983334,12
22,110.209583331,12
23,74.591249999,12
00,61.973583333,13
01,98.902400003,13
02,227.006333334,13
03,180.662066662,13
04,125.116700001,13
05,96.702183332,13
06,95.640400001,13
07,100.009933335,13
08,86.690766668,13
09,106.467966664,13
10,71.030366668,13
11,62.089100001000006,13
12,49.080916668,13
13,23.507049998,13
14,57.546683333,13
15,108.032616663,13
16,173.65448333999998,13
17,297.515066661,13
18,470.914533336,13
19,525.994200001,13
20,574.811066651,13
21,544.528866671,13
22,463.805316659,13
23,349.395899997,13
00,181.882133338,14
01,246.067483335,14
02,268.000716657,14
03,175.882283333,14
04,206.99743333,14
05,154.679399998,14
06,112.862466666,14
07,109.73910000000001,14
08,118.018700002,14
09,105.663983333,14
10,89.054816661,14
11,96.895499996,14
12,110.20221667,14
13,92.517283333,14
14,163.904733334,14
15,190.704450001,14
16,181.762499999,14
17,204.997616665,14
18,300.303483337,14
19,390.573249998,14
20,495.383700021,14
21,212.521016674,14
22,187.414449998,14
23,81.737566665,14
00,77.866283336,15
01,72.334566666,15
02,98.979166666,15
03,412.774616653,15
04,180.431649992,15
05,166.480133334,15
06,89.749583333,15
07,101.368416668,15
08,78.867616665,15
09,70.7675,15
10,50.848816671,15
11,76.321833333,15
12,80.30971666800001,15
13,74.595500001,15
14,70.316483336,15
15,104.576733336,15
16,175.640066673,15
17,245.441266692,15
18,318.744583334,15
19,287.269200007,15
20,252.886216669,15
21,312.032166673,15
22,227.853249996,15
23,150.59623333300001,15
00,104.24141667,16
01,166.98226666600002,16
02,125.947716667,16
03,253.308466665,16
04,137.686850001,16
05,94.82566667,16
06,67.234483334,16
07,66.930416666,16
08,69.694533329,16
09,42.685233332,16
10,45.404533334,16
11,60.977099996,16
12,48.389433333999996,16
13,33.752349998999996,16
14,43.889516662,16
15,71.239649999,16
16,81.322933332,16
17,133.820183335,16
18,106.063599999,16
19,237.889366662,16
20,86.94928333,16
21,190.777466655,16
22,139.100649996,16
23,132.674783331,16
00,112.562133335,17
01,98.538499995,17
02,115.917116662,17
03,172.031883332,17
04,222.529050007,17
05,97.440183334,17
06,133.615099998,17
07,79.320083335,17
08,114.36536666399999,17
09,70.783166668,17
10,39.767266666,17
11,81.198766667,17
12,37.513850002,17
13,40.997150001,17
14,45.572416669,17
15,44.1219,17
16,41.726283332,17
17,93.099866669,17
18,225.88911666799999,17
19,183.332283336,17
20,301.365116671,17
21,351.492466672,17
22,184.49845,17
23,92.32018333,17
00,68.989399999,18
01,81.534100001,18
02,93.923416667,18
03,171.396749999,18
04,114.168749998,18
05,59.856016665,18
06,55.653000005,18
07,22.021316667,18
08,26.416250001999998,18
09,27.68215,18
10,19.814949999,18
11,54.538383335,18
12,42.695166664,18
13,17.829849996,18
14,61.476616665,18
15,41.092933334,18
16,7.003033336,18
17,21.303599997,18
18,77.937383328,18
19,134.030516665,18
20,177.13203333500002,18
21,186.213816666,18
22,281.404849993,18
23,519.924416664,18
00,272.037699985,19
01,100.183733334,19
02,99.838966669,19
03,156.046849996,19
04,196.041533333,19
05,103.279716669,19
06,86.38181667,19
07,52.926116667,19
08,24.398883335,19
09,55.425883337,19
10,31.889883328,19
11,57.917500000000004,19
12,44.290133337,19
13,10.563033334,19
14,18.210366666,19
15,15.098966668,19
16,27.877116671,19
17,18.173183338,19
18,104.393149999,19
19,148.731316669,19
20,173.717383332,19
21,191.03675,19
22,284.518116664,19
23,487.1056,19
00,222.297250003,20
01,148.472649997,20
02,136.892083335,20
03,45.090833332,20
04,24.068683332,20
05,31.814500001,20
06,23.644999998,20
07,30.275900003,20
08,23.186066669,20
09,30.013383335,20
10,26.982083335,20
11,35.684883332,20
12,39.736716671,20
13,8.989916667,20
14,16.472883334,20
15,5.564133333999999,20
16,11.739766668,20
17,12.734966665,20
18,156.911283336,20
19,344.866383335,20
20,356.292716668,20
21,174.176400001,20
22,37.305049998,20
23,25.234400001,20
00,27.381566667999998,21
01,39.874200001,21
02,41.059799999,21
03,32.999433333,21
04,23.204183332,21
05,29.639633337,21
06,29.567750004,21
07,25.003416668,21
08,31.200216665,21
09,24.233033333999998,21
10,28.660683337,21
11,24.280316666999997,21
12,25.49563333,21
13,24.124233336,21
14,38.411083334,21
15,65.9666,21
16,29.221366669,21
17,40.886066666,21
18,28.809950001,21
19,42.590283332,21
20,55.885066671,21
21,98.617616669,21
22,90.35845,21
23,64.40895,21
00,44.0621,22
01,59.745916661,22
02,49.439200002,22
03,261.322416664,22
04,157.046733333,22
05,85.106283331,22
06,54.008216666,22
07,67.721616667,22
08,32.873783333,22
09,30.555716668,22
10,49.055383334,22
11,21.991066666,22
12,37.993233331,22
13,67.589650002,22
14,38.071499997,22
15,22.1963,22
16,12.860133334,22
17,20.701133333,22
18,34.792850001,22
19,41.418933335,22
20,72.263600002,22
21,125.188816667,22
22,83.187166665,22
23,69.96031666500001,22
00,80.22463333,23
01,88.553483332,23
02,76.42266667,23
03,36.468616665,23
04,23.812883335,23
05,27.060933331999998,23
06,27.838166667,23
07,22.934250001,23
08,30.666966669,23
09,21.618183331999997,23
10,27.560183332999998,23
11,50.858083333,23
12,35.46161667,23
13,19.414566669,23
14,22.447916668,23
15,9.914949996999999,23
16,5.079149998999999,23
17,11.051866664999999,23
18,8.638533337999998,23
19,10.480716665,23
20,14.064400002,23
21,26.112266668,23
22,40.96545,23
23,39.009900002,23
00,52.323016666,24
01,42.531083333,24
02,60.320116664,24
03,39.591366663,24
04,31.941783333,24
05,21.524183331,24
06,32.202150001,24
07,21.008483337,24
08,32.437233335,24
09,30.136066661999998,24
10,39.990666666,24
11,50.757416661,24
12,36.417533333,24
13,14.499083331,24
14,11.734399997999999,24
15,41.486300002,24
16,41.390149997,24
17,6.322616663999999,24
18,9.156583335999999,24
19,9.266083337,24
20,23.140916668,24
21,17.074633332999998,24
22,32.251716669,24
23,30.318066668,24
00,71.930183336,25
01,61.358899999,25
02,69.995033333,25
03,50.749483332,25
04,40.751,25
05,29.602583334,25
06,33.517849999,25
07,30.396766665999998,25
08,33.562383335,25
09,29.736916667,25
10,33.138183332,25
11,53.103666664,25
12,42.084199999,25
13,16.574049999,25
14,20.392216663,25
15,52.638283333,25
16,64.410599996,25
17,6.5801166659999994,25
18,22.372366667999998,25
19,97.822316668,25
20,262.434466665,25
21,168.40236667,25
22,158.367799998,25
23,156.38944999699999,25
00,83.174333336,26
01,67.755949999,26
02,53.42351667,26
03,71.185683332,26
04,33.231733334,26
05,26.898433335,26
06,35.589849999,26
07,24.623949998,26
08,34.965,26
09,32.583599998,26
10,27.050350002,26
11,106.7932,26
12,63.664516669,26
13,47.437633335,26
14,59.931083327,26
15,45.333616666,26
16,35.024283331999996,26
17,21.566083332999998,26
18,52.828066664,26
19,33.05655,26
20,13.888733332,26
21,33.459233329999996,26
22,36.528266669,26
23,26.000166665,26
00,38.588283329,27
01,37.351266669,27
02,43.803599999,27
03,36.968500003,27
04,37.153066664,27
05,29.362583329,27
06,33.930433332999996,27
07,36.93076667,27
08,29.476050001,27
09,31.081950001,27
10,32.701833330999996,27
11,24.435316667,27
12,24.727616664,27
13,14.978766666,27
14,4.904049999999999,27
15,6.962099998999999,27
16,5.326166665999999,27
17,6.218916667999999,27
18,7.8671166669999995,27
19,7.773983335999999,27
20,23.576200002,27
21,18.823700001,27
22,28.10625,27
23,29.884149997999998,27
00,26.037999998,28
01,31.992583331,28
02,23.489416667,28
03,32.616983334,28
04,29.860283332999998,28
05,24.397216672,28
06,29.227816668,28
07,25.409466665,28
08,31.626999999,28
09,20.31655,28
10,31.021366669,28
11,25.462283335,28
12,19.766049998,28
13,18.654116669,28
14,3.5513999999999992,28
15,7.615466668999999,28
16,6.7908,28
17,7.2143666689999995,28
18,6.929916662999999,28
19,6.068250001999999,28
20,20.096233326,28
21,21.528733335,28
22,27.775333332,28
23,36.253500001,28
00,31.033850000999998,29
01,450.61635,29
02,264.922816666,29
03,193.688149998,29
04,149.278733331,29
05,117.607616667,29
06,72.225050003,29
07,83.291249998,29
08,82.028166668,29
09,50.926733332,29
10,63.473316667,29
11,71.110750002,29
12,103.604950001,29
13,67.987349998,29
14,141.269716666,29
15,144.556466667,29
16,183.913716665,29
17,277.583583333,29
18,424.50493335,29
19,526.476499994,29
20,550.925049987,29
21,469.107850013,29
22,329.253299997,29
23,136.445666667,29
00,79.8044,30
01,121.820050002,30
02,78.249666663,30
03,152.463566663,30
04,65.678483334,30
05,30.059966664999997,30
06,27.043866664,30
07,29.170816667,30
08,26.835599999,30
09,24.456200001,30
10,24.894616665,30
11,72.479133334,30
12,34.882633336,30
13,14.877433335,30
14,11.380083332,30
15,9.031083333,30
16,15.076733331,30
17,22.465233335,30
18,12.870533336,30
19,48.595516666,30
20,97.368466666,30
21,125.745833332,30
22,133.581266666,30
23,91.00733333299999,30
00,54.525999996,31
01,50.437633335,31
02,60.512833329,31
03,47.501266668,31
04,26.535683334999998,31
05,30.426266667,31
06,28.091716665,31
07,25.920699996,31
08,24.730000003,31
09,26.610850002,31
10,26.655299998,31
11,50.189216665,31
12,32.162533332,31
13,27.599983332,31
14,24.088666669,31
15,22.304316668,31
16,16.556166664,31
17,15.241466664999999,31
18,21.402366669,31
19,16.398249998,31
20,22.089083331999998,31
21,27.865433335,31
22,50.300949999000004,31
23,57.741683337,31
00,102.77085,01
01,97.738666665,01
02,56.581733332,01
03,36.173366666,01
04,40.499,01
05,26.989199997,01
06,36.3872,01
07,27.791916666,01
08,32.798816668,01
09,29.690583338,01
10,30.075816667999998,01
11,56.496283335,01
12,51.599183339,01
13,33.563350000999996,01
14,26.951616665,01
15,29.688199999,01
16,28.379849999999998,01
17,21.087066667,01
18,15.436916667,01
19,50.505783334,01
20,29.82806667,01
21,43.580683334,01
22,35.529399998,01
23,35.317766665,01
00,58.265383335,02
01,65.229599998,02
02,57.605483335,02
03,36.348333329,02
04,30.224550002,02
05,29.80101667,02
06,28.383716662999998,02
07,29.457900003,02
08,33.978333335,02
09,32.804883331,02
10,52.397633333,02
11,55.281550001,02
12,30.308849999,02
13,8.944783335999999,02
14,20.755249998,02
15,9.414716668999999,02
16,21.497450002,02
17,44.008633334,02
18,68.544616666,02
19,43.704933333,02
20,30.040150004,02
21,30.641716666,02
22,31.371983332,02
23,37.352216667,02
00,55.803500002,03
01,66.321733334,03
02,48.133716666,03
03,36.270266665,03
04,31.127650001,03
05,32.903499995,03
06,32.032316666999996,03
07,31.790383329,03
08,31.783899997,03
09,31.832049998,03
10,32.30616667,03
11,38.592516666,03
12,41.461783331999996,03
13,31.834866668,03
14,39.533266664,03
15,41.131116667,03
16,38.960866665,03
17,35.850500003,03
18,54.914833329,03
19,57.028183332,03
20,66.659133336,03
21,50.406483331,03
22,92.606716665,03
23,71.661083334,03
00,59.001633332,04
01,56.411866662,04
02,68.2613,04
03,32.874516669,04
04,34.151216665999996,04
05,26.471200001,04
06,27.876066664,04
07,35.939749999,04
08,34.845500002,04
09,28.279900001,04
10,23.308183331,04
11,32.232666668,04
12,37.802383336,04
13,36.620449996,04
14,55.949633334,04
15,39.454316665,04
16,68.841099998,04
17,35.483133334,04
18,41.234383335,04
19,48.4997,04
20,58.369299998,04
21,37.057966668,04
22,65.173916667,04
23,58.299683334,04
00,33.22431667,05
01,33.315933333,05
02,27.509416668,05
03,29.612816671,05
04,30.380566669,05
05,25.862566665,05
06,30.730149998999998,05
07,33.396816666,05
08,39.782799997,05
09,28.531533333,05
10,31.576366666,05
11,30.1209,05
12,27.176299997999998,05
13,25.733149998,05
14,21.685483335,05
15,54.716583334,05
16,24.283383331,05
17,51.698983336,05
18,37.163749996,05
19,58.62018333,05
20,68.914583334,05
21,85.12873333,05
22,197.054633332,05
23,45.076583334,05
00,58.363316665,06
01,72.571499999,06
02,52.790216665,06
03,34.924983335,06
04,33.364633338,06
05,31.198216666,06
06,30.053549999999998,06
07,34.561000002,06
08,29.616933332,06
09,29.646133335,06
10,30.099733333,06
11,47.777316669,06
12,45.037799995,06
13,27.030266669,06
14,27.752616666999998,06
15,12.730883334,06
16,14.973750002,06
17,24.174766667,06
18,12.978699997,06
19,26.108266666,06
20,20.545716668,06
21,27.532950003,06
22,29.853349998,06
23,26.204316668,06
00,52.842750002,07
01,34.089783329999996,07
02,62.381899996,07
03,69.541749999,07
04,68.904583336,07
05,24.619883334,07
06,30.699233337,07
07,26.245616664,07
08,29.276616663,07
09,23.339599998,07
10,24.069400000999998,07
11,54.362783335,07
12,37.035066667,07
13,25.2504,07
14,23.441166666,07
15,21.173083330999997,07
16,14.408650001,07
17,8.109016668999999,07
18,21.206450003,07
19,14.665733364,07
20,19.820616669,07
21,26.904866665,07
22,37.144033333,07
23,138.891283334,07
00,64.458650002,08
01,58.452366665,08
02,52.909683334,08
03,63.971783332,08
04,69.636883328,08
05,71.698583332,08
06,45.945616666,08
07,39.636716671,08
08,36.026299997,08
09,39.365516667,08
10,31.598133331,08
11,60.039533336,08
12,36.118033335,08
13,30.241950001,08
14,19.639383333999998,08
15,6.848050000999999,08
16,24.927816668,08
17,10.094716664,08
18,10.573916665999999,08
19,19.676316664999998,08
20,18.024533333,08
21,56.027700003,08
22,56.412450001,08
23,57.75723333,08
00,51.548366664,09
01,77.421816665,09
02,243.657400001,09
03,185.507116667,09
04,99.852533338,09
05,93.211416666,09
06,64.907766666,09
07,79.209499995,09
08,57.374833333,09
09,27.086450002,09
10,64.714100003,09
11,73.226500006,09
12,47.765866668,09
13,22.995999999,09
14,84.673833329,09
15,204.585433333,09
16,229.380233335,09
17,289.025533319,09
18,374.027166676,09
19,442.37701667,09
20,368.768650001,09
21,180.268033337,09
22,80.432616666,09
23,68.73086667,09
00,64.757066665,10
01,50.675683333,10
02,228.49846666599998,10
03,101.600416667,10
04,56.937100004,10
05,28.188083331999998,10
06,28.953350003,10
07,54.532283338,10
08,32.484983335,10
09,49.517566662,10
10,73.186366666,10
11,57.030249997,10
12,54.136149998,10
13,52.005083328,10
14,63.100083334,10
15,22.841849998,10
16,14.996050000999999,10
17,22.267600000999998,10
18,10.293383334,10
19,358.856100002,10
20,290.299433333,10
21,28.944783336,10
22,30.260216663999998,10
23,34.265800002,10
00,62.381900002,11
01,57.636516668,11
02,205.331,11
03,141.649883333,11
04,92.42509999800001,11
05,70.158833337,11
06,96.59816666900001,11
07,55.174966665999996,11
08,54.002066666,11
09,56.114833333,11
10,57.641000003,11
11,53.809433335,11
12,61.068866667,11
13,94.505116667,11
14,65.124366667,11
15,74.539616667,11
16,47.836483331,11
17,33.156599998,11
18,38.606783332,11
19,19.386983331,11
20,88.046716669,11
21,105.581866667,11
22,160.172850001,11
23,80.182683334,11
00,87.249100002,12
01,50.07665,12
02,65.232933333,12
03,32.204516668,12
04,29.465399995,12
05,29.062083332,12
06,29.034933328999998,12
07,23.902083334,12
08,28.785516666,12
09,25.707550001,12
10,24.707983328999997,12
11,26.084316665,12
12,20.696016664,12
13,29.053283335,12
14,42.031383332,12
15,102.215766669,12
16,120.256783332,12
17,33.596216666,12
18,31.517616666,12
19,49.058433332999996,12
20,52.786483335999996,12
21,44.258783338,12
22,43.054833333,12
23,64.976866662,12
00,97.065899999,13
01,106.979833332,13
02,64.341616668,13
03,34.388583334,13
04,45.127283335,13
05,35.112049999999996,13
06,27.392466667999997,13
07,38.176366664999996,13
08,40.448483333,13
09,23.374033335,13
10,36.145400001,13
11,65.990666671,13
12,40.706800002,13
13,17.764216666,13
14,41.7321,13
15,30.196066668,13
16,4.660966662999999,13
17,8.574200001,13
18,17.206649998,13
19,11.900050000999999,13
20,19.467666667,13
21,25.948783335,13
22,41.903183334,13
23,52.294183333,13
00,38.898433332,14
01,29.123833334,14
02,58.386849998,14
03,34.374933332,14
04,28.530683334,14
05,27.335533335,14
06,23.431466662,14
07,27.661900003,14
08,26.377666665,14
09,31.844800002,14
10,48.942666662,14
11,57.899316668,14
12,37.812900001,14
13,14.321200003,14
14,5.8200500029999995,14
15,4.165900001999999,14
16,8.998016664,14
17,6.729466668,14
18,12.582516666,14
19,18.787383332,14
20,45.435216671,14
21,42.395066666,14
22,59.393966666,14
23,80.879316663,14
00,102.916316669,15
01,83.30028333599999,15
02,34.597216667,15
03,28.340716671,15
04,24.341416669,15
05,25.348516662999998,15
06,22.087033332999997,15
07,27.055133334,15
08,25.744783333,15
09,34.815816667,15
10,36.119283338,15
11,53.563583334,15
12,46.125916665,15
13,29.120549995999998,15
14,28.193933335,15
15,9.314600000999999,15
16,6.847449999999999,15
17,13.006850003,15
18,25.983866667999997,15
19,39.941483332,15
20,30.885166667,15
21,33.314000001000004,15
22,24.418000001,15
23,33.617149996,15
00,32.206900001,16
01,28.378916668,16
02,31.519866668,16
03,29.115283335,16
04,29.311333334,16
05,27.777750005,16
06,30.866350001,16
07,24.666550002,16
08,35.285349996,16
09,23.851233331,16
10,32.990283332,16
11,21.558466669999998,16
12,26.473766668,16
13,8.905583333,16
14,6.436216667999999,16
15,6.574450001999999,16
16,21.520933338,16
17,14.79748333,16
18,3.6679666669999995,16
19,14.840883330999999,16
20,19.444283327,16
21,24.890700002,16
22,21.960100003,16
23,32.123400001,16
00,28.428166668,17
01,31.713499999,17
02,26.601283329999998,17
03,28.714883334,17
04,29.656516662999998,17
05,23.415383334999998,17
06,30.809149999,17
07,21.704483332,17
08,28.531483335,17
09,25.25805,17
10,29.760299998999997,17
11,36.230533336,17
12,29.90685,17
13,14.204966667999999,17
14,2.6913166649999996,17
15,5.4026166689999995,17
16,4.873783330999999,17
17,7.049100001999999,17
18,9.061233332999999,17
19,5.157783332999999,17
20,21.52345,17
21,24.957433331999997,17
22,30.359550001,17
23,29.067200006,17
00,29.476366667999997,18
01,29.055033335,18
02,24.322533334,18
03,29.178233334999998,18
04,21.650016664,18
05,30.316499999,18
06,23.787833334,18
07,27.619883332,18
08,26.956700002,18
09,28.953000001,18
10,29.238100003,18
11,21.015233331,18
12,31.839466667,18
13,21.770883339,18
14,25.209016663,18
15,24.12155,18
16,14.477216665999999,18
17,26.031349999,18
18,18.693383335,18
19,29.219499998,18
20,32.348499997,18
21,50.840016668,18
22,35.801033335,18
23,86.22933333,18
00,55.120383335,19
01,36.929500001,19
02,24.927566666,19
03,26.2761,19
04,28.720949998,19
05,29.929833335,19
06,27.8833,19
07,27.049033333,19
08,29.254099998,19
09,29.283283336,19
10,22.945683335,19
11,31.735899996,19
12,26.321649999999998,19
13,73.360933337,19
14,47.347216668,19
15,68.306966665,19
16,59.861450006,19
17,50.512649995,19
18,57.585350001,19
19,47.561233333,19
20,36.275416667,19
21,34.190983335,19
22,62.853350002,19
23,100.324483332,19
00,74.9479,20
01,79.396783333,20
02,61.427416669,20
03,41.17873333,20
04,43.757483332,20
05,42.290549997,20
06,38.717699999,20
07,30.773749996,20
08,36.924516669,20
09,30.715450002,20
10,32.01291667,20
11,55.224883334,20
12,47.664466668,20
13,24.638049998,20
14,20.463599997,20
15,14.302066665999998,20
16,7.687583332,20
17,9.001550001,20
18,17.7335,20
19,39.505800001,20
20,52.64896667,20
21,34.664716666,20
22,44.63333333,20
23,33.853383332,20
00,36.030583337,21
01,29.765783335,21
02,54.074900001,21
03,47.935266665,21
04,24.207599999,21
05,28.436883333999997,21
06,26.665316662,21
07,23.677516669,21
08,27.065033336,21
09,25.376083329,21
10,29.113166665999998,21
11,54.169183332,21
12,41.728666666,21
13,19.573983330999997,21
14,14.685050000999999,21
15,4.1676833339999995,21
16,6.794033331,21
17,19.200899996,21
18,20.101166667,21
19,21.170833334999998,21
20,22.550066667,21
21,26.936366668999998,21
22,38.953633336,21
23,42.417783337,21
00,37.048933334,22
01,49.547233335,22
02,58.789033332,22
03,35.582466668,22
04,25.579399998,22
05,28.238899998999997,22
06,29.605016666999997,22
07,22.856783332,22
08,25.988333333,22
09,24.918500002,22
10,21.828899997,22
11,56.654383332,22
12,49.917533332,22
13,19.305483332999998,22
14,34.423666667,22
15,31.495733332,22
16,5.190116666,22
17,6.171283335999999,22
18,5.101533332,22
19,5.661616668999999,22
20,15.449800001,22
21,27.086966666,22
22,35.070616666,22
23,46.831400001,22
00,32.993233332,23
01,32.578633338,23
02,40.242566665,23
03,40.309683337,23
04,26.467233328,23
05,24.905416669,23
06,31.797783335,23
07,30.400416663999998,23
08,21.42858333,23
09,24.672266669,23
10,26.05683333,23
11,63.202766661,23
12,44.527583332,23
13,30.16555,23
14,34.182533335,23
15,62.491116667,23
16,79.9615,23
17,27.319983332,23
18,16.548116669,23
19,14.476400001999998,23
20,22.419899999,23
21,24.077000002,23
22,31.491566665,23
23,78.626783335,23
00,79.450166669,24
01,95.125800001,24
02,71.568150002,24
03,70.499383333,24
04,77.203649998,24
05,78.699483332,24
06,49.729100001,24
07,58.816,24
08,41.525166668,24
09,40.570150003,24
10,46.338383333,24
11,106.732266671,24
12,103.010749998,24
13,46.644499998,24
14,23.517316667,24
15,24.742600002,24
16,23.501800004,24
17,19.807666662,24
18,41.733350002,24
19,58.147333332,24
20,130.995066668,24
21,188.746683338,24
22,67.891216666,24
23,77.8105,24
00,84.6931,25
01,94.358083336,25
02,55.25241667,25
03,53.211550004,25
04,32.928750001,25
05,30.177566666,25
06,28.5597,25
07,26.701916666,25
08,27.444683333,25
09,32.290583336,25
10,28.642033335,25
11,22.345033334,25
12,25.969833337,25
13,50.349016668,25
14,52.324383334,25
15,100.436800003,25
16,76.113883329,25
17,38.583516667,25
18,46.421383331,25
19,79.775449998,25
20,133.955200004,25
21,102.970583335,25
22,71.039450001,25
23,112.074500002,25
00,108.542716668,26
01,115.926133335,26
02,54.316149999,26
03,35.391649996,26
04,43.71111667,26
05,33.640233333,26
06,24.660549999,26
07,25.899766664999998,26
08,31.359950002,26
09,24.952483332,26
10,29.049166666999998,26
11,23.279250000999998,26
12,27.535449998,26
13,27.601650003,26
14,20.695549998,26
15,27.061066668,26
16,9.636983333999998,26
17,10.810766666,26
18,32.444816663,26
19,35.566433335,26
20,26.865083333999998,26
21,68.864233332,26
22,148.43058333300002,26
23,60.104866668999996,26
00,47.480233335,27
01,72.324800004,27
02,97.4821,27
03,107.17488333200001,27
04,44.263933337,27
05,37.371749998,27
06,33.975866669,27
07,36.995716668,27
08,32.820883332,27
09,41.258933334,27
10,40.415166669,27
11,73.874966668,27
12,55.185866663,27
13,24.621966662,27
14,24.298633335,27
15,17.54523333,27
16,19.128383338,27
17,10.838549998,27
18,10.320849998,27
19,21.372933334,27
20,17.804483334,27
21,25.51498333,27
22,38.709983332,27
23,47.150633336,27
00,33.588183335,28
01,31.281433331,28
02,54.666683333,28
03,43.157216666,28
04,38.186616666,28
05,24.813783335,28
06,25.150716664,28
07,27.821016666,28
08,21.818866662999998,28
09,32.650983335,28
10,27.784899999,28
11,48.513716669,28
12,45.358366668,28
13,23.901933336,28
14,25.518999995999998,28
15,30.309483335,28
16,19.708783337,28
17,25.074816665,28
18,48.841000003,28
19,24.448399999,28
20,28.0774,28
21,25.149266666,28
22,38.255483333,28
23,49.107033333,28
00,35.609533334,29
01,40.181050002,29
02,49.84568333,29
03,71.74346666299999,29
04,62.46233333,29
05,38.912250003,29
06,21.975833332999997,29
07,22.774150001,29
08,30.315950001,29
09,26.354216665,29
10,26.774116666999998,29
11,42.471133332,29
12,44.274566671,29
13,19.041950001,29
14,10.778816668,29
15,5.227649999,29
16,5.130633333,29
17,3.648650000999999,29
18,5.970099998999999,29
19,16.831983332,29
20,20.250850002,29
21,21.598749997,29
22,33.76025,29
23,42.378583333,29
00,51.968466668,30
01,49.707433329,30
02,57.357283331,30
03,42.301466667999996,30
04,31.775083333,30
05,30.73863333,30
06,44.512650001,30
07,27.078400003,30
08,22.606916663,30
09,22.836983333,30
10,28.485466666,30
11,48.847816666,30
12,49.107733333,30
13,24.072533332,30
14,23.102716666,30
15,20.414716664,30
16,34.3297,30
17,54.419916665,30
18,56.386999997000004,30
19,63.000550004000004,30
20,51.154299997,30
21,31.179133336,30
22,30.899233334999998,30
23,21.954183335,30
00,22.171366665,01
01,24.525816668,01
02,29.739116668999998,01
03,28.763633332,01
04,27.651566667,01
05,24.475116669,01
06,25.200633333,01
07,23.879250005,01
08,22.373733333999997,01
09,24.187583333,01
10,23.515433332,01
11,40.736933332999996,01
12,26.866666665,01
13,25.693216665999998,01
14,25.975133338,01
15,28.663633338,01
16,75.007583332,01
17,61.981599998,01
18,69.603066666,01
19,63.165116666,01
20,74.60263333500001,01
21,67.123783333,01
22,102.252816662,01
23,47.501333332,01
00,106.043650001,02
01,106.387833331,02
02,58.277549998,02
03,35.749233331,02
04,32.996850001,02
05,29.585483335,02
06,29.297600002,02
07,36.308216669000004,02
08,32.424516667,02
09,28.047333331999997,02
10,29.454283335,02
11,41.188883333,02
12,33.594366667,02
13,51.489599995,02
14,76.462633335,02
15,48.595316666,02
16,72.9057,02
17,65.194983334,02
18,86.917766667,02
19,88.980349999,02
20,52.547416666000004,02
21,60.780083336,02
22,65.761783333,02
23,63.398699999,02
00,68.191949997,03
01,82.551816664,03
02,67.8783,03
03,30.305900002999998,03
04,31.771716669,03
05,31.785416668,03
06,30.240583331,03
07,31.823883334,03
08,30.037150002,03
09,30.114966665,03
10,26.692333335,03
11,59.272566667,03
12,45.730533331,03
13,64.064933337,03
14,27.510633333,03
15,47.109683333,03
16,39.899983334,03
17,28.855366667,03
18,32.034516667,03
19,32.763716668,03
20,23.387949998,03
21,39.672133335,03
22,72.345583331,03
23,64.368566667,03
00,62.703249999,04
01,76.998533333,04
02,97.892483331,04
03,111.9055,04
04,70.791133334,04
05,34.942299999,04
06,41.139749999,04
07,33.721483332,04
08,35.791133334,04
09,33.379350001,04
10,32.995116669,04
11,80.889416665,04
12,41.945466666,04
13,21.500816665,04
14,21.574433335,04
15,20.481016669,04
16,44.79745,04
17,35.761433329,04
18,18.396449999999998,04
19,24.915599998999998,04
20,21.367716663,04
21,35.579449999,04
22,47.044349998,04
23,52.103233335,04
00,44.50128333,05
01,59.442566666,05
02,75.032849997,05
03,85.022783328,05
04,20.8599,05
05,26.977933333,05
06,19.851016667,05
07,25.772766666,05
08,23.052283335,05
09,29.043250004,05
10,22.238916665999998,05
11,66.241183335,05
12,35.985699998,05
13,26.942483331,05
14,53.969450003,05
15,35.722716667,05
16,4.998749999999999,05
17,6.133333329999999,05
18,4.908350000999999,05
19,8.178166666,05
20,39.743650001,05
21,46.668650002,05
22,55.300766669,05
23,44.604099999,05
00,44.214150007,06
01,61.547533332,06
02,63.055150002,06
03,37.184633336,06
04,30.264699998999998,06
05,27.975416663999997,06
06,36.833133334,06
07,28.08045,06
08,31.0758,06
09,27.970500000999998,06
10,31.722383331,06
11,63.72133333,06
12,52.297516664,06
13,26.136916667999998,06
14,9.140933335999998,06
15,14.954150002999999,06
16,10.648433332,06
17,16.518233335999998,06
18,19.716283336,06
19,19.679599998,06
20,18.357233332,06
21,41.015083336,06
22,50.518366665,06
23,39.162116667,06
00,47.931683329,07
01,46.383383333,07
02,88.185216672,07
03,82.032099998,07
04,28.142150002,07
05,21.025966667,07
06,24.974783330999998,07
07,25.306333332999998,07
08,25.838850001,07
09,28.269383331,07
10,25.338100002,07
11,61.712866668,07
12,34.793683334,07
13,27.505249998,07
14,16.123483332,07
15,15.816083336,07
16,15.370099998999999,07
17,12.360733329999999,07
18,4.748333333,07
19,22.837049999999998,07
20,14.677050002,07
21,22.886766665,07
22,28.669300001,07
23,26.237266666,07
00,26.865683332,08
01,21.511349998,08
02,23.938866665,08
03,29.681166666,08
04,23.966316665999997,08
05,26.240533330999998,08
06,22.732866668,08
07,23.902950001,08
08,27.189166669,08
09,29.126800001,08
10,23.732900001,08
11,25.375216665,08
12,18.509483333,08
13,17.851400003,08
14,17.974683337,08
15,12.167666666999999,08
16,12.22581667,08
17,16.147399999,08
18,17.065783331,08
19,21.989316666,08
20,20.780916667,08
21,21.595150003,08
22,19.343250001999998,08
23,25.036000001999998,08
00,27.333116668,09
01,20.1721,09
02,21.63313334,09
03,23.065983333,09
04,23.665583334,09
05,37.371450004,09
06,23.763533332999998,09
07,23.073399998,09
08,20.029566662,09
09,23.712083336,09
10,29.173700002,09
11,19.540683334,09
12,22.012016668,09
13,26.032433335,09
14,19.32673333,09
15,43.370150005,09
16,82.637883336,09
17,51.285766669000004,09
18,38.179216665,09
19,39.005866665,09
20,54.632899998,09
21,41.290166664,09
22,90.387999998,09
23,50.474583333,09
00,113.371899997,10
01,92.242483333,10
02,46.288800001,10
03,60.827999998,10
04,25.449283336,10
05,28.929850001,10
06,23.154199999,10
07,23.097833331,10
08,32.559549998,10
09,31.417316665999998,10
10,51.252683331,10
11,36.013266662999996,10
12,56.737066669,10
13,57.669300000999996,10
14,98.311783334,10
15,43.87695,10
16,23.606249999,10
17,27.835399997,10
18,4.473216669999999,10
19,26.165583333999997,10
20,35.719316669,10
21,214.112549998,10
22,83.89741667,10
23,64.879233331,10
00,108.732266668,11
01,94.425750001,11
02,37.206616669,11
03,23.884933333,11
04,25.382483334,11
05,27.839016667,11
06,23.092033334,11
07,23.156333334,11
08,23.059199999,11
09,31.863066668,11
10,51.167283331,11
11,100.960550005,11
12,37.793616666,11
13,19.394133333,11
14,5.481266668,11
15,3.0707333319999996,11
16,3.8238166679999996,11
17,3.8440166659999995,11
18,8.929433331999999,11
19,18.493899997,11
20,15.514866667,11
21,21.256966666,11
22,42.555599999,11
23,30.161233334,11
00,29.936499995,12
01,29.379133333,12
02,57.497716669,12
03,55.016849997,12
04,28.940416671,12
05,26.77115,12
06,26.969866667999998,12
07,23.545733334999998,12
08,23.790416666,12
09,22.838666672,12
10,50.842783333999996,12
11,66.951233334,12
12,47.222466669,12
13,17.056316668,12
14,5.519299998999999,12
15,4.307333332,12
16,4.219233332999999,12
17,4.042749999999999,12
18,8.023599997999998,12
19,17.079466663999998,12
20,19.222383336,12
21,26.443133331,12
22,47.286416667,12
23,52.432350002999996,12
00,74.440716667,13
01,79.160349999,13
02,69.534983331,13
03,55.701850002,13
04,28.916249998999998,13
05,24.111033335,13
06,23.852516668,13
07,23.704350000999998,13
08,26.78636667,13
09,20.743116663,13
10,21.016499999,13
11,89.587616664,13
12,42.229100001999996,13
13,24.088449998999998,13
14,13.262816665999999,13
15,20.329033329999998,13
16,33.928800003,13
17,15.168700001,13
18,25.038350001,13
19,23.826149995999998,13
20,25.67271667,13
21,30.411033334,13
22,33.381683334,13
23,41.569583328,13
00,38.341233332,14
01,61.410483332,14
02,57.485816667,14
03,36.779600002,14
04,24.661249994,14
05,20.084549999,14
06,27.45095,14
07,24.193833333,14
08,22.978883336,14
09,30.937516663,14
10,49.898700002,14
11,52.303533334,14
12,45.316266669,14
13,21.9922,14
14,34.65085,14
15,23.021933332,14
16,14.486616668,14
17,2.0420833339999995,14
18,10.395633336,14
19,29.568233331,14
20,13.385,14
21,32.03275,14
22,44.279466665,14
23,48.652166667,14
00,58.371233332,15
01,49.364366663,15
02,53.43731667,15
03,35.131550002,15
04,29.699199999,15
05,33.728666663,15
06,25.125550001,15
07,31.949149998,15
08,37.74785,15
09,37.314083333,15
10,34.708133331,15
11,46.49693333,15
12,60.255550001,15
13,56.806950002,15
14,77.31756667,15
15,48.523566666,15
16,76.828750001,15
17,66.591,15
18,49.929749997,15
19,44.446449997,15
20,52.510450001,15
21,54.992833332,15
22,174.491349999,15
23,104.053683332,15
00,58.896633332,16
01,68.235550003,16
02,80.908899999,16
03,69.744283332,16
04,43.386133335,16
05,31.236349999999998,16
06,34.541366666,16
07,23.721866665,16
08,28.096450002,16
09,23.259433334,16
10,26.490416663999998,16
11,58.114766668,16
12,46.734099995,16
13,31.056433332,16
14,43.614183333,16
15,61.21665,16
16,41.667466667,16
17,21.367533331,16
18,29.627283335,16
19,22.396,16
20,39.605616665999996,16
21,48.122949999,16
22,68.173116666,16
23,72.990066668,16
00,62.222899999,17
01,58.651500002,17
02,49.751700003,17
03,25.696266667,17
04,23.855299998,17
05,23.514600002999998,17
06,27.639033334,17
07,22.707166667,17
08,22.97846667,17
09,23.162016665,17
10,28.127233332,17
11,22.177566667,17
12,27.384266669,17
13,35.27595,17
14,51.635783332,17
15,41.319516665,17
16,51.015416666,17
17,49.777116668,17
18,20.627733335,17
19,25.820316668,17
20,41.8557,17
21,58.873500004,17
22,63.12776667,17
23,44.713050002,17
00,81.906733332,18
01,94.40999999900001,18
02,63.197799999,18
03,58.904866665,18
04,42.992633333,18
05,39.063716667,18
06,34.114016668,18
07,37.564066664,18
08,39.409983336,18
09,40.902183335000004,18
10,49.777099998,18
11,63.564899999,18
12,49.571216664,18
13,22.692166667,18
14,39.599533335,18
15,43.696633332,18
16,30.535233334,18
17,13.1857,18
18,16.70765,18
19,53.362266663,18
20,87.827899997,18
21,103.520900002,18
22,77.71596666800001,18
23,53.888133331,18
00,57.068199998,19
01,55.934433335,19
02,61.713916669,19
03,32.775683332,19
04,37.016249999,19
05,35.018500006,19
06,40.160766666,19
07,24.892999999,19
08,22.252049997999997,19
09,33.430816669,19
10,21.908083336,19
11,55.338966665,19
12,45.733933336,19
13,17.046233332,19
14,21.417433331999998,19
15,28.883983336,19
16,37.665299997,19
17,2.2359833019999993,19
18,8.004216668,19
19,21.397566665,19
20,37.776933333,19
21,55.696816668,19
22,57.85765,19
23,54.712400003,19
00,78.826833333,20
01,85.616533332,20
02,56.834149999,20
03,32.175800001,20
04,27.654483328999998,20
05,24.182766668,20
06,30.237083334,20
07,26.996049998,20
08,24.841733330999997,20
09,28.061116672,20
10,27.315333331999998,20
11,60.829366667,20
12,44.553733331,20
13,46.023899998,20
14,39.617466664,20
15,19.465066666,20
16,33.313933335,20
17,34.310933336,20
18,57.601566665,20
19,63.994133330000004,20
20,46.077216667,20
21,30.488416667,20
22,51.516949998,20
23,42.848533334,20
00,39.755399998,21
01,57.002049999,21
02,74.303516667,21
03,30.287183331999998,21
04,23.100949997999997,21
05,23.065549996999998,21
06,19.734316667999998,21
07,20.457383334,21
08,22.106283334,21
09,27.354650001,21
10,21.891450002,21
11,48.058650001,21
12,39.054433334,21
13,40.144199999,21
14,27.649499999,21
15,33.890916669,21
16,31.525233335,21
17,32.99815,21
18,20.216949999999997,21
19,44.903566667999996,21
20,29.043266664,21
21,20.788099998,21
22,23.46095,21
23,25.116200001,21
00,28.740550001,22
01,56.871316667,22
02,51.257333335,22
03,22.926249998,22
04,26.144783334,22
05,25.285016665,22
06,23.184516669,22
07,30.286533334,22
08,26.429199998999998,22
09,20.318033331,22
10,25.706333333,22
11,40.550133339,22
12,63.024616668,22
13,49.593083331,22
14,48.407199996,22
15,30.1394,22
16,41.076483334,22
17,35.417466666,22
18,53.401483333,22
19,55.784066666,22
20,79.006850002,22
21,61.929433332,22
22,82.050216669,22
23,54.762499997,22
00,84.060766669,23
01,64.69765,23
02,37.9937,23
03,27.66235,23
04,31.775883334,23
05,27.908349997,23
06,34.959333330999996,23
07,34.621466665,23
08,51.582483331,23
09,41.192916665,23
10,53.319716671,23
11,43.251916664999996,23
12,62.2126,23
13,85.481699998,23
14,77.611883332,23
15,49.810750001,23
16,60.577833333,23
17,63.873300002,23
18,18.20395,23
19,13.544133337,23
20,20.313866668,23
21,42.932066666,23
22,73.114016663,23
23,58.778533336,23
00,63.855733331,24
01,92.536616665,24
02,62.523699997,24
03,27.787733331,24
04,38.844983333,24
05,23.077133332,24
06,26.633350002,24
07,33.449616663,24
08,22.586166669999997,24
09,26.245766666,24
10,42.294049996,24
11,33.446683334,24
12,26.50865,24
13,42.770849998,24
14,58.243783337,24
15,48.182616669,24
16,22.930933332,24
17,25.968983332,24
18,119.501116664,24
19,131.252733332,24
20,51.76205,24
21,47.417800004,24
22,67.021233337,24
23,81.010366668,24
00,75.614083334,25
01,70.548,25
02,53.588033331,25
03,56.90235,25
04,36.309650001,25
05,25.502583334,25
06,25.340799994999998,25
07,31.006066666,25
08,33.466450002,25
09,39.169550003,25
10,68.179033333,25
11,101.9058,25
12,82.698483331,25
13,54.765900001,25
14,7.4087166689999995,25
15,10.250583332,25
16,9.658166662,25
17,23.154183331,25
18,22.592033333,25
19,17.021916671,25
20,24.3366,25
21,41.843400002,25
22,54.006916665,25
23,56.421283332,25
00,60.535200004,26
01,70.836016669,26
02,69.9834,26
03,37.894999997,26
04,30.896400003,26
05,36.161783336,26
06,43.002866662,26
07,39.356850003,26
08,40.444283332,26
09,45.101999998000004,26
10,71.842966665,26
11,82.064750002,26
12,49.922216665,26
13,20.453266668999998,26
14,7.500983336999999,26
15,9.558933331999999,26
16,34.767583333,26
17,11.139349998,26
18,10.104133331,26
19,17.405050002,26
20,21.010249998,26
21,51.144633334,26
22,97.536333334,26
23,117.35829999799999,26
00,135.081866665,27
01,138.417716666,27
02,111.144799996,27
03,121.55349999799999,27
04,77.613733336,27
05,41.560133334,27
06,33.177850002,27
07,40.229633335,27
08,40.878233333,27
09,41.56995,27
10,71.034033329,27
11,79.134899998,27
12,55.347149998,27
13,31.657449997999997,27
14,52.849683333,27
15,52.770516669,27
16,69.008100001,27
17,55.236250002,27
18,62.774533332,27
19,77.048800001,27
20,87.983849999,27
21,45.651199997,27
22,38.077533333,27
23,40.23113333,27
00,33.734166666,28
01,32.428016663,28
02,26.342733334,28
03,19.918383335999998,28
04,29.89585,28
05,29.966350001,28
06,34.980766668,28
07,35.6175,28
08,36.045133335,28
09,32.304199998,28
10,54.048683337,28
11,38.247299999,28
12,21.596183335,28
13,23.938366671,28
14,21.293983329,28
15,22.259583337,28
16,17.663100002,28
17,20.458000002,28
18,17.956583335,28
19,24.912350001,28
20,29.736600001,28
21,39.158699998,28
22,46.936049997,28
23,41.256500002,28
00,40.329383334,29
01,42.210566665,29
02,37.58365,29
03,18.928649996,29
04,28.686983336,29
05,38.285416667999996,29
06,34.560933332,29
07,34.92803333,29
08,37.1304,29
09,33.870866665,29
10,38.145549998999996,29
11,39.749066663,29
12,43.030683334,29
13,36.467933335,29
14,20.268133330999998,29
15,13.377583330999999,29
16,13.470350002,29
17,15.840666661999999,29
18,24.3889,29
19,22.349350002999998,29
20,29.402533335999998,29
21,34.785966668,29
22,28.999599999999997,29
23,30.175800001,29
00,31.836899997,30
01,29.9087,30
02,24.489766666,30
03,21.722333331999998,30
04,21.525933332999998,30
05,21.218866668,30
06,17.617799998,30
07,22.561633331,30
08,21.751383331,30
09,26.705033334,30
10,20.684466667,30
11,36.667883333,30
12,42.321983332,30
13,28.427316666,30
14,15.924900001,30
15,12.265950000999998,30
16,13.176449996999999,30
17,8.266083332,30
18,16.103316669999998,30
19,20.516266663,30
20,23.278033334,30
21,28.249266663,30
22,45.51995,30
23,31.909983335,30
00,78.866950001,31
01,72.498000002,31
02,53.924283334,31
03,45.203816667,31
04,33.603499999,31
05,28.317866669,31
06,23.87801667,31
07,25.719866663999998,31
08,26.260949999999998,31
09,28.617683337,31
10,49.337666665,31
11,77.066733333,31
12,55.345799998,31
13,97.592550003,31
14,49.867833334,31
15,19.582000001,31
16,15.294066665999999,31
17,4.852516665999999,31
18,10.577433338999999,31
19,14.381649999,31
20,37.8338,31
21,53.14755,31
22,186.817716668,31
23,117.910699999,31
00,63.475466669,01
01,133.874516664,01
02,131.982800003,01
03,54.331133336,01
04,23.257850002999998,01
05,23.005799999999997,01
06,38.510416672,01
07,37.375616666999996,01
08,42.669266666,01
09,42.423983335,01
10,57.876600002,01
11,95.453483333,01
12,54.089399999,01
13,51.73051667,01
14,23.724616668,01
15,13.269766703,01
16,26.508733332,01
17,17.969966667,01
18,8.706899999,01
19,21.990999999,01
20,33.152066664,01
21,36.154100004,01
22,47.104083334,01
23,103.107366669,01
00,43.667566664,02
01,54.629683335,02
02,52.909216667,02
03,41.910283332,02
04,23.855966668,02
05,21.787416665,02
06,26.177333335,02
07,29.1788,02
08,32.555316665,02
09,25.542600001,02
10,60.0192,02
11,71.620766667,02
12,45.011966665,02
13,17.769866668,02
14,12.511083334999999,02
15,6.286383335999999,02
16,5.024099997999999,02
17,17.311133334,02
18,10.650216665999999,02
19,10.691250003999999,02
20,20.847616663,02
21,27.871716662999997,02
22,44.175849997,02
23,37.746850001,02
00,73.592600001,03
01,46.714833336,03
02,96.274499999,03
03,62.093933332,03
04,53.229483334,03
05,38.889316665,03
06,22.380666664,03
07,23.229033333,03
08,25.518116671,03
09,29.973883335,03
10,29.391216667,03
11,81.463416666,03
12,40.495133333,03
13,20.916366664999998,03
14,22.782933334,03
15,22.021299997,03
16,33.142716667,03
17,37.579183332,03
18,23.329083332,03
19,19.458883331,03
20,28.036916667,03
21,58.18893333,03
22,67.251616668,03
23,58.079316667,03
00,57.407433334000004,04
01,51.46045,04
02,46.300699998,04
03,31.430816667,04
04,24.485799995999997,04
05,25.101966667,04
06,24.602516666,04
07,20.349266666,04
08,24.450816667999998,04
09,28.650666669,04
10,63.307183337,04
11,69.239366665,04
12,53.785000003,04
13,52.897983335,04
14,56.654483335,04
15,11.018199999,04
16,8.967033335,04
17,28.017249998,04
18,11.465716667999999,04
19,16.346033333999998,04
20,19.207866668999998,04
21,32.701199998999996,04
22,39.654333335,04
23,50.607350002,04
00,50.681199997,05
01,48.122666666,05
02,36.852616667,05
03,18.685766667,05
04,25.997416668,05
05,26.01265,05
06,28.5729,05
07,36.431866664,05
08,33.387666669,05
09,41.039450002,05
10,33.120499996999996,05
11,59.698649999,05
12,69.816083333,05
13,42.479150001,05
14,34.268349998,05
15,72.992583327,05
16,106.253316667,05
17,181.246433331,05
18,39.523083333,05
19,106.530183333,05
20,151.65311666600002,05
21,109.031783334,05
22,86.740199998,05
23,35.970233332999996,05
00,38.608266667,06
01,33.036416665,06
02,62.951300003,06
03,37.684700000999996,06
04,24.461116668,06
05,33.05695,06
06,30.624750002,06
07,27.817966666,06
08,23.776033333,06
09,27.822550001,06
10,30.634183332,06
11,41.943050002,06
12,49.588749999,06
13,24.139283329,06
14,35.229233334999996,06
15,80.717683334,06
16,49.158300001,06
17,70.416166666,06
18,57.303816666,06
19,87.789049994,06
20,197.179516665,06
21,147.840616667,06
22,166.847399997,06
23,175.012550002,06
00,82.673716665,07
01,135.979633335,07
02,116.16331667,07
03,79.389599999,07
04,36.756566669,07
05,27.03875,07
06,26.507766660999998,07
07,36.45143333,07
08,46.072299997,07
09,42.790183335,07
10,57.622733331999996,07
11,72.468666667,07
12,75.156533333,07
13,54.705149999,07
14,4.892550001,07
15,10.763516667,07
16,6.153866668999999,07
17,5.036716663999999,07
18,6.838816666,07
19,10.194100000999999,07
20,19.931249999,07
21,55.037116665,07
22,63.319366662,07
23,29.686116667,07
00,31.183300004,08
01,33.489583335,08
02,65.229233333,08
03,57.959033332,08
04,60.888533333,08
05,41.398133332,08
06,37.814216668,08
07,40.400083336,08
08,43.789866667,08
09,38.203116668,08
10,53.912950001,08
11,57.529383333,08
12,78.233716664,08
13,36.222799998,08
14,18.8931,08
15,19.246933335,08
16,18.444266662,08
17,8.348299999,08
18,21.618650004,08
19,47.544183333,08
20,73.444266666,08
21,42.047949998,08
22,53.943533332,08
23,45.47031667,08
00,45.969016664,09
01,48.427916668,09
02,61.366583333,09
03,54.260883332,09
04,55.146233333,09
05,29.485649999,09
06,39.349783332,09
07,23.130066667999998,09
08,20.936216665,09
09,30.208733329,09
10,40.490483335,09
11,55.47106667,09
12,64.170033332,09
13,42.222833333,09
14,24.516683331,09
15,17.593449999,09
16,20.972233332,09
17,35.102083334,09
18,33.648166667,09
19,26.03335,09
20,24.302083331,09
21,47.83683333,09
22,69.499483335,09
23,72.244633334,09
00,71.293416673,10
01,87.476283333,10
02,70.4011,10
03,68.258133336,10
04,49.537466665,10
05,44.74965,10
06,21.166833333,10
07,30.320133335999998,10
08,33.997866669,10
09,41.260950001,10
10,55.162183331,10
11,59.111133334,10
12,64.102883337,10
13,41.00305,10
14,3.242700031,10
15,6.869999998999999,10
16,7.737883332999999,10
17,5.784816666999999,10
18,6.330116669,10
19,18.343,10
20,20.665266667,10
21,25.710666666999998,10
22,44.563050004,10
23,85.627266667,10
00,70.458416668,11
01,80.607249999,11
02,74.702250001,11
03,46.684133333,11
04,28.890733332,11
05,24.563900002,11
06,27.993033335,11
07,33.679066668,11
08,36.399883333,11
09,40.448883332,11
10,45.413233334,11
11,57.963333333,11
12,35.92251667,11
13,30.085433335,11
14,50.657849998,11
15,11.281933333,11
16,37.431733335,11
17,59.153849997,11
18,17.175766668999998,11
19,15.451533334999999,11
20,36.653249999,11
21,72.261983337,11
22,91.412633334,11
23,126.540016667,11
00,70.213950002,12
01,68.290033335,12
02,80.662250003,12
03,82.690066666,12
04,60.602966666,12
05,35.518716668,12
06,37.981566667,12
07,40.777466666,12
08,46.612166667,12
09,53.449283332,12
10,50.178516667,12
11,49.240583334,12
12,62.353883333,12
13,81.568099999,12
14,52.432250001,12
15,79.247083331,12
16,25.855883339,12
17,28.509750002,12
18,19.320566665999998,12
19,43.606533334,12
20,41.2831,12
21,67.845266669,12
22,101.642500004,12
23,109.19038333,12
00,81.472400002,13
01,71.188883331,13
02,72.330300003,13
03,39.144250000999996,13
04,19.775083328999997,13
05,33.288833329,13
06,36.14088333,13
07,35.12876667,13
08,41.482399999,13
09,36.639500003,13
10,36.234049999,13
11,43.293616664,13
12,47.184300001,13
13,70.852866666,13
14,98.961883336,13
15,42.952149999,13
16,58.263666668,13
17,40.975949999,13
18,9.891533333,13
19,26.032983331,13
20,21.661100004999998,13
21,60.775033333,13
22,58.500616668,13
23,41.698583331,13
00,50.27373333,14
01,60.476133328,14
02,35.400650001,14
03,39.64855,14
04,29.270349999,14
05,26.072483337,14
06,24.492666666,14
07,22.924599997999998,14
08,29.273333332,14
09,35.552,14
10,45.377716667,14
11,82.758200001,14
12,75.632700001,14
13,50.8925,14
14,19.088666664999998,14
15,16.671533332,14
16,23.053266663,14
17,15.073783333,14
18,38.98438333,14
19,20.924166666999998,14
20,37.754733332,14
21,53.229816666,14
22,48.028916666,14
23,173.406016667,14
00,84.3889,15
01,80.598383334,15
02,94.806950004,15
03,91.5983,15
04,47.820416664999996,15
05,34.015700002,15
06,34.609250001,15
07,24.372283331,15
08,33.162483331,15
09,36.066616664,15
10,31.051233334,15
11,61.482416666,15
12,80.605283333,15
13,40.375666668,15
14,27.734833332999997,15
15,26.370999999,15
16,26.006699998,15
17,55.387750003,15
18,33.486749994,15
19,37.805816669,15
20,42.166716669,15
21,48.596583335,15
22,53.651216666,15
23,86.9062,15
00,77.54656667,16
01,64.635883332,16
02,80.122816665,16
03,81.398266666,16
04,72.722466667,16
05,33.586633335,16
06,27.532516667,16
07,30.484983334,16
08,33.936850000999996,16
09,43.311766667,16
10,28.576766665,16
11,47.94693333,16
12,64.823249996,16
13,42.337333333,16
14,28.12041667,16
15,20.850866667,16
16,17.133866667,16
17,23.968483334,16
18,20.034299998999998,16
19,19.625999999999998,16
20,29.095999999,16
21,30.088733331,16
22,48.755749999,16
23,73.481033332,16
00,223.057666664,17
01,68.826883332,17
02,81.776499997,17
03,53.407716667,17
04,27.949849995999998,17
05,24.004783331,17
06,35.334599997,17
07,37.308366665,17
08,34.068683333,17
09,39.051766667,17
10,37.160166669,17
11,71.853349999,17
12,63.878849998999996,17
13,31.193249997,17
14,6.8340833299999995,17
15,15.874816669,17
16,9.185066668,17
17,8.970699996999999,17
18,5.641283335,17
19,6.425300002999999,17
20,17.213149998,17
21,21.644133334,17
22,34.831000001,17
23,53.116533332,17
00,43.874249999,18
01,91.528316668,18
02,94.782483333,18
03,45.674050002,18
04,27.028500001,18
05,25.265316667,18
06,32.061699999,18
07,41.753050001,18
08,38.14025,18
09,40.996500001,18
10,39.689433333,18
11,64.075866667,18
12,66.831666665,18
13,43.981199996,18
14,5.1297499989999995,18
15,3.777600000999999,18
16,12.566666667,18
17,10.871816667,18
18,13.768366668,18
19,19.23605,18
20,28.359316667999998,18
21,54.18665,18
22,82.612783334,18
23,83.792799997,18
00,63.615099999,19
01,55.011333336999996,19
02,62.417583334,19
03,51.374399997,19
04,28.050049999,19
05,34.254366665,19
06,36.928966665,19
07,28.309999999,19
08,25.863499997999998,19
09,28.331833334,19
10,30.466016667999998,19
11,30.743266667,19
12,49.679016668,19
13,71.406400001,19
14,48.906850004,19
15,38.703700001,19
16,17.582316667999997,19
17,19.015483333,19
18,3.7220166649999995,19
19,8.264600001,19
20,23.591466665,19
21,28.724916667,19
22,57.028416667,19
23,58.762816667,19
00,84.851083336,20
01,67.339033336,20
02,76.707699999,20
03,64.354649998,20
04,45.182283332,20
05,36.717500001,20
06,27.202966666,20
07,26.989533332999997,20
08,25.717366664,20
09,22.161666666,20
10,23.825616668,20
11,23.161183336,20
12,40.288699999,20
13,78.44209999899999,20
14,66.024016669,20
15,42.614749999,20
16,40.355550003,20
17,26.919766664,20
18,28.130016667,20
19,37.212700001,20
20,79.588316667,20
21,73.645999996,20
22,74.85109999699999,20
23,122.328733333,20
00,121.617149998,21
01,115.827316665,21
02,86.950899999,21
03,66.600699996,21
04,87.74070000100001,21
05,39.474516668999996,21
06,45.327166664,21
07,44.479999998,21
08,49.731816666,21
09,52.948616665,21
10,52.334433336,21
11,73.97836666799999,21
12,64.903183332,21
13,53.587883333,21
14,77.084550002,21
15,61.389916668,21
16,69.15445,21
17,91.032600001,21
18,92.516616666,21
19,84.246933334,21
20,57.659916666,21
21,76.330583332,21
22,85.619616666,21
23,90.9327,21
00,90.412066666,22
01,80.551416665,22
02,87.865033334,22
03,54.343516666,22
04,60.4375,22
05,60.431950002,22
06,63.040150001,22
07,63.202099996,22
08,73.344283334,22
09,67.812616666,22
10,57.334016668000004,22
11,86.445283336,22
12,93.339,22
13,53.866283333,22
14,11.129233331999998,22
15,28.442099997,22
16,27.290816666,22
17,13.411566666999999,22
18,11.082516666,22
19,19.498866669999998,22
20,27.750783331,22
21,54.71716667,22
22,82.406449999,22
23,110.081266664,22
00,89.988183328,23
01,112.806633332,23
02,100.58411666800001,23
03,36.653149997999996,23
04,34.366933333,23
05,39.241466666,23
06,41.773433332,23
07,47.66375,23
08,50.584316666,23
09,44.942700004,23
10,48.194783334,23
11,68.440683335,23
12,89.810933335,23
13,57.099200003,23
14,6.872816662999999,23
15,17.910066664,23
16,11.222250000999999,23
17,8.307566667,23
18,9.897783334,23
19,16.014083335,23
20,23.58723333,23
21,42.661750003,23
22,59.633150003,23
23,81.903449998,23
00,77.778549999,24
01,89.5649,24
02,75.066216669,24
03,42.487116665,24
04,20.553483336,24
05,30.130566667,24
06,34.457599997,24
07,43.021333334,24
08,37.302500002,24
09,38.7966,24
10,48.078633336,24
11,90.517300003,24
12,121.955116665,24
13,140.329433333,24
14,184.449450001,24
15,168.391233332,24
16,111.257766668,24
17,145.00618333100002,24
18,171.528916666,24
19,112.816733333,24
20,64.833016663,24
21,94.763950002,24
22,155.075500002,24
23,120.52998333400001,24
00,123.498783336,25
01,119.99893333200001,25
02,67.5285,25
03,54.967283335,25
04,38.889216667999996,25
05,36.019966665,25
06,33.212866669,25
07,41.234399999,25
08,40.550449998,25
09,45.034983331999996,25
10,40.421033335,25
11,68.437966666,25
12,53.832083331999996,25
13,106.836533334,25
14,91.529216666,25
15,40.806283330999996,25
16,52.478900001,25
17,95.394433336,25
18,63.883233331,25
19,40.626000005,25
20,72.973649998,25
21,104.401000001,25
22,112.548799998,25
23,92.774499998,25
00,103.889083332,26
01,130.862499998,26
02,101.293816664,26
03,36.8466,26
04,32.548149998999996,26
05,36.979899998,26
06,36.211766666,26
07,35.665749997,26
08,39.021583334,26
09,38.648966669,26
10,34.723633333,26
11,40.464733331,26
12,49.306816669,26
13,46.063016665,26
14,40.202583333,26
15,74.674033333,26
16,61.385549998,26
17,52.698516669,26
18,58.164033331,26
19,23.861333333,26
20,25.438466666,26
21,34.608100002,26
22,49.912950003,26
23,57.510333334,26
00,58.483483336,27
01,41.556883332,27
02,43.293133334,27
03,46.944633333,27
04,41.576716667,27
05,32.673049996,27
06,38.135583333,27
07,38.079266672,27
08,38.967199997,27
09,38.739233339,27
10,46.178750002,27
11,45.425666667,27
12,49.104350002,27
13,56.511616667,27
14,30.219950001,27
15,38.719483335,27
16,46.777266667,27
17,50.325000004,27
18,99.524683335,27
19,67.841216666,27
20,91.115866671,27
21,127.365300002,27
22,107.888650002,27
23,75.540233333,27
00,77.105333336,28
01,76.99934999999999,28
02,56.815233334,28
03,73.956316665,28
04,73.768333334,28
05,64.703466667,28
06,29.935949998999998,28
07,41.729016666,28
08,46.262316664,28
09,39.89643333,28
10,47.494766666,28
11,67.891133334,28
12,46.414683333,28
13,39.548483335,28
14,8.755516668,28
15,9.646200003999999,28
16,19.257699999,28
17,9.935416667,28
18,11.085116664,28
19,29.667383335,28
20,40.421599999,28
21,67.084133334,28
22,78.655400005,28
23,81.287816666,28
00,73.1477,29
01,96.54255,29
02,76.333666666,29
03,38.948716665,29
04,24.417366666,29
05,27.775450004,29
06,34.023283332,29
07,30.774333337,29
08,39.843716666,29
09,41.979516667,29
10,42.819800002,29
11,63.651616669,29
12,44.075449997999996,29
13,58.872516665,29
14,75.955166667,29
15,57.263583333,29
16,35.24126667,29
17,38.414633334,29
18,53.513199996,29
19,111.440916665,29
20,137.769466667,29
21,95.945266669,29
22,95.39920000000001,29
23,83.765666673,29
00,60.996066668,30
01,53.223449997,30
02,54.614616669,30
03,82.830299997,30
04,69.520883335,30
05,38.754016667,30
06,27.927200002,30
07,20.306583334,30
08,23.018016665,30
09,24.396166667,30
10,36.725583330999996,30
11,54.387000003,30
12,88.103733337,30
13,39.158650002,30
14,40.83965,30
15,34.875233337,30
16,22.91085,30
17,30.287783334,30
18,22.398883334,30
19,23.436416664,30
20,24.069016666,30
21,45.538266669,30
22,60.249683334000004,30
23,102.8361,30
00,52.828016667,01
01,66.157666668,01
02,73.07715,01
03,60.106099998,01
04,28.329266668,01
05,39.131083333,01
06,22.830683332,01
07,26.9569,01
08,28.923183332,01
09,33.162083335,01
10,39.187333336,01
11,56.967683335,01
12,72.709049999,01
13,44.191266666,01
14,22.737450003,01
15,43.556383334,01
16,55.006649999,01
17,35.621849999,01
18,39.843149998,01
19,41.625716667,01
20,49.977550002,01
21,49.507783334,01
22,61.465600001,01
23,59.705016666,01
00,54.960249998,02
01,60.409733332,02
02,68.495733332,02
03,59.419399998,02
04,44.008233333999996,02
05,40.276399998,02
06,43.299883333,02
07,36.508466666,02
08,39.675800001,02
09,40.5116,02
10,44.029666666,02
11,70.773399999,02
12,69.745533332,02
13,42.851149999,02
14,25.144249996,02
15,19.46648333,02
16,8.437016668,02
17,25.273216664,02
18,41.35781667,02
19,40.204733334,02
20,28.335250004,02
21,71.734933334,02
22,72.549250002,02
23,81.972,02
00,66.239349999,03
01,61.228400001000004,03
02,34.602433333,03
03,32.449783329,03
04,29.904799999999998,03
05,34.376950001,03
06,36.653816666,03
07,45.432633328,03
08,47.388450004999996,03
09,45.904566665,03
10,44.068083332,03
11,41.568299999,03
12,47.526933331,03
13,49.883283331,03
14,34.581466662,03
15,33.496949999,03
16,33.879266666,03
17,40.139366665,03
18,35.270383332,03
19,37.098066663,03
20,44.203366667,03
21,46.294150003,03
22,40.665600002,03
23,51.622033334,03
00,48.831133336,04
01,44.215616672,04
02,41.363466666,04
03,43.234516667,04
04,29.471566662999997,04
05,32.224433335,04
06,41.581816665,04
07,44.856516666,04
08,41.307916669,04
09,46.225583334,04
10,43.367066665,04
11,43.037533336,04
12,52.385200001,04
13,50.613566666,04
14,28.64825,04
15,22.633666669,04
16,11.680116667,04
17,9.646600002,04
18,29.520816667,04
19,88.54005,04
20,47.727200001,04
21,89.973799998,04
22,95.42985,04
23,95.546316666,04
00,81.009283331,05
01,65.710649999,05
02,110.693566669,05
03,94.843683334,05
04,37.064816668,05
05,30.679950003,05
06,34.172866668,05
07,34.183416668999996,05
08,39.804566666,05
09,42.254866667,05
10,47.1288,05
11,69.386550003,05
12,60.182600002,05
13,66.564466668,05
14,72.214866668,05
15,63.763616667,05
16,84.201299999,05
17,97.630733334,05
18,75.46090000299999,05
19,120.168216664,05
20,105.415183335,05
21,205.421316668,05
22,160.582549997,05
23,186.275116667,05
00,146.06925,06
01,109.47765,06
02,103.325566665,06
03,61.281483333,06
04,56.291716665,06
05,39.81351667,06
06,45.792483335,06
07,37.070483331,06
08,46.717083333,06
09,39.773833332,06
10,47.248249996,06
11,66.251333332,06
12,85.795483331,06
13,57.0502,06
14,19.422616667,06
15,14.647116665,06
16,20.146316665,06
17,31.49873333,06
18,70.323600001,06
19,74.146233332,06
20,61.15701667,06
21,46.124500003,06
22,49.348449999,06
23,55.409283332,06
00,64.956016667,07
01,67.439733332,07
02,70.974566669,07
03,39.937783334,07
04,26.039800001,07
05,32.53996667,07
06,40.09186667,07
07,41.004166667,07
08,45.051083334,07
09,44.972983329,07
10,41.262499999,07
11,64.4589,07
12,60.459333335000004,07
13,55.75755,07
14,25.627000002,07
15,34.233216666,07
16,36.897783335999996,07
17,35.941166668,07
18,32.942866666,07
19,32.212000001999996,07
20,39.828316664,07
21,49.323533332,07
22,58.334816665,07
23,52.042166664999996,07
00,70.359666668,08
01,84.085750001,08
02,77.930183334,08
03,54.722650001,08
04,40.4461,08
05,32.76528333,08
06,31.934200003,08
07,41.350899999,08
08,42.644550001,08
09,40.892283332,08
10,45.050666671,08
11,66.248083331,08
12,48.780450001,08
13,34.701466669,08
14,17.80508333,08
15,56.527616668,08
16,85.046533333,08
17,94.683016669,08
18,73.791499999,08
19,60.666666664,08
20,60.218799997,08
21,79.240349996,08
22,104.226933335,08
23,85.053133329,08
00,75.588083334,09
01,100.330633332,09
02,74.290350003,09
03,52.421249999,09
04,68.822650001,09
05,44.051233334,09
06,45.961433335,09
07,50.447650001,09
08,50.370316664,09
09,52.150833332,09
10,59.530583335,09
11,76.786100001,09
12,63.148350001,09
13,38.486516666,09
14,11.899016665,09
15,29.682766662,09
16,37.47136667,09
17,28.458200005,09
18,26.124133334,09
19,62.141183333,09
20,84.190866666,09
21,92.492499999,09
22,88.9654,09
23,85.645383334,09
00,90.228666668,10
01,87.087166666,10
02,82.928633331,10
03,44.269566667,10
04,52.744533331,10
05,38.045083336,10
06,49.545583330999996,10
07,53.157199999,10
08,55.222033336,10
09,58.031066668,10
10,53.401383333,10
11,57.66511667,10
12,63.744400002,10
13,74.109166663,10
14,64.53655,10
15,41.259783333,10
16,30.400649999,10
17,31.102166668,10
18,16.256000002,10
19,27.078249998,10
20,46.434566668,10
21,77.788516665,10
22,84.186233333,10
23,59.095616667,10
00,51.244966665,11
01,75.903933333,11
02,85.838333332,11
03,75.756916665,11
04,81.357833332,11
05,75.445833333,11
06,59.44978333,11
07,59.47633333,11
08,53.053566667,11
09,59.485999999,11
10,54.724700001,11
11,57.630450001,11
12,67.110516668,11
13,67.867033332,11
14,39.075299998,11
15,36.291550005,11
16,33.617199995,11
17,41.560899997,11
18,35.68875,11
19,37.361316666,11
20,48.598316665,11
21,93.042316668,11
22,108.189749996,11
23,107.273366667,11
00,100.560250004,12
01,92.178633336,12
02,88.490549999,12
03,61.736316665,12
04,57.550316665,12
05,47.516483336,12
06,50.007616668,12
07,49.2665,12
08,51.683249999,12
09,50.184483334,12
10,55.668716669,12
11,77.071516668,12
12,56.094866665,12
13,40.796616669,12
14,37.696083335,12
15,82.198133334,12
16,37.7378,12
17,43.078300004,12
18,35.390166667,12
19,49.199983336,12
20,33.799333337,12
21,145.876783335,12
22,141.45185,12
23,132.600466664,12
00,83.439383336,13
01,79.165283332,13
02,75.983433334,13
03,107.631399999,13
04,65.504183332,13
05,22.083116667,13
06,38.111366667,13
07,49.199216667,13
08,46.454833336,13
09,53.316250001,13
10,42.566383334,13
11,62.024816665,13
12,76.52075,13
13,35.441383336,13
14,21.635249999,13
15,20.041383334,13
16,18.061883333,13
17,20.109349998,13
18,18.269049995,13
19,23.817400001,13
20,25.526449996,13
21,49.48305,13
22,51.226633336,13
23,47.795866669,13
00,46.246033334,14
01,47.253216664,14
02,52.162033336,14
03,50.444066666,14
04,56.670716669,14
05,33.255733335,14
06,38.424566665,14
07,43.883166667,14
08,45.33435,14
09,55.525949999,14
10,46.091183335,14
11,58.800499998,14
12,73.876433332,14
13,42.637433336,14
14,26.650233334,14
15,23.1463,14
16,19.292666668,14
17,24.023333331,14
18,13.221716665999999,14
19,18.524483333,14
20,23.462766668,14
21,44.886933332,14
22,55.220433329,14
23,87.815999997,14
00,139.705399998,15
01,96.195599998,15
02,98.016733332,15
03,55.278599998,15
04,65.941283333,15
05,81.251866664,15
06,79.028266668,15
07,49.549983334,15
08,53.545300002,15
09,54.922516667,15
10,53.038633333,15
11,66.677833333,15
12,75.015999998,15
13,55.829416665,15
14,39.740300003,15
15,48.4454,15
16,44.207383338,15
17,33.056183335,15
18,35.555999999,15
19,26.660416666,15
20,46.618866669,15
21,71.948883329,15
22,72.615649999,15
23,65.819916661,15
00,76.595083328,16
01,75.613833333,16
02,66.021450001,16
03,53.221449999,16
